recess.intercept,recess.slope,ID,flood,r2.recess,n.recess,flood.start,flood.end,flood.recovered,duration,rise.intercept,rise.slope,r2.rise,n.rise,peak.Date,maximum,base,variable
1.5701833828682088,-0.0013242017178388074,AM,1,0.9541170567188499,36,2022-07-10,2022-10-05,TRUE,87,0.8292871554364053,1.7691116654692878e-4,0.051099244274012794,57,2022-09-02T23:00:00Z,1.473490983133464,0.43465319544839653,depth
1.6826031661420062,-8.529623613840886e-4,AM,2,0.851476743350386,74,2023-01-16,2023-04-30,TRUE,104,1.8254622410194703,0.0018700998064533172,0.8526116460445936,40,2023-02-21T22:00:00Z,2.1904164330257387,0.28551150804316994,depth
1.380695218514343,-8.789213144648781e-4,AM,3,0.5998447610281901,48,2023-06-01,2023-08-15,FALSE,75,1.8325533601699102,0.004964537228297697,0.9816638218630075,15,2023-06-28T17:00:00Z,1.7295611527169592,0.28406643600038717,depth
1.1198789357022085,-5.044334072973007e-4,AM,4,0.6299635283543799,57,2023-08-15,2023-10-04,TRUE,50,1.50381126929629,0.005744711333587225,0.9157201596564043,11,2023-09-06T11:00:00Z,1.393637305415095,0.5145204259953368,depth
2.130495143472189,-6.53481118952339e-4,AM,5,0.7036739699535679,50,2023-11-29,2024-03-09,FALSE,101,2.6613225438393995,0.00170777034096812,0.8104590107973179,55,2024-01-19T15:00:00Z,2.3472117455381043,0.3353790797523438,depth
3.474835455625427,-0.0014241140352966018,AM,6,0.6561005797227648,79,2024-03-09,2024-07-10,FALSE,123,3.565645191067824,0.0021635844560682835,0.842106441975508,44,2024-04-21T23:00:00Z,4.100246481620193,0.3353790797523438,depth
1.5308535088143669,-6.423689540200115e-4,AM,7,0.26131977573008947,58,2024-07-10,2024-10-06,FALSE,88,1.7275397486015616,0.0015997040518648182,0.5219526274842445,28,2024-08-09T07:00:00Z,2.3869847093635204,0.3353790797523438,depth
0.742424705447995,-1.1167036575319153e-4,GB,1,0.628200010036431,115,2022-08-22,2022-10-14,TRUE,53,1.0051802827088974,8.173735182553074e-4,0.8634624807718301,29,2022-09-14T21:00:00Z,1.0381381038302273,0.5030205584330552,depth
0.7409041322287542,-1.505141660724731e-4,GB,2,0.8307503357707077,89,2023-07-05,2023-09-19,TRUE,76,0.6511452467049643,1.3583611473177255e-4,0.27290363462799594,46,2023-08-07T03:00:00Z,0.9014577952218347,0.4655120726021964,depth
0.8312246675700489,-1.9798169354310867e-4,GB,3,0.1438698739952401,59,2023-12-11,2024-04-29,TRUE,140,1.021654135712931,0.0013964965545666891,0.4857242276386294,24,2023-12-23T14:00:00Z,1.2163749472031364,0.5038560955776388,depth
0.8622365916599898,-5.789944785683165e-4,GB,7,0.8331170388745333,4,2022-04-01,2022-04-05,TRUE,4,0.8706823991760991,-0.0025529180248656026,0.9948254060504417,2,NA,NA,0.8319096212520191,depth
1.8110327798629207,-4.071101433849145e-4,ID,1,0.6193752573089766,128,2022-08-17,2022-11-11,TRUE,86,2.7463804634084594,0.0021804341687255246,0.8367767175485773,33,2022-09-17T09:00:00Z,2.6151114011616916,0.8319096212520191,depth
2.371937654555313,-9.001857337631058e-4,ID,2,0.9199884019277726,68,2023-01-29,2023-04-23,TRUE,84,2.6155559498846137,0.0033880623267825757,0.9180891006910282,31,2023-02-24T02:00:00Z,2.6533494032258464,0.9215526403336065,depth
1.9240728262148417,-2.808619895808734e-4,ID,3,0.6267446422287359,153,2023-06-14,2023-11-07,TRUE,146,2.360502485580714,0.004054048942110004,0.9565153320962839,20,2023-07-01T14:00:00Z,2.277047312430359,0.8884981484599297,depth
3.008728481999862,-5.051458306272918e-4,ID,4,0.6429073134753287,57,2023-12-06,2024-03-18,FALSE,103,3.6162036075935347,0.0020189082230599297,0.7931146438358635,52,2024-01-21T01:00:00Z,3.1868129963939134,0.9486324226483609,depth
4.058988672679789,-0.0016223552700833014,ID,5,0.5410384760473053,32,2024-03-18,2024-05-26,FALSE,69,4.134252857807327,0.0018538336517378514,0.8945010796481274,38,2024-04-24T11:00:00Z,4.354179716939044,0.9486324226483609,depth
3.398675257823424,-0.00167186233919673,ID,6,0.7502361250510158,70,2024-05-26,2024-06-24,TRUE,29,3.829783301912645,0.0020693352810106005,0.9455996369221011,4,2024-05-29T18:00:00Z,3.7896210075673955,1.5371136377480847,depth
2.044758705528993,-3.9450898745976056e-4,IU,1,0.4830195020699209,78,2022-08-31,2022-10-02,TRUE,32,2.7179470117067166,0.002566378602787875,0.9653339768244169,23,2022-09-17T22:00:00Z,2.7687499999999994,1.4968887864279252,depth
2.463155584734531,-0.0019314075070654023,IU,2,0.7508931505209266,30,2023-02-10,2023-03-15,TRUE,33,2.4796509818993737,0.0031506994289441826,0.7180794081366111,22,2023-02-24T04:00:00Z,2.8262499999999995,1.43483981206839,depth
4.229162246265799,-0.001917534911140712,IU,3,0.7756555216638976,47,2023-12-17,2024-03-08,FALSE,82,4.68532046893269,0.002466264827887854,0.46005329699401915,38,2024-01-21T07:00:00Z,4.601666666666666,1.4323615902703746,depth
7.224738160848217,-0.0029789271539511397,IU,4,0.45851464054604985,63,2024-03-08,2024-06-21,TRUE,105,7.647809445422476,0.005448479491159351,0.880503992880776,48,2024-04-24T18:00:00Z,8.87875,1.7018094824851158,depth
1.0487889515883857,-0.001100542384835558,LF,1,0.8798399668710531,22,2022-08-31,2022-10-03,TRUE,33,1.1016306271770322,0.0011301971923121615,0.9322888424423993,23,2022-09-17T16:00:00Z,0.9912897130005371,0.5364730183620955,depth
0.939792802293362,-3.836801498972232e-4,LF,2,0.895238145479713,77,2023-02-02,2023-05-01,TRUE,88,1.006426148433687,0.0013093556348536977,0.9226999070274721,27,2023-02-24T06:00:00Z,1.068653594307476,0.29199011375479594,depth
0.7363155849735364,-2.45665321042403e-4,LF,3,0.4421140007073129,49,2023-06-17,2023-08-21,FALSE,65,0.9590058025611405,0.0014649674603202855,0.9562712736720266,19,2023-07-03T17:00:00Z,0.9153414146107984,0.32485298075985253,depth
1.6354305213816727,-8.070491143690046e-4,LF,4,0.9229373307128309,73,2022-04-01,2022-05-29,TRUE,58,1.59229584903324,3.362206081584811e-4,0.8963525554730026,2,2023-08-31T05:00:00Z,0.7402599235439862,0.44060790635968944,depth
1.243772652996311,-2.98813387317785e-4,LF,5,0.7424050988159405,50,2023-12-08,2024-03-15,FALSE,98,1.5616657309563327,8.974407672287186e-4,0.7708262565457827,53,2024-01-25T14:00:00Z,1.3389618442708064,0.3171127827363935,depth
1.946559984570265,-7.287994358714064e-4,LF,6,0.7343445938620589,78,2024-03-15,2024-07-13,FALSE,120,1.926830419231664,9.944737604519328e-4,0.9032658059652484,43,2024-04-26T10:00:00Z,2.0874565253751207,0.3171127827363935,depth
2.051009074681508,-0.0010140186433371164,LF,7,0.8417403719036384,50,2024-07-13,2024-10-06,FALSE,85,1.8795657779423576,0.0021096107013318026,0.7846108433650083,34,2024-08-17T00:00:00Z,2.1546154864729203,0.3171127827363935,depth
1.658326170551484,-0.0013144002953218495,OS,1,0.921718385418721,23,2022-08-30,2022-10-04,TRUE,35,1.3743714479705391,2.551630041213539e-4,0.3260803819568839,65,2022-09-17T23:00:00Z,1.5860157222187476,0.979041056420052,depth
1.5203103953710404,-5.098321814039846e-4,OS,2,0.897538407730259,70,2023-02-06,2023-04-16,TRUE,69,1.6094071637781018,0.0016130222810036704,0.9285694893868851,27,2023-02-24T11:00:00Z,1.6701980429025638,0.7469263899055124,depth
1.1340662631052247,-8.815672151020429e-5,OS,3,0.2081306823645118,124,2023-06-17,2023-07-22,TRUE,35,1.533769403030613,0.001962957116289293,0.9674464596902346,21,2023-07-03T08:00:00Z,1.469791132087059,0.7997396351821984,depth
1.8369209646051412,-3.09589206967476e-4,OS,4,0.6409759669037615,53,2023-12-09,2024-03-18,FALSE,100,2.1913832606967683,9.354751294630418e-4,0.7783166064405439,54,2024-01-25T03:00:00Z,1.971792716672185,0.8319096212520191,depth
2.6411788352911914,-8.032353156950862e-4,OS,5,0.7225964663673062,78,2024-03-18,2024-07-13,FALSE,117,2.6521624137055886,0.0012052996035633026,0.9081893549836914,40,2024-04-26T06:00:00Z,2.8065265444808665,0.8319096212520191,depth
2.015926166827305,-5.338254962521125e-4,OS,6,0.808046874039623,56,2024-07-13,2024-10-06,FALSE,85,1.7280338661463883,9.839592895351504e-4,0.4789763555849329,29,2024-08-11T05:00:00Z,2.1605190690385374,0.8319096212520191,depth
1.6987952881901571,-5.214742944853885e-4,OS,7,0.9023196796815925,84,2022-04-01,2022-06-06,TRUE,66,1.8015700769448035,8.944025251309661e-5,0.1009719047589554,12,NA,NA,0.8319096212520191,depth
NA,NA,IU,6,NA,NA,NA,2022-08-22,FALSE,NA,NA,NA,NA,NA,NA,NA,NA,depth
NA,NA,LF,NA,NA,NA,NA,NA,NA,NA,NA,NA,NA,NA,2022-04-02T15:00:00Z,1.5839360812163463,NA,depth
NA,NA,OS,NA,NA,NA,NA,NA,NA,NA,NA,NA,NA,NA,2022-04-12T09:00:00Z,1.8290500983219924,NA,depth
NA,NA,AM,NA,NA,NA,NA,NA,NA,NA,NA,NA,NA,NA,2024-02-24T19:00:00Z,1.7877699069868898,NA,depth
NA,NA,IU,NA,NA,NA,NA,NA,NA,NA,NA,NA,NA,NA,2024-02-26T11:00:00Z,2.9547222222222222,NA,depth
NA,NA,ID,NA,NA,NA,NA,NA,NA,NA,NA,NA,NA,NA,2024-05-24T11:00:00Z,3.481722189625795,NA,depth
NA,NA,GB,NA,NA,NA,NA,NA,NA,NA,NA,NA,NA,NA,2024-08-08T16:00:00Z,1.6955754215845589,NA,depth
