Date,ID,flood,conc,loess,base,variable
2023-04-24,AM,2,18.672992025452764,16.653010444727265,16.414329829144997,ER
2023-04-25,AM,2,15.232951107643876,17.16157662805029,16.414329829144997,ER
2023-04-26,AM,2,15.629018691316558,17.602391339827303,16.414329829144997,ER
2023-04-27,AM,2,16.09065263247982,17.963806085827105,16.414329829144997,ER
2023-04-28,AM,2,16.511109960254032,18.234172371818527,16.414329829144997,ER
2023-04-29,AM,2,17.780745581198605,18.401841703570373,16.414329829144997,ER
2023-04-30,AM,2,24.141379814420553,18.51798826226183,16.414329829144997,ER
2023-05-01,AM,2,21.216740907593483,18.629267882211124,16.414329829144997,ER
2023-05-04,AM,2,18.252819551410916,18.74964496438013,16.414329829144997,ER
2023-05-05,AM,2,18.466366173882143,18.657196684134853,16.414329829144997,ER
2023-05-06,AM,2,18.39461548003923,18.43804424463616,16.414329829144997,ER
2023-05-07,AM,2,18.33455088542479,18.09942866214427,16.414329829144997,ER
2023-05-08,AM,2,20.35609582911686,17.705985190158252,16.414329829144997,ER
2023-05-09,AM,2,19.435429082340494,17.322349082177176,16.414329829144997,ER
2023-05-10,AM,2,15.326304579575195,16.841734103898183,16.414329829144997,ER
2023-05-11,AM,2,12.83430562037209,16.164896897384725,16.414329829144997,ER
2023-06-05,AM,3,20.2808170616956,19.297414804648625,15.965160092392107,ER
2023-06-06,AM,3,20.94190279319876,19.71190556259816,15.965160092392107,ER
2023-06-07,AM,3,18.194182140233195,20.02503863273912,15.965160092392107,ER
2023-06-08,AM,3,17.718428948309995,20.18455270415106,15.965160092392107,ER
2023-06-09,AM,3,18.391024932906213,20.238475096516762,15.965160092392107,ER
2023-06-10,AM,3,19.730180300705904,20.1521970320914,15.965160092392107,ER
2023-06-11,AM,3,20.519800399975,20.024645844078492,15.965160092392107,ER
2023-06-12,AM,3,19.271710942737737,19.867140524720586,15.965160092392107,ER
2023-06-13,AM,3,19.71500970902303,19.372053105514418,15.965160092392107,ER
2023-06-14,AM,3,19.61320690928569,18.386501568958757,15.965160092392107,ER
2023-11-12,AM,4,17.71630852356926,17.05785263539419,13.751675539541882,ER
2023-11-13,AM,4,17.896580111936252,17.8933933310214,13.751675539541882,ER
2023-11-14,AM,4,18.72760048509364,18.77901295225796,13.751675539541882,ER
2023-11-15,AM,4,19.90793653254821,19.712195262528496,13.751675539541882,ER
2023-11-16,AM,4,20.10121762113969,20.693447039265635,13.751675539541882,ER
2022-08-17,GB,1,17.96478059069961,17.697438275851017,13.364430745643864,ER
2022-08-18,GB,1,16.366292367691837,17.75470229586677,13.364430745643864,ER
2022-08-19,GB,1,18.853370546979356,17.82369016079436,13.364430745643864,ER
2022-08-20,GB,1,18.503354021515023,17.904741792861472,13.364430745643864,ER
2022-08-21,GB,1,17.296148442394454,17.99733265894757,13.364430745643864,ER
2022-08-22,GB,1,17.946189276726336,18.10188106980049,13.364430745643864,ER
2022-08-23,GB,1,18.75761058448826,18.221290486034142,13.364430745643864,ER
2022-08-24,GB,1,18.33625814563056,18.355702047465435,13.364430745643864,ER
2022-08-26,GB,1,18.415477969743968,18.654630924130352,13.364430745643864,ER
2022-08-27,GB,1,20.466163270253773,18.825007306785647,13.364430745643864,ER
2022-08-28,GB,1,21.351986166740783,19.01319453132559,13.364430745643864,ER
2022-08-29,GB,1,14.324789359892714,19.202103270068,13.364430745643864,ER
2022-08-30,GB,1,17.276194257241173,19.415894153265665,13.364430745643864,ER
2022-08-31,GB,1,19.125220291948537,19.656547005021075,13.364430745643864,ER
2022-09-01,GB,1,21.33911300327706,19.873701288426652,13.364430745643864,ER
2022-09-02,GB,1,21.325123620727563,19.992266617842468,13.364430745643864,ER
2022-09-03,GB,1,21.624139688140644,20.061640444426217,13.364430745643864,ER
2022-09-04,GB,1,21.0511397916622,20.218193986466744,13.364430745643864,ER
2022-09-05,GB,1,20.658583253117943,20.474518002810147,13.364430745643864,ER
2022-09-06,GB,1,20.593761887166067,20.753563127865913,13.364430745643864,ER
2022-09-07,GB,1,20.704079260774375,21.057240393268007,13.364430745643864,ER
2022-09-08,GB,1,20.910768433412827,21.38746083065039,13.364430745643864,ER
2022-09-09,GB,1,21.64824756345253,21.746135471647015,13.364430745643864,ER
2022-09-10,GB,1,20.90300669310038,22.320510318169877,13.364430745643864,ER
2022-09-11,GB,1,19.413110259113935,23.04957276193676,13.364430745643864,ER
2022-09-12,GB,1,20.76106407850772,23.562845919290382,13.364430745643864,ER
2022-09-13,GB,1,24.81549078378612,24.069291754528127,13.364430745643864,ER
2022-09-14,GB,1,27.689793903453086,24.710318574570937,13.364430745643864,ER
2022-09-15,GB,1,29.034361983527813,25.014119009696863,13.364430745643864,ER
2022-09-16,GB,1,27.550081691754844,24.87632162657348,13.364430745643864,ER
2022-09-17,GB,1,24.72468406133558,24.53136162717917,13.364430745643864,ER
2022-09-18,GB,1,22.668206410657483,24.015641594758232,13.364430745643864,ER
2022-09-19,GB,1,23.149756262464905,23.365564112554924,13.364430745643864,ER
2022-09-20,GB,1,22.91837528358827,22.617531763813524,13.364430745643864,ER
2022-09-21,GB,1,21.40844250010577,21.463664197829683,13.364430745643864,ER
2022-09-22,GB,1,19.89937040132142,19.95217120221783,13.364430745643864,ER
2022-09-23,GB,1,19.45952459695212,18.653590567700416,13.364430745643864,ER
2022-09-24,GB,1,16.521654345646212,17.590266932203246,13.364430745643864,ER
2022-09-25,GB,1,14.192464935621745,16.48133271319805,13.364430745643864,ER
2022-09-26,GB,1,15.907394632475585,15.442507370726183,13.364430745643864,ER
2023-06-19,GB,2,20.18565569819186,21.67087049175607,14.20950487759195,ER
2023-06-20,GB,2,20.06882416745993,19.850411272617666,14.20950487759195,ER
2023-06-21,GB,2,15.836442682370295,18.174646594637796,14.20950487759195,ER
2023-06-22,GB,2,16.61036055203998,16.69189653192054,14.20950487759195,ER
2023-06-23,GB,2,18.913128935649357,15.399066674740068,14.20950487759195,ER
2023-06-24,GB,2,18.501346884624493,14.254012397616998,14.20950487759195,ER
2023-06-25,GB,2,18.51127073256023,13.246478451025121,14.20950487759195,ER
2023-06-26,GB,2,19.335341041351025,12.416752508130322,14.20950487759195,ER
2023-06-27,GB,2,17.448164742640486,11.771992927679827,14.20950487759195,ER
2023-06-28,GB,2,0.2161977434013869,11.252250488519419,14.20950487759195,ER
2023-06-29,GB,2,0.8152330716331848,10.79757596949488,14.20950487759195,ER
2023-06-30,GB,2,1.2837751400828044,10.477577510884446,14.20950487759195,ER
2023-07-01,GB,2,1.2777352141405651,10.322464508125577,14.20950487759195,ER
2023-07-02,GB,2,0.8656734314988177,10.213189622802888,14.20950487759195,ER
2023-07-03,GB,2,0.6549712544969339,10.335788289958744,14.20950487759195,ER
2023-07-04,GB,2,17.80708505645302,10.79343114766113,14.20950487759195,ER
2023-07-05,GB,2,19.259251709034988,11.34277366203308,14.20950487759195,ER
2023-07-06,GB,2,18.105430792629587,11.740471299197639,14.20950487759195,ER
2023-07-07,GB,2,16.838618033503508,12.43619912086082,14.20950487759195,ER
2023-07-08,GB,2,17.52453060544027,13.528639815873762,14.20950487759195,ER
2023-07-09,GB,2,19.197677764148985,14.247960291077192,14.20950487759195,ER
2023-07-10,GB,2,16.490324683061747,14.364627259624097,14.20950487759195,ER
2023-07-13,GB,2,9.15790578497584,13.601384870260294,14.20950487759195,ER
2023-07-14,GB,2,11.939094029960913,13.309450097712348,14.20950487759195,ER
2023-07-15,GB,2,11.681681566419826,13.165535231571814,14.20950487759195,ER
2023-07-16,GB,2,12.301330267857876,12.953714206900694,14.20950487759195,ER
2023-07-17,GB,2,12.008577791279436,12.595608974563676,14.20950487759195,ER
2023-07-18,GB,2,10.671606162773234,12.397609694937254,14.20950487759195,ER
2023-07-19,GB,2,11.37761996184956,12.50894395489383,14.20950487759195,ER
2023-07-20,GB,2,11.654827484466074,12.78916914986166,14.20950487759195,ER
2023-07-21,GB,2,12.805372248567924,13.110170153051016,14.20950487759195,ER
2023-07-22,GB,2,13.901995729866918,13.343831837672155,14.20950487759195,ER
2023-07-23,GB,2,17.287737789701854,13.442334436047854,14.20950487759195,ER
2023-07-24,GB,2,15.349283692269331,13.525482265719344,14.20950487759195,ER
2023-07-25,GB,2,14.681122971231767,13.716596327724591,14.20950487759195,ER
2023-07-26,GB,2,14.711864458206936,13.949810229876588,14.20950487759195,ER
2023-07-27,GB,2,15.5416572497274,14.135282991317077,14.20950487759195,ER
2023-07-28,GB,2,15.83492594502678,14.360373730077136,14.20950487759195,ER
2023-07-29,GB,2,15.542902624048551,14.712441564187852,14.20950487759195,ER
2023-07-30,GB,2,13.89620707413062,15.349187504167388,14.20950487759195,ER
2023-07-31,GB,2,13.794564877878814,16.151655336950306,14.20950487759195,ER
2023-08-01,GB,2,11.885892092610726,16.79221834519231,14.20950487759195,ER
2023-08-02,GB,2,11.528843265051387,17.457761159158892,14.20950487759195,ER
2023-08-03,GB,2,11.739939085989958,18.35955062595267,14.20950487759195,ER
2023-08-04,GB,2,16.856953660179425,19.206533353485014,14.20950487759195,ER
2023-08-05,GB,2,25.3080406332436,19.70765594966729,14.20950487759195,ER
2023-08-06,GB,2,29.60635659438096,20.073888234349656,14.20950487759195,ER
2023-08-07,GB,2,26.28854324828717,20.50329817247921,14.20950487759195,ER
2023-08-08,GB,2,23.854931721940336,20.68547958961275,14.20950487759195,ER
2023-08-09,GB,2,22.50280667606907,20.455265092391514,14.20950487759195,ER
2023-08-10,GB,2,20.149104719603685,19.923464696670543,14.20950487759195,ER
2023-08-11,GB,2,18.111069253072483,19.193638341827384,14.20950487759195,ER
2023-08-12,GB,2,17.093833986302343,18.369345967239575,14.20950487759195,ER
2023-08-13,GB,2,15.737765049122672,17.554147512284654,14.20950487759195,ER
2023-08-14,GB,2,15.106536300737092,16.85160291634016,14.20950487759195,ER
2024-04-25,GB,3,24.25326030401463,23.097556012720105,18.84714736452713,ER
2024-04-26,GB,3,26.16690494169223,23.68803331554231,18.84714736452713,ER
2024-04-27,GB,3,25.28430659526366,24.161112750661182,18.84714736452713,ER
2024-04-28,GB,3,25.139371391792835,24.559044376787444,18.84714736452713,ER
2024-04-29,GB,3,23.835947987570556,24.94717011826529,18.84714736452713,ER
2024-04-30,GB,3,25.10382196941507,25.319220888898172,18.84714736452713,ER
2024-05-01,GB,3,23.485564080342677,25.668927602489525,18.84714736452713,ER
2024-05-02,GB,3,24.53920303167876,25.990021172842795,18.84714736452713,ER
2024-05-03,GB,3,25.194547862741075,26.276232513761432,18.84714736452713,ER
2024-05-04,GB,3,25.500882073016236,26.521292539048865,18.84714736452713,ER
2024-05-05,GB,3,24.76615287225986,26.684383280549184,18.84714736452713,ER
2024-05-06,GB,3,26.718673670872185,26.748963745121312,18.84714736452713,ER
2024-05-07,GB,3,29.17585261681883,26.74518030909102,18.84714736452713,ER
2024-05-08,GB,3,30.23806049016726,26.70317934878405,18.84714736452713,ER
2024-05-09,GB,3,30.44757904249396,26.65310724052615,18.84714736452713,ER
2024-05-10,GB,3,28.701239541749697,26.62511036064307,18.84714736452713,ER
2024-05-11,GB,3,27.068076065982066,26.649335085460564,18.84714736452713,ER
2024-05-12,GB,3,23.898907772520264,26.652795117666038,18.84714736452713,ER
2024-05-13,GB,3,24.989041509724427,26.564734948261126,18.84714736452713,ER
2024-05-14,GB,3,26.58404862776345,26.418647136042935,18.84714736452713,ER
2024-05-15,GB,3,26.463741428670115,26.24802423980858,18.84714736452713,ER
2024-05-16,GB,3,24.919168666276697,26.086358818355148,18.84714736452713,ER
2024-05-17,GB,3,25.13594057421549,25.967143430479748,18.84714736452713,ER
2024-05-18,GB,3,26.416208451115235,25.923870634979483,18.84714736452713,ER
2024-05-19,GB,3,26.229555489904666,25.943403050437297,18.84714736452713,ER
2024-05-20,GB,3,24.860910478136983,25.986484362871547,18.84714736452713,ER
2024-05-21,GB,3,23.759230088193533,26.047428732232472,18.84714736452713,ER
2024-05-22,GB,3,24.692278952835604,26.120550318470315,18.84714736452713,ER
2024-05-23,GB,3,24.976514876813,26.200163281535314,18.84714736452713,ER
2024-05-24,GB,3,25.506468049349284,26.280581781377695,18.84714736452713,ER
2024-05-25,GB,3,28.482634528290067,26.356119977947696,18.84714736452713,ER
2024-05-26,GB,3,26.18029784641157,26.42109203119557,18.84714736452713,ER
2024-05-27,GB,3,25.03372428713702,26.46981210107154,18.84714736452713,ER
2024-05-28,GB,3,26.87046236528416,26.496594347525843,18.84714736452713,ER
2024-05-29,GB,3,25.24655755639096,26.495752930508726,18.84714736452713,ER
2024-05-30,GB,3,23.17297484160728,26.461602009970413,18.84714736452713,ER
2024-05-31,GB,3,23.652959294945056,26.388455745861155,18.84714736452713,ER
2024-06-01,GB,3,23.947677357263913,26.31005241412599,18.84714736452713,ER
2024-06-02,GB,3,25.190472821161222,26.253933411025937,18.84714736452713,ER
2024-06-03,GB,3,24.910921894748977,26.205117576985213,18.84714736452713,ER
2024-06-04,GB,3,26.1486225955325,26.14862375242802,18.84714736452713,ER
2024-06-05,GB,3,26.396760674757637,26.069470777778555,18.84714736452713,ER
2024-06-06,GB,3,26.520267452544616,25.952677493461028,18.84714736452713,ER
2024-06-07,GB,3,28.133741908088737,25.78326273989964,18.84714736452713,ER
2024-06-08,GB,3,28.315377702485332,25.542042003705603,18.84714736452713,ER
2024-06-09,GB,3,27.590964464845833,25.234415321224752,18.84714736452713,ER
2024-06-10,GB,3,26.36774288182592,24.882278357483226,18.84714736452713,ER
2024-06-11,GB,3,28.480060792113065,24.507526777507174,18.84714736452713,ER
2024-06-12,GB,3,29.09932176339803,24.132056246322733,18.84714736452713,ER
2024-06-13,GB,3,28.796853827416665,23.77776242895606,18.84714736452713,ER
2024-06-14,GB,3,28.339664179666904,23.466540990433277,18.84714736452713,ER
2024-06-15,GB,3,28.274209107579583,23.12545147849205,18.84714736452713,ER
2024-06-16,GB,3,27.591600525695036,22.691125532966318,18.84714736452713,ER
2024-06-17,GB,3,17.65863151969316,22.199816957026663,18.84714736452713,ER
2022-04-27,GB,7,16.86585632301033,17.278237397081742,6.993548791816499,ER
2022-04-28,GB,7,15.007958050791384,17.975216429040483,6.993548791816499,ER
2022-04-29,GB,7,21.201592911717643,18.595646496717382,6.993548791816499,ER
2022-04-30,GB,7,19.71779330762265,19.138912231154837,6.993548791816499,ER
2022-05-01,GB,7,20.57475737165344,19.609971674095533,6.993548791816499,ER
2022-05-02,GB,7,20.1114925347622,20.005663879447116,6.993548791816499,ER
2022-05-03,GB,7,19.79803336829597,20.326866999514333,6.993548791816499,ER
2022-05-04,GB,7,20.608854140274207,20.576898166948443,6.993548791816499,ER
2022-05-05,GB,7,20.435054977003947,20.7590745144007,6.993548791816499,ER
2022-05-06,GB,7,24.129041260981005,20.83832156392003,6.993548791816499,ER
2022-05-07,GB,7,20.3726004346385,20.785556032013012,6.993548791816499,ER
2022-05-08,GB,7,18.180068205929132,20.613081843017408,6.993548791816499,ER
2022-05-23,GB,7,11.540679943651028,12.027598707125165,6.993548791816499,ER
2022-05-24,GB,7,10.794820318037274,11.568899209765128,6.993548791816499,ER
2022-05-25,GB,7,10.864603432084156,11.109405460514894,6.993548791816499,ER
2022-05-26,GB,7,11.380522882843271,10.658704435541642,6.993548791816499,ER
2022-05-27,GB,7,11.041254914111631,10.226383111012552,6.993548791816499,ER
2022-05-28,GB,7,9.4771235500028,9.838238190005532,6.993548791816499,ER
2022-05-29,GB,7,8.711592965033539,9.493048847688867,6.993548791816499,ER
2022-05-30,GB,7,9.5233348095038,9.159875768365325,6.993548791816499,ER
2022-06-30,GB,7,12.000506738299,12.231809142848519,6.993548791816499,ER
2022-07-01,GB,7,10.979274058975772,11.732454940479325,6.993548791816499,ER
2022-07-02,GB,7,12.316481233900753,11.212684407436198,6.993548791816499,ER
2022-07-03,GB,7,11.254521662268433,10.755371308112762,6.993548791816499,ER
2022-07-04,GB,7,10.438327119943422,10.36099266113892,6.993548791816499,ER
2022-07-05,GB,7,10.337362864408748,10.03002548514457,6.993548791816499,ER
2022-07-06,GB,7,9.23452587643199,9.74889391939208,6.993548791816499,ER
2022-07-07,GB,7,9.12350013872114,9.515456074769963,6.993548791816499,ER
2022-07-08,GB,7,9.074947419902044,9.34733992734734,6.993548791816499,ER
2022-07-09,GB,7,9.15946142948129,9.262173453193332,6.993548791816499,ER
2022-07-10,GB,7,10.013732647784014,9.335260131172,6.993548791816499,ER
2022-07-11,GB,7,9.59642632075787,9.55900093131283,6.993548791816499,ER
2022-07-12,GB,7,9.66703364002445,9.82667006643308,6.993548791816499,ER
2022-07-13,GB,7,8.947819701349388,10.031541749350012,6.993548791816499,ER
2022-07-14,GB,7,10.513921277534878,10.25023177583022,6.993548791816499,ER
2022-07-15,GB,7,10.474259221590325,10.512376325919648,6.993548791816499,ER
2022-07-16,GB,7,11.125448507084345,10.640780188854592,6.993548791816499,ER
2022-07-17,GB,7,10.682131954030732,10.60951341502185,6.993548791816499,ER
2022-07-18,GB,7,11.121317589001649,10.518570402147773,6.993548791816499,ER
2022-07-19,GB,7,11.48465781373517,10.235560187486138,6.993548791816499,ER
2022-07-20,GB,7,9.521720540623742,9.755318649648162,6.993548791816499,ER
2022-07-21,GB,7,8.638519890816179,9.280377360915626,6.993548791816499,ER
2022-07-22,GB,7,8.71734452871248,9.013267893570303,6.993548791816499,ER
2022-07-23,GB,7,8.939588686806053,8.926541660610274,6.993548791816499,ER
2022-07-24,GB,7,9.204145058060368,8.895239333311785,6.993548791816499,ER
2022-07-25,GB,7,7.771110227646709,8.9756263713738509,6.993548791816499,ER
2022-07-26,GB,7,8.643228048584989,9.223968234495498,6.993548791816499,ER
2022-07-27,GB,7,9.578091926147216,9.736430278870234,6.993548791816499,ER
2022-07-28,GB,7,11.28324347702078,10.480607519751844,6.993548791816499,ER
2022-07-29,GB,7,12.5789145971339,11.319909905429746,6.993548791816499,ER
2022-07-30,GB,7,11.987091884678607,12.117747384193365,6.993548791816499,ER
2022-07-31,GB,7,11.479956805919995,12.947669769590274,6.993548791816499,ER
2022-08-01,GB,7,10.74714168759567,13.881667003291778,6.993548791816499,ER
2022-08-02,GB,7,17.278818027220776,14.780809225772899,6.993548791816499,ER
2022-08-03,GB,7,17.952031284451156,15.506166577508655,6.993548791816499,ER
2022-08-04,GB,7,16.10027157220857,16.067378359322785,6.993548791816499,ER
2022-08-05,GB,7,16.588157763974742,16.558755022320128,6.993548791816499,ER
2022-08-06,GB,7,15.72441615522903,16.968373432397332,6.993548791816499,ER
2022-08-07,GB,7,17.19659665073385,17.28431045545107,6.993548791816499,ER
2022-08-08,GB,7,18.054324716337305,17.48975248121279,6.993548791816499,ER
2022-08-09,GB,7,17.35062736663235,17.59809717170791,6.993548791816499,ER
2022-08-10,GB,7,16.798492517346457,17.642738301274026,6.993548791816499,ER
2022-08-11,GB,7,16.731073807237113,17.65706964424873,6.993548791816499,ER
2022-08-12,GB,7,18.575140815134525,17.641580179692944,6.993548791816499,ER
2022-08-13,GB,7,18.134177635707125,17.574442680723177,6.993548791816499,ER
2022-08-14,GB,7,16.05238207037157,17.455576612760417,6.993548791816499,ER
2022-08-16,GB,7,17.731749033230766,17.062336631539825,6.993548791816499,ER
2023-01-31,ID,2,12.061470400654938,11.627350718852144,9.461282959617673,ER
2023-02-01,ID,2,12.129395981985668,11.983855220137853,9.461282959617673,ER
2023-02-02,ID,2,12.748307308762014,12.329067962655394,9.461282959617673,ER
2023-02-03,ID,2,13.16361083150436,12.641090216525988,9.461282959617673,ER
2023-02-04,ID,2,11.800419745490242,12.955404000093923,9.461282959617673,ER
2023-02-05,ID,2,12.831067297889277,13.278670642048008,9.461282959617673,ER
2023-02-06,ID,2,13.631351188512102,13.54576037802627,9.461282959617673,ER
2023-02-07,ID,2,13.965286427183155,13.693416177598053,9.461282959617673,ER
2023-02-18,ID,2,18.06737496381364,11.652724485886072,9.461282959617673,ER
2023-02-19,ID,2,14.381558077588094,11.678358477216523,9.461282959617673,ER
2023-02-20,ID,2,14.858949090973372,11.757921499435833,9.461282959617673,ER
2023-02-21,ID,2,11.97589621734092,11.840339168202672,9.461282959617673,ER
2023-02-22,ID,2,10.670072548271683,11.94650759450514,9.461282959617673,ER
2023-02-23,ID,2,10.276612659130386,12.163317156934895,9.461282959617673,ER
2023-02-24,ID,2,8.428561970966845,12.482081962157446,9.461282959617673,ER
2023-02-25,ID,2,8.612649651828104,12.780333713271686,9.461282959617673,ER
2023-02-26,ID,2,10.412403487568186,13.240358630072151,9.461282959617673,ER
2023-02-27,ID,2,12.288030392226482,13.939212357944298,9.461282959617673,ER
2023-02-28,ID,2,13.534393768920532,14.596580738373401,9.461282959617673,ER
2023-03-01,ID,2,15.448560554848584,15.500529915547569,9.461282959617673,ER
2023-03-02,ID,2,16.921930221414563,16.753982739544977,9.461282959617673,ER
2023-03-03,ID,2,19.00412455654377,17.798910110686002,9.461282959617673,ER
2023-03-04,ID,2,21.890263148763793,18.751245031949573,9.461282959617673,ER
2023-03-05,ID,2,21.76791713071577,19.828698076617176,9.461282959617673,ER
2023-03-06,ID,2,21.581617354669262,20.625906500463067,9.461282959617673,ER
2023-03-07,ID,2,21.484860196196905,20.99600173127804,9.461282959617673,ER
2023-03-08,ID,2,21.217352260262363,21.16948512294632,9.461282959617673,ER
2023-03-09,ID,2,19.47986088314969,21.30704882038235,9.461282959617673,ER
2023-03-10,ID,2,20.36716055878933,21.223014311117762,9.461282959617673,ER
2023-03-11,ID,2,21.26255660726715,20.874787400229483,9.461282959617673,ER
2023-03-12,ID,2,20.331640026708556,20.637686708949907,9.461282959617673,ER
2023-03-13,ID,2,21.21254689177898,20.42393769045701,9.461282959617673,ER
2023-03-14,ID,2,19.9612134587958,20.07171094873345,9.461282959617673,ER
2023-03-15,ID,2,19.023210991336697,19.84524283121865,9.461282959617673,ER
2023-03-16,ID,2,18.764298971644173,19.788680612858865,9.461282959617673,ER
2023-03-17,ID,2,20.11007861791373,19.758973901869087,9.461282959617673,ER
2023-03-18,ID,2,21.926990378615468,19.739562545591802,9.461282959617673,ER
2023-03-19,ID,2,19.044441151020376,19.805199083457765,9.461282959617673,ER
2023-03-20,ID,2,18.24931272634608,19.94202474063807,9.461282959617673,ER
2023-03-21,ID,2,17.74844430595475,20.00056239308574,9.461282959617673,ER
2023-03-22,ID,2,20.043858933282745,19.982310075070306,9.461282959617673,ER
2023-03-23,ID,2,21.739136994256313,19.969865433369755,9.461282959617673,ER
2023-03-24,ID,2,20.82169272832771,19.93540076269973,9.461282959617673,ER
2023-03-25,ID,2,20.959258337169683,19.826137138074742,9.461282959617673,ER
2023-03-26,ID,2,20.69518833804684,19.67117393085903,9.461282959617673,ER
2023-03-27,ID,2,19.781159024794356,19.56550088029287,9.461282959617673,ER
2023-03-28,ID,2,19.933661063257432,19.50440174440359,9.461282959617673,ER
2023-03-29,ID,2,19.620472255909768,19.433760179683084,9.461282959617673,ER
2023-03-30,ID,2,17.244022701393625,19.37446577306848,9.461282959617673,ER
2023-03-31,ID,2,17.18000715300555,19.373820335938188,9.461282959617673,ER
2023-04-01,ID,2,17.78800455239823,19.402158186205973,9.461282959617673,ER
2023-04-02,ID,2,18.60141666585732,19.364917670612,9.461282959617673,ER
2023-04-03,ID,2,20.52263905220232,19.353404600239163,9.461282959617673,ER
2023-04-04,ID,2,21.182166228528544,19.40435151830634,9.461282959617673,ER
2023-04-05,ID,2,20.283163871757456,19.341336869757708,9.461282959617673,ER
2023-04-06,ID,2,19.29755231020177,19.171784355922263,9.461282959617673,ER
2023-04-07,ID,2,19.742362544262352,18.987877810145456,9.461282959617673,ER
2023-04-08,ID,2,20.27545766920806,18.74033587539618,9.461282959617673,ER
2023-04-09,ID,2,18.98629440774442,18.3128448357805,9.461282959617673,ER
2023-04-10,ID,2,16.681376269331366,17.75044063572669,9.461282959617673,ER
2023-04-11,ID,2,16.784830889034797,17.245866408686986,9.461282959617673,ER
2023-04-12,ID,2,15.448043652042868,16.702718125125966,9.461282959617673,ER
2023-04-13,ID,2,15.017603715410452,16.044111869994836,9.461282959617673,ER
2023-04-14,ID,2,15.429482797304036,15.492070948475748,9.461282959617673,ER
2023-04-15,ID,2,15.195236483229632,15.079947077751335,9.461282959617673,ER
2023-04-16,ID,2,15.293089712559098,14.691165267435489,9.461282959617673,ER
2023-04-17,ID,2,14.815771159794254,14.322858761357244,9.461282959617673,ER
2023-04-18,ID,2,13.610692406152896,14.01891756968925,9.461282959617673,ER
2023-04-19,ID,2,13.29872065391782,13.774075088614193,9.461282959617673,ER
2023-04-20,ID,2,13.384749694366246,13.511729640976164,9.461282959617673,ER
2023-04-21,ID,2,13.492838985095071,13.219421504311484,9.461282959617673,ER
2023-04-22,ID,2,13.474510638008969,12.936282452689598,9.461282959617673,ER
2023-04-23,ID,2,13.259333202639825,12.663098053754297,9.461282959617673,ER
2023-04-24,ID,2,12.56278637989317,12.401019234175747,9.461282959617673,ER
2023-04-25,ID,2,11.623137774116364,12.149217545400681,9.461282959617673,ER
2023-04-26,ID,2,11.44715517002632,11.905509492237744,9.461282959617673,ER
2023-04-27,ID,2,11.572292364754258,11.66967718413053,9.461282959617673,ER
2023-04-28,ID,2,11.289131998765622,11.44291605565698,9.461282959617673,ER
2023-04-29,ID,2,11.220122568871217,11.225162599327284,9.461282959617673,ER
2023-06-15,ID,3,9.9012009511388,11.81135448548629,9.72977392992318,ER
2023-06-16,ID,3,9.465445356098629,12.297537288202115,9.72977392992318,ER
2023-06-17,ID,3,9.354905616213973,12.764841177521234,9.72977392992318,ER
2023-06-18,ID,3,10.850493453340151,13.213334463802864,9.72977392992318,ER
2023-06-19,ID,3,12.529573978397428,13.643085457406224,9.72977392992318,ER
2023-06-20,ID,3,12.764845151932771,14.05416246869052,9.72977392992318,ER
2023-06-21,ID,3,14.580324222657648,14.444557740381837,9.72977392992318,ER
2023-06-22,ID,3,15.213975656487673,14.813039562625567,9.72977392992318,ER
2023-06-23,ID,3,16.12325404436147,15.1608403169099,9.72977392992318,ER
2023-06-24,ID,3,15.843935413130854,15.489192384723033,9.72977392992318,ER
2023-06-25,ID,3,18.001524451079156,15.799328147553158,9.72977392992318,ER
2023-06-26,ID,3,19.43322062933276,16.09247998688847,9.72977392992318,ER
2023-06-27,ID,3,19.888782388534143,16.369880284217157,9.72977392992318,ER
2023-06-28,ID,3,19.92871156628689,16.632761421027418,9.72977392992318,ER
2023-06-29,ID,3,17.417744346851975,16.87727220130551,9.72977392992318,ER
2023-06-30,ID,3,15.649658312748771,17.099900786351476,9.72977392992318,ER
2023-07-01,ID,3,15.640439599094732,17.302388593624208,9.72977392992318,ER
2023-07-02,ID,3,15.720124072592984,17.486477040582574,9.72977392992318,ER
2023-07-03,ID,3,16.19349374363552,17.653907544685467,9.72977392992318,ER
2023-07-04,ID,3,18.379045975282995,17.806421523391755,9.72977392992318,ER
2023-07-05,ID,3,18.75510429008757,17.94576039416033,9.72977392992318,ER
2023-07-06,ID,3,18.24957603349682,18.05422386574092,9.72977392992318,ER
2023-07-07,ID,3,19.872850212559698,18.118865864402732,9.72977392992318,ER
2023-07-08,ID,3,23.39491009120853,18.148559133883875,9.72977392992318,ER
2023-07-09,ID,3,21.338751380553873,18.152176417922444,9.72977392992318,ER
2023-07-10,ID,3,20.004228776648848,18.138590460256548,9.72977392992318,ER
2023-07-11,ID,3,17.56510865462496,18.116674004624283,9.72977392992318,ER
2023-07-12,ID,3,18.95522838944774,18.09529979476375,9.72977392992318,ER
2023-07-13,ID,3,18.33140627663891,18.083340574413057,9.72977392992318,ER
2023-07-14,ID,3,18.270908503883525,18.023616989025935,9.72977392992318,ER
2023-07-15,ID,3,16.961832758221785,17.875211248209066,9.72977392992318,ER
2023-07-16,ID,3,18.467083877006843,17.671388441929977,9.72977392992318,ER
2023-07-17,ID,3,17.945540330132093,17.445413660156206,9.72977392992318,ER
2023-07-18,ID,3,16.3951914408196,17.23055199285527,9.72977392992318,ER
2023-07-19,ID,3,16.106349824655958,17.060068529994705,9.72977392992318,ER
2023-07-20,ID,3,16.0283887131881,16.967228361542027,9.72977392992318,ER
2023-07-21,ID,3,16.395898149780447,16.911256614040443,9.72977392992318,ER
2023-07-22,ID,3,17.09034501304337,16.834241728395234,9.72977392992318,ER
2023-07-23,ID,3,16.826156344450894,16.74374376611707,9.72977392992318,ER
2023-07-24,ID,3,14.7712503079547,16.647322788716615,9.72977392992318,ER
2023-07-25,ID,3,14.984660929129644,16.552538857704533,9.72977392992318,ER
2023-07-26,ID,3,14.621991209752826,16.466952034591497,9.72977392992318,ER
2023-07-27,ID,3,15.009586723633047,16.398122380888164,9.72977392992318,ER
2023-07-28,ID,3,15.22303048657678,16.353609958105203,9.72977392992318,ER
2023-07-29,ID,3,15.662544634285096,16.33558930521814,9.72977392992318,ER
2023-07-30,ID,3,15.274317201363266,16.336803581042847,9.72977392992318,ER
2023-07-31,ID,3,15.68113251193676,16.350665776850523,9.72977392992318,ER
2023-08-01,ID,3,14.831421446668424,16.370588883912365,9.72977392992318,ER
2023-08-02,ID,3,15.437678792251983,16.38998589349957,9.72977392992318,ER
2023-08-03,ID,3,15.193483244864428,16.402269796883342,9.72977392992318,ER
2023-08-04,ID,3,15.392190174403012,16.400853585334865,9.72977392992318,ER
2023-08-05,ID,3,16.79945928542169,16.401821284182176,9.72977392992318,ER
2023-08-06,ID,3,17.031302228783968,16.422146192056726,9.72977392992318,ER
2023-08-07,ID,3,18.535486944690877,16.45657521018486,9.72977392992318,ER
2023-08-08,ID,3,18.231747384872374,16.499855239792915,9.72977392992318,ER
2023-08-09,ID,3,18.027088185566043,16.54673318210723,9.72977392992318,ER
2023-08-10,ID,3,18.05529354219665,16.591955938354147,9.72977392992318,ER
2023-08-11,ID,3,17.894087909243016,16.63027040976001,9.72977392992318,ER
2023-08-12,ID,3,17.881637629152834,16.65642349755115,9.72977392992318,ER
2023-08-13,ID,3,17.65440033767478,16.667841719395767,9.72977392992318,ER
2023-08-14,ID,3,18.743605403772953,16.669107270858156,9.72977392992318,ER
2023-08-15,ID,3,19.39637491021013,16.665700570008813,9.72977392992318,ER
2023-08-16,ID,3,16.870305337239582,16.663102034918225,9.72977392992318,ER
2023-08-17,ID,3,16.361751193802505,16.666792083656887,9.72977392992318,ER
2023-08-18,ID,3,16.441571909504336,16.682251134295292,9.72977392992318,ER
2023-08-19,ID,3,16.704404117332597,16.71495960490393,9.72977392992318,ER
2023-08-20,ID,3,16.64305174066965,16.759415395683348,9.72977392992318,ER
2023-08-21,ID,3,16.13155334484908,16.80630287437535,9.72977392992318,ER
2023-08-22,ID,3,16.304714900001436,16.855382160362353,9.72977392992318,ER
2023-08-23,ID,3,16.75822272906875,16.90641337302676,9.72977392992318,ER
2023-08-24,ID,3,16.181617846675167,16.95915663175097,9.72977392992318,ER
2023-08-25,ID,3,15.90806015772595,17.013372055917404,9.72977392992318,ER
2023-08-26,ID,3,16.34280475027315,17.06881976490846,9.72977392992318,ER
2023-08-27,ID,3,15.541585948997914,17.12525987810655,9.72977392992318,ER
2023-08-28,ID,3,15.239989682108485,17.19956069125469,9.72977392992318,ER
2023-08-29,ID,3,15.327515344110136,17.29999258234382,9.72977392992318,ER
2023-08-30,ID,3,15.702036305071216,17.413418794128283,9.72977392992318,ER
2023-08-31,ID,3,14.91741519728424,17.526702569362406,9.72977392992318,ER
2023-09-01,ID,3,14.944391631590348,17.626707150800506,9.72977392992318,ER
2023-09-02,ID,3,15.825603513622118,17.70029578119691,9.72977392992318,ER
2023-09-03,ID,3,17.070342370069742,17.734331703305948,9.72977392992318,ER
2023-09-04,ID,3,17.980471164833606,17.754660258681962,9.72977392992318,ER
2023-09-05,ID,3,19.05128883369529,17.79063120522269,9.72977392992318,ER
2023-09-06,ID,3,19.278758751733516,17.83436441019757,9.72977392992318,ER
2023-09-07,ID,3,19.372390018741953,17.877979740876007,9.72977392992318,ER
2023-09-08,ID,3,19.06722434741221,17.91359706452742,9.72977392992318,ER
2023-09-09,ID,3,18.89836362012139,17.93333624842123,9.72977392992318,ER
2023-09-10,ID,3,19.756600588677273,17.92931715982686,9.72977392992318,ER
2023-09-11,ID,3,19.263890581428896,17.893659666013725,9.72977392992318,ER
2023-09-12,ID,3,19.61897232003066,17.84894516709732,9.72977392992318,ER
2023-09-13,ID,3,21.152555677376945,17.817795403932408,9.72977392992318,ER
2023-09-14,ID,3,19.796334056922905,17.792390754897347,9.72977392992318,ER
2023-09-15,ID,3,19.684222350236475,17.764911598370485,9.72977392992318,ER
2023-09-16,ID,3,19.37300151319851,17.727538312730157,9.72977392992318,ER
2023-09-17,ID,3,17.620988000283138,17.672451276354717,9.72977392992318,ER
2023-09-18,ID,3,16.91004404198262,17.59183086762251,9.72977392992318,ER
2023-09-19,ID,3,17.43651414370997,17.478962285146874,9.72977392992318,ER
2023-10-03,ID,3,12.364553086405865,14.025673739237815,9.72977392992318,ER
2023-10-04,ID,3,12.7372119451361,13.772499994880171,9.72977392992318,ER
2023-10-05,ID,3,12.681857809998428,13.535429494723044,9.72977392992318,ER
2023-10-06,ID,3,13.085302470758808,13.31764435397385,9.72977392992318,ER
2023-10-07,ID,3,12.42728067565144,13.122326687840003,9.72977392992318,ER
2023-10-08,ID,3,11.539815478599357,12.952658611528916,9.72977392992318,ER
2023-10-09,ID,3,10.738099855826365,12.811822240248002,9.72977392992318,ER
2023-10-10,ID,3,10.81958148144144,12.69965030870393,9.72977392992318,ER
2023-10-11,ID,3,12.03380366802286,12.609349514300494,9.72977392992318,ER
2023-10-12,ID,3,11.9800003454064,12.534162916290816,9.72977392992318,ER
2023-10-13,ID,3,12.530205312576436,12.467333573928013,9.72977392992318,ER
2023-10-14,ID,3,12.340797999867334,12.4021045464652,9.72977392992318,ER
2023-10-15,ID,3,12.458779933230945,12.3317188931555,9.72977392992318,ER
2023-10-16,ID,3,12.20359841543216,12.249419673252028,9.72977392992318,ER
2023-10-17,ID,3,11.524004538718678,12.177004260660768,9.72977392992318,ER
2023-10-18,ID,3,11.689623336766225,12.134657521773637,9.72977392992318,ER
2023-10-19,ID,3,11.986912955574985,12.113203754572652,9.72977392992318,ER
2023-10-20,ID,3,12.871604484754874,12.103467257039833,9.72977392992318,ER
2023-10-21,ID,3,13.727801022830525,12.096272327157198,9.72977392992318,ER
2023-10-22,ID,3,12.861291091961077,12.08244326290676,9.72977392992318,ER
2023-10-23,ID,3,12.848058534398962,12.052804362270543,9.72977392992318,ER
2023-10-24,ID,3,12.844545408104738,11.99817992323056,9.72977392992318,ER
2023-10-25,ID,3,12.653935500562008,11.934457078233136,9.72977392992318,ER
2023-10-26,ID,3,13.061387512374374,11.880665706794636,9.72977392992318,ER
2023-10-27,ID,3,12.65691677220563,11.83234422750216,9.72977392992318,ER
2023-10-28,ID,3,12.750383689869476,11.785031058942808,9.72977392992318,ER
2023-10-29,ID,3,12.695226505954198,11.734264619703675,9.72977392992318,ER
2023-10-30,ID,3,12.342705017058332,11.67558332837186,9.72977392992318,ER
2023-12-07,ID,4,11.094192774095683,11.935945541364507,9.619921152298813,ER
2023-12-08,ID,4,12.59778077101458,12.351239898362183,9.619921152298813,ER
2023-12-09,ID,4,13.592443234939136,12.738980490472306,9.619921152298813,ER
2023-12-10,ID,4,15.203799508790835,13.099884147749991,9.619921152298813,ER
2023-12-11,ID,4,14.858632043333182,13.434257842002312,9.619921152298813,ER
2023-12-12,ID,4,12.099935428126775,13.741351616178624,9.619921152298813,ER
2023-12-13,ID,4,12.757612188697294,14.022343477471983,9.619921152298813,ER
2023-12-14,ID,4,14.675295842966024,14.273960318715721,9.619921152298813,ER
2024-01-11,ID,4,3.86710822395394,10.860951586052202,9.619921152298813,ER
2024-01-12,ID,4,14.809193375499706,10.498351725252384,9.619921152298813,ER
2024-01-13,ID,4,17.961291703248637,10.14382696602776,9.619921152298813,ER
2024-01-14,ID,4,5.581692593481953,9.772033452113254,9.619921152298813,ER
2024-01-15,ID,4,4.66443806009198,9.371517319391062,9.619921152298813,ER
2024-01-16,ID,4,9.632292592825875,8.976546251585106,9.619921152298813,ER
2024-01-17,ID,4,18.91568922092781,8.560874414717917,9.619921152298813,ER
2024-01-18,ID,4,7.589372534094368,8.123730938146148,9.619921152298813,ER
2024-01-19,ID,4,7.31780049414581,7.746566732368516,9.619921152298813,ER
2024-01-20,ID,4,3.899042246369592,7.289460114551695,9.619921152298813,ER
2024-01-21,ID,4,3.766702832985652,6.874444647526896,9.619921152298813,ER
2024-01-22,ID,4,5.685839845806517,6.46594227099731,9.619921152298813,ER
2024-01-23,ID,4,8.940438506265211,5.972973745430681,9.619921152298813,ER
2024-01-24,ID,4,10.379131708835416,5.78682108096935,9.619921152298813,ER
2024-01-25,ID,4,9.53261585388752,6.123160592293843,9.619921152298813,ER
2024-01-26,ID,4,4.2822332307406334,6.574822423254227,9.619921152298813,ER
2024-01-27,ID,4,3.550135865389979,7.087240004829715,9.619921152298813,ER
2024-01-28,ID,4,0.7030017555177344,7.857858454795026,9.619921152298813,ER
2024-01-31,ID,4,15.203281882655428,10.069221855929133,9.619921152298813,ER
2024-02-01,ID,4,16.761066935063287,10.426259786899807,9.619921152298813,ER
2024-02-02,ID,4,20.36231382084755,10.793785771786316,9.619921152298813,ER
2024-02-03,ID,4,1.6113711890503444,11.05439132147731,9.619921152298813,ER
2024-02-04,ID,4,6.730477196221414,11.194112865308146,9.619921152298813,ER
2024-02-05,ID,4,13.200430067592247,11.458912213012859,9.619921152298813,ER
2024-02-06,ID,4,11.157004207923189,11.476127680752825,9.619921152298813,ER
2024-02-07,ID,4,9.963550359376857,11.491839877385154,9.619921152298813,ER
2024-02-08,ID,4,10.03271055615938,12.220098797752739,9.619921152298813,ER
2024-02-09,ID,4,13.534566662874614,13.282230501326197,9.619921152298813,ER
2024-02-10,ID,4,14.734690925439429,14.213224333824769,9.619921152298813,ER
2024-02-11,ID,4,14.86392851379878,15.57668219455591,9.619921152298813,ER
2024-02-12,ID,4,19.07033013929079,16.941895252023944,9.619921152298813,ER
2024-02-13,ID,4,21.075464123237833,17.77842103945265,9.619921152298813,ER
2024-02-14,ID,4,14.916187836108763,18.606198321813196,9.619921152298813,ER
2024-02-15,ID,4,17.23000254059178,19.044322196241158,9.619921152298813,ER
2024-02-16,ID,4,19.695147261092497,18.946515066900556,9.619921152298813,ER
2024-02-17,ID,4,21.59255784150519,18.610570494805234,9.619921152298813,ER
2024-02-18,ID,4,21.32256718496554,17.914363919698086,9.619921152298813,ER
2024-02-19,ID,4,15.17765337024636,16.83653434277258,9.619921152298813,ER
2024-02-20,ID,4,14.341215240528532,15.81342893861492,9.619921152298813,ER
2024-02-21,ID,4,13.940782637904462,14.38406901658305,9.619921152298813,ER
2024-02-22,ID,4,12.95618904991427,12.950713252635762,9.619921152298813,ER
2024-02-23,ID,4,12.557027280639836,11.686945015311487,9.619921152298813,ER
2024-02-24,ID,4,11.269671296571415,10.197140396124503,9.619921152298813,ER
2024-02-25,ID,4,8.798146425155162,9.358691704026056,9.619921152298813,ER
2024-02-26,ID,4,8.490620268239727,9.321128438610453,9.619921152298813,ER
2024-02-27,ID,4,7.980648392218508,9.602761939824084,9.619921152298813,ER
2024-02-28,ID,4,8.005357346213042,10.5116171258481,9.619921152298813,ER
2024-02-29,ID,4,10.224266183562072,11.95999107076666,9.619921152298813,ER
2024-03-01,ID,4,11.975636834388826,13.28485707791367,9.619921152298813,ER
2024-03-02,ID,4,16.9710966630774,15.08215938397607,9.619921152298813,ER
2024-03-03,ID,4,19.54728094661465,16.910742609745714,9.619921152298813,ER
2024-03-04,ID,4,19.232339280387844,18.282250572608124,9.619921152298813,ER
2024-03-05,ID,4,20.768750645447675,19.790954577317585,9.619921152298813,ER
2024-03-06,ID,4,21.988822110755887,20.842119734418517,9.619921152298813,ER
2024-03-07,ID,4,20.298674658351047,21.252827745677504,9.619921152298813,ER
2024-03-08,ID,4,20.283511820226597,21.417875689956304,9.619921152298813,ER
2024-03-09,ID,4,21.879079885749128,21.409261017996723,9.619921152298813,ER
2024-03-10,ID,4,23.25217576045406,21.140891788251736,9.619921152298813,ER
2024-03-11,ID,4,16.232412185565465,20.64747208847526,9.619921152298813,ER
2024-03-12,ID,4,18.71425501320595,19.920208210765406,9.619921152298813,ER
2024-03-13,ID,4,20.876070949037217,18.956032517994228,9.619921152298813,ER
2024-03-14,ID,4,18.074995588817114,17.77517279052754,9.619921152298813,ER
2024-03-15,ID,4,16.08234608214853,16.367622429525177,9.619921152298813,ER
2024-03-16,ID,4,14.46125735881695,14.731323060093008,9.619921152298813,ER
2024-03-17,ID,4,13.398177391152846,12.864216307336894,9.619921152298813,ER
2024-03-18,ID,5,14.131203336554226,11.804417845288935,9.619921152298813,ER
2024-03-19,ID,5,14.24902007472269,12.66349185369222,9.619921152298813,ER
2024-03-20,ID,5,10.072660572196805,13.384156717072036,9.619921152298813,ER
2024-03-21,ID,5,9.599156531518092,13.9616796870655,9.619921152298813,ER
2024-03-22,ID,5,11.445732389153996,14.392857241739835,9.619921152298813,ER
2024-03-23,ID,5,22.937035188239797,14.683221007556506,9.619921152298813,ER
2024-03-24,ID,5,15.364903553692354,14.83217478991199,9.619921152298813,ER
2024-03-25,ID,5,10.901890157789836,14.837640380360117,9.619921152298813,ER
2024-03-26,ID,5,11.53726280259338,14.697539570454712,9.619921152298813,ER
2024-03-27,ID,5,16.65748951162725,13.957157047084456,9.619921152298813,ER
2024-03-28,ID,5,23.58434462030491,12.75791063368768,9.619921152298813,ER
2024-03-29,ID,5,11.277911379794718,11.991921826642713,9.619921152298813,ER
2024-03-30,ID,5,9.974900843781397,11.655717439518758,9.619921152298813,ER
2024-03-31,ID,5,8.303761972952541,11.469150636385436,9.619921152298813,ER
2024-04-01,ID,5,5.067752757174254,11.682804684434073,9.619921152298813,ER
2024-04-02,ID,5,6.0636695742560835,12.153445087985103,9.619921152298813,ER
2024-04-03,ID,5,11.84491412055878,12.767456224861107,9.619921152298813,ER
2024-04-04,ID,5,31.71063605070096,13.411222472884663,9.619921152298813,ER
2024-04-05,ID,5,13.1412947093057,14.320129511548947,9.619921152298813,ER
2024-04-06,ID,5,13.678961973409097,15.522395881044483,9.619921152298813,ER
2024-04-07,ID,5,14.998626122385504,16.593655250239898,9.619921152298813,ER
2024-04-08,ID,5,14.810484765342366,16.961261613100696,9.619921152298813,ER
2024-04-09,ID,5,16.483399702198582,17.347375140549957,9.619921152298813,ER
2024-04-10,ID,5,16.72293203679249,18.711155231719918,9.619921152298813,ER
2024-04-11,ID,5,19.798177535574673,20.600884843671327,9.619921152298813,ER
2024-04-12,ID,5,24.19950646355708,22.41809224760194,9.619921152298813,ER
2024-04-13,ID,5,19.917975633569572,23.564305714709512,9.619921152298813,ER
2024-04-14,ID,5,22.81067037581941,24.051110478951834,9.619921152298813,ER
2024-04-15,ID,5,27.04815606025033,24.224637714390578,9.619921152298813,ER
2024-04-16,ID,5,30.3043273988568,23.988234602379325,9.619921152298813,ER
2024-04-17,ID,5,31.004273643705364,23.24524832427165,9.619921152298813,ER
2024-04-18,ID,5,15.545853867934612,21.54584455810283,9.619921152298813,ER
2024-04-19,ID,5,15.614234400937592,18.979284030904637,9.619921152298813,ER
2024-04-20,ID,5,12.453840010779082,16.25755649752542,9.619921152298813,ER
2024-04-21,ID,5,19.167047799234787,14.092651712813513,9.619921152298813,ER
2024-04-22,ID,5,12.458648468656882,12.273715994883982,9.619921152298813,ER
2024-04-23,ID,5,6.248137020641905,10.449486928265763,9.619921152298813,ER
2024-05-26,ID,6,28.6298853406848,28.545824736496378,9.619921152298813,ER
2024-05-27,ID,6,28.229007674391713,28.350228614250494,9.619921152298813,ER
2024-05-28,ID,6,28.52242932318224,29.09821234819129,9.619921152298813,ER
2024-05-29,ID,6,31.3343981954653,30.843538870948215,9.619921152298813,ER
2024-05-30,ID,6,31.044723286117105,30.613932286220013,9.619921152298813,ER
2024-05-31,ID,6,28.379653303911265,29.214645352736476,9.619921152298813,ER
2024-06-01,ID,6,29.635238677953847,30.589629454092446,9.619921152298813,ER
2024-06-02,ID,6,30.311714346494405,24.824782245802844,9.619921152298813,ER
2024-06-03,ID,6,13.569764542043426,22.196876786849568,9.619921152298813,ER
2024-06-04,ID,6,33.51195450455959,27.393570911713994,9.619921152298813,ER
2024-06-05,ID,6,32.69881485837404,34.86529153725696,9.619921152298813,ER
2024-06-06,ID,6,32.7969473138567,31.82068564602607,9.619921152298813,ER
2024-06-07,ID,6,27.462049138191297,27.943657443049283,9.619921152298813,ER
2024-06-08,ID,6,22.972142387790115,23.040117290748732,9.619921152298813,ER
2024-06-09,ID,6,19.37841809064285,19.436696437206024,9.619921152298813,ER
2024-06-10,ID,6,15.853203204856497,15.40517692033406,9.619921152298813,ER
2024-06-11,ID,6,10.815329757067229,10.94561323505764,9.619921152298813,ER
2022-08-26,IU,1,9.6884943752282755,9.71830699056138,9.619921152298813,ER
2022-08-27,IU,1,9.947444363868533,9.859423064628263,9.619921152298813,ER
2022-08-28,IU,1,9.527360446242565,9.994310636093042,9.619921152298813,ER
2022-08-29,IU,1,9.533280986590327,10.122692246318092,9.619921152298813,ER
2022-08-30,IU,1,9.70767635814409,10.244290436665784,9.619921152298813,ER
2022-08-31,IU,1,10.790588986893615,10.358827748498484,9.619921152298813,ER
2022-09-01,IU,1,9.75948276436437,10.467682179086733,9.619921152298813,ER
2022-09-02,IU,1,10.38314548242303,10.571484238458874,9.619921152298813,ER
2022-09-03,IU,1,10.47864003683521,10.668835237114015,9.619921152298813,ER
2022-09-04,IU,1,11.40695175784385,10.758336485551267,9.619921152298813,ER
2022-09-05,IU,1,10.632408930268364,10.838589294269724,9.619921152298813,ER
2022-09-06,IU,1,10.437442108594428,10.914085410221363,9.619921152298813,ER
2022-09-07,IU,1,10.739840809891009,10.987686315790851,9.619921152298813,ER
2022-09-08,IU,1,10.314591891127984,11.055547924626369,9.619921152298813,ER
2022-09-09,IU,1,11.811144342308602,11.113826150376081,9.619921152298813,ER
2022-09-10,IU,1,11.095971304132016,11.158676906688163,9.619921152298813,ER
2022-09-11,IU,1,10.976659514343098,11.198948822694414,9.619921152298813,ER
2022-09-12,IU,1,11.662608180984726,11.241162797326949,9.619921152298813,ER
2022-09-13,IU,1,11.142842760117434,11.2779831489344,9.619921152298813,ER
2022-09-14,IU,1,11.047661328736067,11.302074195865414,9.619921152298813,ER
2022-09-15,IU,1,11.85151499723846,11.306100256468625,9.619921152298813,ER
2022-09-16,IU,1,12.256956700843066,11.283754905462779,9.619921152298813,ER
2022-09-17,IU,1,11.21961340824434,11.239304625816313,9.619921152298813,ER
2022-09-18,IU,1,11.064349159754157,11.181273098252406,9.619921152298813,ER
2022-09-19,IU,1,11.333206245453296,11.11818400349424,9.619921152298813,ER
2022-09-20,IU,1,11.179194360349394,11.058561022264996,9.619921152298813,ER
2022-09-21,IU,1,11.007500239249495,10.988031543117316,9.619921152298813,ER
2022-09-22,IU,1,10.752183204214962,10.891064433397023,9.619921152298813,ER
2022-09-23,IU,1,10.489931565384214,10.774445592017061,9.619921152298813,ER
2022-09-24,IU,1,10.62947586090657,10.644960917890383,9.619921152298813,ER
2022-09-25,IU,1,10.503178510371924,10.509396309929935,9.619921152298813,ER
2022-09-26,IU,1,10.24819548359073,10.374537667048667,9.619921152298813,ER
2022-09-27,IU,1,10.059366263996042,10.247170888159523,9.619921152298813,ER
2022-09-28,IU,1,10.33011537181678,10.134081872175457,9.619921152298813,ER
2022-09-29,IU,1,10.085438935225636,10.042056518009414,9.619921152298813,ER
2022-09-30,IU,1,10.027975524818904,9.957839959849293,9.619921152298813,ER
2022-10-01,IU,1,9.68176484315176,9.867993869624186,9.619921152298813,ER
2022-10-02,IU,1,9.941833691599507,9.779028952858832,9.619921152298813,ER
2022-10-03,IU,1,9.270169659999556,9.697455915077974,9.619921152298813,ER
2022-10-04,IU,1,9.392864667008956,9.62978546180635,9.619921152298813,ER
2022-10-05,IU,1,9.6231391284246,9.577552021967147,9.619921152298813,ER
2023-06-15,IU,2,11.1072116772223,9.627177375228523,9.619921152298813,ER
2023-06-16,IU,2,9.21254752587522,9.658369029254809,9.619921152298813,ER
2023-06-17,IU,2,9.429844476074182,9.685634364282455,9.619921152298813,ER
2023-06-18,IU,2,9.27995689562646,9.707465000631494,9.619921152298813,ER
2023-06-19,IU,2,9.390652215857124,9.727919143367584,9.619921152298813,ER
2023-06-20,IU,2,8.770126142131712,9.751525145341517,9.619921152298813,ER
2023-06-21,IU,2,9.222731305685992,9.777479848551012,9.619921152298813,ER
2023-06-22,IU,2,9.638697484354886,9.804980094993805,9.619921152298813,ER
2023-06-23,IU,2,9.583603962212004,9.83322272666762,9.619921152298813,ER
2023-06-24,IU,2,9.44178572316276,9.86140458557019,9.619921152298813,ER
2023-06-25,IU,2,9.692351118799156,9.888722513699241,9.619921152298813,ER
2023-06-29,IU,2,10.283853574416472,9.973291758434822,9.619921152298813,ER
2023-06-30,IU,2,10.467063084355829,9.984242662662206,9.619921152298813,ER
2023-07-01,IU,2,10.547603359773507,9.991696714148688,9.619921152298813,ER
2023-07-02,IU,2,10.508212640802473,9.997679669512323,9.619921152298813,ER
2023-07-03,IU,2,10.575306651904445,10.002352703611944,9.619921152298813,ER
2023-07-04,IU,2,10.60817444264665,10.005876991306389,9.619921152298813,ER
2023-07-05,IU,2,10.344978666050547,10.0084137074545,9.619921152298813,ER
2023-07-06,IU,2,10.428714158012866,10.01012402691511,9.619921152298813,ER
2023-07-07,IU,2,11.510411399156371,10.011169124547058,9.619921152298813,ER
2023-07-08,IU,2,10.200182700938749,10.011710175209181,9.619921152298813,ER
2023-07-09,IU,2,9.828468652912388,10.009437681570985,9.619921152298813,ER
2023-07-10,IU,2,9.802696635029378,10.00257500609961,9.619921152298813,ER
2023-07-12,IU,2,9.5858475900586,9.97892096787847,9.619921152298813,ER
2023-07-13,IU,2,10.056947892280323,9.964050534239291,9.619921152298813,ER
2023-07-14,IU,2,9.454700226677849,9.948431776988098,9.619921152298813,ER
2023-07-15,IU,2,10.170021762133192,9.933025160680176,9.619921152298813,ER
2023-07-16,IU,2,10.44906293094444,9.91879114987082,9.619921152298813,ER
2023-07-17,IU,2,9.541208746511623,9.90669020911532,9.619921152298813,ER
2023-07-18,IU,2,9.39543690135882,9.89768280296897,9.619921152298813,ER
2023-07-19,IU,2,9.428406735929434,9.887467308696984,9.619921152298813,ER
2023-07-20,IU,2,9.56450053527781,9.871922698245315,9.619921152298813,ER
2023-07-21,IU,2,9.444580742977603,9.85228032819033,9.619921152298813,ER
2023-07-23,IU,2,9.778458639033405,9.80562773557593,9.619921152298813,ER
2023-07-24,IU,2,9.58750743075721,9.781080226169266,9.619921152298813,ER
2023-07-25,IU,2,9.370463998817142,9.75736038346479,9.619921152298813,ER
2023-07-26,IU,2,9.798162130271049,9.735699564038885,9.619921152298813,ER
2023-07-27,IU,2,8.971770961462783,9.71732912446792,9.619921152298813,ER
2023-07-28,IU,2,10.257877337113367,9.703480421328276,9.619921152298813,ER
2023-07-29,IU,2,9.751623479873423,9.691856108421485,9.619921152298813,ER
2023-07-30,IU,2,9.93839707643562,9.679551107697117,9.619921152298813,ER
2023-07-31,IU,2,9.582944531004808,9.666885177953606,9.619921152298813,ER
2023-08-01,IU,2,9.288612129671243,9.654178077989382,9.619921152298813,ER
2023-08-02,IU,2,9.715179466379672,9.641749566602874,9.619921152298813,ER
2023-08-03,IU,2,9.149064681322418,9.629919402592515,9.619921152298813,ER
2023-08-04,IU,2,10.116201922476394,9.619007344756739,9.619921152298813,ER
2023-12-23,IU,3,12.162336432457735,11.55379809147667,9.619921152298813,ER
2023-12-24,IU,3,12.53114777677585,11.873257595962738,9.619921152298813,ER
2023-12-25,IU,3,13.363307384326776,12.11293179257749,9.619921152298813,ER
2023-12-26,IU,3,12.624881087794751,12.337346672003184,9.619921152298813,ER
2023-12-27,IU,3,11.909165833265831,12.50496840510155,9.619921152298813,ER
2023-12-28,IU,3,12.322879075931548,12.546504754201582,9.619921152298813,ER
2023-12-29,IU,3,11.63532893039796,12.496973374256882,9.619921152298813,ER
2023-12-30,IU,3,12.159424596374985,12.471305275066108,9.619921152298813,ER
2023-12-31,IU,3,12.903035186600956,12.419295161989798,9.619921152298813,ER
2024-01-01,IU,3,12.71455528201608,12.295568811370785,9.619921152298813,ER
2024-01-02,IU,3,11.69685985114229,12.22230383948116,9.619921152298813,ER
2024-01-03,IU,3,13.517234132681937,12.220916816487758,9.619921152298813,ER
2024-01-04,IU,3,11.045648987596438,12.225478135678138,9.619921152298813,ER
2024-01-05,IU,3,12.817345477247954,12.227146148005485,9.619921152298813,ER
2024-01-06,IU,3,11.13338905210137,12.236090569922307,9.619921152298813,ER
2024-01-07,IU,3,11.312905999792632,12.254322607932252,9.619921152298813,ER
2024-01-08,IU,3,12.930005276960122,12.260762848065223,9.619921152298813,ER
2024-01-09,IU,3,13.14667109066068,12.254411187462987,9.619921152298813,ER
2024-01-10,IU,3,11.23896500863964,12.246604867635988,9.619921152298813,ER
2024-01-11,IU,3,13.455873813191294,12.234770491167149,9.619921152298813,ER
2024-01-12,IU,3,13.819059911291884,12.207585496947036,9.619921152298813,ER
2024-01-13,IU,3,10.071460561657965,12.171666966745937,9.619921152298813,ER
2024-01-14,IU,3,11.451575229795818,12.15135096746636,9.619921152298813,ER
2024-01-15,IU,3,14.198249319553376,12.139079079217483,9.619921152298813,ER
2024-01-16,IU,3,11.457093892360184,12.120000003352072,9.619921152298813,ER
2024-01-17,IU,3,10.175688410913502,12.107510488638031,9.619921152298813,ER
2024-01-18,IU,3,15.348672129396956,12.101976121967441,9.619921152298813,ER
2024-01-19,IU,3,9.942266584813542,12.097479108385876,9.619921152298813,ER
2024-01-20,IU,3,11.057417847867796,12.097991123891466,9.619921152298813,ER
2024-01-21,IU,3,10.958795504376967,12.107483844482342,9.619921152298813,ER
2024-01-22,IU,3,14.714168954601517,12.144554419116739,9.619921152298813,ER
2024-01-23,IU,3,13.136736372398572,12.20279607106679,9.619921152298813,ER
2024-01-24,IU,3,11.801873375419278,12.248674587801496,9.619921152298813,ER
2024-01-25,IU,3,13.137593476012851,12.31041982898571,9.619921152298813,ER
2024-01-26,IU,3,10.459550033184067,12.395794492207894,9.619921152298813,ER
2024-01-27,IU,3,12.603838614296812,12.440563621822454,9.619921152298813,ER
2024-01-28,IU,3,11.282865911691207,12.445094865763295,9.619921152298813,ER
2024-01-29,IU,3,13.339949068841552,12.441509560808157,9.619921152298813,ER
2024-01-30,IU,3,12.803710157011864,12.413203284577197,9.619921152298813,ER
2024-01-31,IU,3,12.209835699273844,12.339286989621757,9.619921152298813,ER
2024-02-01,IU,3,12.343998050355896,12.235541126564783,9.619921152298813,ER
2024-02-02,IU,3,13.20357540373803,12.140365520133852,9.619921152298813,ER
2024-02-03,IU,3,12.595417327961211,12.046758225929144,9.619921152298813,ER
2024-02-04,IU,3,11.175236940939287,11.936820358190209,9.619921152298813,ER
2024-02-05,IU,3,11.940164911859243,11.83260632960367,9.619921152298813,ER
2024-02-06,IU,3,11.059275920787664,11.700122000068514,9.619921152298813,ER
2024-02-07,IU,3,11.12109067522967,11.53586868807177,9.619921152298813,ER
2024-03-19,IU,4,11.715604435363325,11.595808504511842,9.619921152298813,ER
2024-03-20,IU,4,11.627605532853751,11.700214495404184,9.619921152298813,ER
2024-03-21,IU,4,11.967891805120528,11.798505931385453,9.619921152298813,ER
2024-03-22,IU,4,12.354055227254351,11.890563575132854,9.619921152298813,ER
2024-03-23,IU,4,11.647977808327637,11.97611454159947,9.619921152298813,ER
2024-03-24,IU,4,11.513762340064632,12.055208716330185,9.619921152298813,ER
2024-03-25,IU,4,11.99889950266616,12.128211017889909,9.619921152298813,ER
2024-03-26,IU,4,12.956850680499173,12.19548636484355,9.619921152298813,ER
2024-03-27,IU,4,11.844545851091816,12.243484317881396,9.619921152298813,ER
2024-03-28,IU,4,12.11940656566952,12.267464423247526,9.619921152298813,ER
2024-03-29,IU,4,12.231310526008096,12.281006577837548,9.619921152298813,ER
2024-03-30,IU,4,12.893995880013213,12.297690678547067,9.619921152298813,ER
2024-03-31,IU,4,12.562440262486485,12.331096622271687,9.619921152298813,ER
2024-04-01,IU,4,12.42162265360306,12.327647086413256,9.619921152298813,ER
2024-04-02,IU,4,12.39577115920472,12.25879416537294,9.619921152298813,ER
2024-04-03,IU,4,14.025340585529106,12.175661881545347,9.619921152298813,ER
2024-04-04,IU,4,11.68828784088154,12.129374257325077,9.619921152298813,ER
2024-04-05,IU,4,12.596397198530196,12.171055315106734,9.619921152298813,ER
2024-04-06,IU,4,12.05385236091409,12.268902215714819,9.619921152298813,ER
2024-04-07,IU,4,12.695991905232574,12.365927800204233,9.619921152298813,ER
2024-04-08,IU,4,12.791364353170126,12.475479611315196,9.619921152298813,ER
2024-04-09,IU,4,11.34659958352114,12.61090519178793,9.619921152298813,ER
2024-04-10,IU,4,14.57479034983816,12.785552084362648,9.619921152298813,ER
2024-04-11,IU,4,10.149614966339124,13.085027717892896,9.619921152298813,ER
2024-04-12,IU,4,12.17828358788892,13.50672050461115,9.619921152298813,ER
2024-04-13,IU,4,11.96173881740493,13.931649462326044,9.619921152298813,ER
2024-04-14,IU,4,11.642712362228748,14.24083360884621,9.619921152298813,ER
2024-04-15,IU,4,12.159634139570567,14.549790408494399,9.619921152298813,ER
2024-04-16,IU,4,15.556364772861125,14.987267508547632,9.619921152298813,ER
2024-04-17,IU,4,16.167575262291606,15.454129201245948,9.619921152298813,ER
2024-04-18,IU,4,16.350989911041204,15.85123977882938,9.619921152298813,ER
2024-04-19,IU,4,16.60056697218413,16.07946353353796,9.619921152298813,ER
2024-04-20,IU,4,16.76225785344477,16.198550392396953,9.619921152298813,ER
2024-04-21,IU,4,19.231299673647467,16.318952887179808,9.619921152298813,ER
2024-04-22,IU,4,16.80926125413667,16.4175892172489,9.619921152298813,ER
2024-04-23,IU,4,18.567776727405885,16.47137758196657,9.619921152298813,ER
2024-04-24,IU,4,19.651153638549506,16.457236180695183,9.619921152298813,ER
2024-04-25,IU,4,19.89627035828707,16.303406161819613,9.619921152298813,ER
2024-04-26,IU,4,17.705724329474997,16.005560515147742,9.619921152298813,ER
2024-04-27,IU,4,16.065093452841236,15.64176520217644,9.619921152298813,ER
2024-04-28,IU,4,13.556003017779016,15.290086184402583,9.619921152298813,ER
2024-04-29,IU,4,13.46143979486064,15.02858942332304,9.619921152298813,ER
2024-04-30,IU,4,12.855471946964068,14.708399890995437,9.619921152298813,ER
2024-05-01,IU,4,13.297454834816836,14.228881894129897,9.619921152298813,ER
2024-05-02,IU,4,14.006171565352089,13.740460396202048,9.619921152298813,ER
2024-05-03,IU,4,8.304415153319724,13.39356036068751,9.619921152298813,ER
2024-05-04,IU,4,15.939266569347536,13.156071781813546,9.619921152298813,ER
2024-05-05,IU,4,10.918534357995728,12.905373233159215,9.619921152298813,ER
2024-05-06,IU,4,9.039959464746437,12.65612254722786,9.619921152298813,ER
2024-05-07,IU,4,12.779465116044838,12.422977556522815,9.619921152298813,ER
2024-05-08,IU,4,13.159003910739877,12.220596093547428,9.619921152298813,ER
2024-05-09,IU,4,12.163000458798344,12.086505285646036,9.619921152298813,ER
2024-05-10,IU,4,10.683556748629226,12.016767344204455,9.619921152298813,ER
2024-05-11,IU,4,14.11567693077737,11.963842727788252,9.619921152298813,ER
2024-05-12,IU,4,10.73363840559536,11.880191894962987,9.619921152298813,ER
2024-05-13,IU,4,16.052124692753008,11.790380818967297,9.619921152298813,ER
2024-05-14,IU,4,12.024298810699934,11.738406987351901,9.619921152298813,ER
2024-05-15,IU,4,11.99429664886474,11.705878130150495,9.619921152298813,ER
2024-05-16,IU,4,13.536206705513184,11.67440197739677,9.619921152298813,ER
2024-05-17,IU,4,10.18624639205084,11.62558625912442,9.619921152298813,ER
2024-05-18,IU,4,12.833882765756078,11.55873039094384,9.619921152298813,ER
2024-05-19,IU,4,12.31532776912354,11.488415588787777,9.619921152298813,ER
2022-11-26,LF,1,11.251723866993103,11.651673835362272,9.70882773243842,ER
2022-11-27,LF,1,9.837910715770828,11.719058852148782,9.70882773243842,ER
2022-11-28,LF,1,8.439015088627574,11.727630222052326,9.70882773243842,ER
2022-11-29,LF,1,9.403591221252752,11.741603266025503,9.70882773243842,ER
2022-11-30,LF,1,10.374072234440076,11.81826955057312,9.70882773243842,ER
2022-12-01,LF,1,14.448651715800532,11.911825643489115,9.70882773243842,ER
2022-12-02,LF,1,15.879606949761174,11.976468112567431,9.70882773243842,ER
2022-12-03,LF,1,20.5096771535781,11.966393525602012,9.70882773243842,ER
2022-12-04,LF,1,12.339855846890806,11.906426802679828,9.70882773243842,ER
2022-12-05,LF,1,11.90998127855866,11.843564752078786,9.70882773243842,ER
2022-12-06,LF,1,11.723227669188011,11.765261773879235,9.70882773243842,ER
2022-12-07,LF,1,10.526489952387449,11.65897226816153,9.70882773243842,ER
2022-12-08,LF,1,10.315548209028137,11.512150635006021,9.70882773243842,ER
2023-06-07,LF,3,10.254430254755183,11.200241345564798,10.955756150214846,ER
2023-06-08,LF,3,11.417948795236711,11.557786409934053,10.955756150214846,ER
2023-06-09,LF,3,12.332656511355516,11.813839886481192,10.955756150214846,ER
2023-06-10,LF,3,12.948900966970204,11.969216443195169,10.955756150214846,ER
2023-06-11,LF,3,12.998650652023066,12.041339173387275,10.955756150214846,ER
2023-06-12,LF,3,12.337721452743027,12.024128816563822,10.955756150214846,ER
2023-06-13,LF,3,12.58783906285933,11.918156461627259,10.955756150214846,ER
2023-06-14,LF,3,11.1586004572419,11.60382441741228,10.955756150214846,ER
2023-06-15,LF,3,12.012734486804296,11.097726468589142,10.955756150214846,ER
2023-06-16,LF,3,10.265058142933627,10.631548446316678,10.955756150214846,ER
2024-01-16,LF,5,3.369728992859678,11.168322060187156,9.256461641977884,ER
2024-01-17,LF,5,17.445340559100945,11.444605644075521,9.256461641977884,ER
2024-01-18,LF,5,14.331420342977104,11.636042566300116,9.256461641977884,ER
2024-01-19,LF,5,12.822300847488052,11.67362811637104,9.256461641977884,ER
2024-01-20,LF,5,14.731616777910096,11.475364557405124,9.256461641977884,ER
2024-01-21,LF,5,15.595920647859096,11.076952343972124,9.256461641977884,ER
2024-04-17,LF,6,10.457063368240105,11.146425075907201,9.256461641977884,ER
2024-04-18,LF,6,9.95145341093226,11.758694580931351,9.256461641977884,ER
2024-04-19,LF,6,9.532788035376218,12.403918787309674,9.256461641977884,ER
2024-04-20,LF,6,21.996653661206796,12.962587517642175,9.256461641977884,ER
2024-04-21,LF,6,15.022770847079284,13.555084483897836,9.256461641977884,ER
2024-04-22,LF,6,14.615816732530371,14.225824378761256,9.256461641977884,ER
2024-04-23,LF,6,14.448636344910234,14.74134349590587,9.256461641977884,ER
2024-04-24,LF,6,14.53826813446403,14.973377031278195,9.256461641977884,ER
2024-04-25,LF,6,14.314957694382008,15.057971556250912,9.256461641977884,ER
2024-04-26,LF,6,14.445691419619257,15.158130427636706,9.256461641977884,ER
2024-04-27,LF,6,14.54355745106636,15.164740714002496,9.256461641977884,ER
2024-04-28,LF,6,15.21754383809943,15.016716326980042,9.256461641977884,ER
2024-04-29,LF,6,13.097380834595386,14.94910088797932,9.256461641977884,ER
2024-04-30,LF,6,14.931578296529002,15.071214511754047,9.256461641977884,ER
2024-05-01,LF,6,18.997797989203605,15.242138604138457,9.256461641977884,ER
2024-05-02,LF,6,12.92819341227842,15.321558723163314,9.256461641977884,ER
2024-05-03,LF,6,13.76948151604658,15.347712343150278,9.256461641977884,ER
2024-05-04,LF,6,15.572708590842884,15.401157315370835,9.256461641977884,ER
2024-05-05,LF,6,16.400602906028332,15.40505976328048,9.256461641977884,ER
2024-05-06,LF,6,15.751941389470574,15.282585810334695,9.256461641977884,ER
2024-05-07,LF,6,15.788036324458158,14.956647855378973,9.256461641977884,ER
2024-05-08,LF,6,14.852394841005504,14.509283384946782,9.256461641977884,ER
2024-05-09,LF,6,14.883438636080523,14.102346154025572,9.256461641977884,ER
2024-05-10,LF,6,15.4483935862299,13.60369267916619,9.256461641977884,ER
2024-05-11,LF,6,14.295047790997812,12.961666745194993,9.256461641977884,ER
2024-05-12,LF,6,9.597423550973796,12.458853009512687,9.256461641977884,ER
2024-05-13,LF,6,9.530988291585034,12.053453266452214,9.256461641977884,ER
2024-05-14,LF,6,11.979390423514156,11.610148670184358,9.256461641977884,ER
2024-05-15,LF,6,11.72875753768382,11.271242917866603,9.256461641977884,ER
2024-05-16,LF,6,9.892496570088886,10.987043576759401,9.256461641977884,ER
2023-02-14,OS,2,3.634908457579733,5.032024003991964,3.8811866061729816,ER
2023-02-15,OS,2,6.644621452666462,5.630457464619898,3.8811866061729816,ER
2023-02-16,OS,2,8.14309055137883,6.408033367957207,3.8811866061729816,ER
2023-02-17,OS,2,4.5826173333984785,7.033870531278344,3.8811866061729816,ER
2023-02-22,OS,2,9.798233752404965,9.37495924110985,3.8811866061729816,ER
2023-02-23,OS,2,12.089449068954169,9.792389337093242,3.8811866061729816,ER
2023-02-24,OS,2,13.06772448565112,10.159819084293481,3.8811866061729816,ER
2023-02-25,OS,2,11.599229052260808,10.463075139801067,3.8811866061729816,ER
2023-02-26,OS,2,10.899319285286362,10.68798416070649,3.8811866061729816,ER
2023-02-27,OS,2,10.539245162846148,10.820372804100248,3.8811866061729816,ER
2023-02-28,OS,2,10.689266331321392,10.889761789471605,3.8811866061729816,ER
2023-03-01,OS,2,10.57642312598229,10.942410608385744,3.8811866061729816,ER
2023-03-02,OS,2,10.107525903797976,10.989254076047052,3.8811866061729816,ER
2023-03-03,OS,2,10.089703851011963,11.041227007659904,3.8811866061729816,ER
2023-03-04,OS,2,10.077525529558011,11.05465121582484,3.8811866061729816,ER
2023-03-05,OS,2,9.670361918385044,11.018101753442664,3.8811866061729816,ER
2023-03-06,OS,2,9.235341814055236,10.990893296168164,3.8811866061729816,ER
2023-03-07,OS,2,12.004636102597791,10.966341678343975,3.8811866061729816,ER
2023-03-25,OS,2,5.293137329850799,7.354566042113379,3.8811866061729816,ER
2023-03-26,OS,2,7.985719766678019,7.228142547763231,3.8811866061729816,ER
2023-03-27,OS,2,8.28202603536967,7.135883684940865,3.8811866061729816,ER
2023-03-28,OS,2,10.246483788089376,7.0806636834125785,3.8811866061729816,ER
2023-03-30,OS,2,3.6049894034361096,7.058684501287125,3.8811866061729816,ER
2023-03-31,OS,2,3.917060665657753,7.076343193755244,3.8811866061729816,ER
2023-04-01,OS,2,6.630327259085187,7.091837065341691,3.8811866061729816,ER
2023-04-02,OS,2,7.417311366591456,7.092042897387721,3.8811866061729816,ER
2023-04-03,OS,2,6.0675713266247415,7.07748478155753,3.8811866061729816,ER
2023-04-04,OS,2,7.04840706303357,7.048686809515318,3.8811866061729816,ER
2023-04-05,OS,2,7.68463978589772,7.007995365915965,3.8811866061729816,ER
2023-04-06,OS,2,7.351592001456011,6.955119140990693,3.8811866061729816,ER
2023-04-07,OS,2,7.619191418344332,6.886625684768223,3.8811866061729816,ER
2023-04-08,OS,2,8.506653767151366,6.795787899388715,3.8811866061729816,ER
2023-04-09,OS,2,9.183220311724051,6.680779211523208,3.8811866061729816,ER
2023-04-10,OS,2,6.08392145777282,6.545517957996738,3.8811866061729816,ER
2023-04-11,OS,2,5.850979619129367,6.393922475634344,3.8811866061729816,ER
2023-04-12,OS,2,5.015406723577456,6.229911101261062,3.8811866061729816,ER
2023-04-13,OS,2,5.8508624535533,6.057402171701927,3.8811866061729816,ER
2023-04-14,OS,2,6.631981555784085,5.802804636476878,3.8811866061729816,ER
2023-04-15,OS,2,5.2893863965742565,5.4563779710042635,3.8811866061729816,ER
2023-04-16,OS,2,3.6615936064330863,5.117816300956738,3.8811866061729816,ER
2023-04-17,OS,2,3.818099216533984,4.886813752006956,3.8811866061729816,ER
2023-04-18,OS,2,6.516376591583465,4.75013643418642,3.8811866061729816,ER
2023-04-19,OS,2,4.828982748338834,4.634411890219692,3.8811866061729816,ER
2023-06-27,OS,3,6.906779485053188,7.485692073714015,5.921142696844613,ER
2023-06-28,OS,3,7.06112020773656,7.620534921373364,5.921142696844613,ER
2023-06-29,OS,3,7.459179234648204,7.747824562888867,5.921142696844613,ER
2023-06-30,OS,3,8.30487395114016,7.867328199868703,5.921142696844613,ER
2023-07-01,OS,3,8.330988714829981,7.978682011247638,5.921142696844613,ER
2023-07-02,OS,3,9.266843849473984,8.081772211489264,5.921142696844613,ER
2023-07-03,OS,3,9.58993419544196,8.176485015057166,5.921142696844613,ER
2023-07-04,OS,3,9.032427525516487,8.262706636414928,5.921142696844613,ER
2023-07-05,OS,3,9.46582014223668,8.356509143764105,5.921142696844613,ER
2023-07-06,OS,3,8.254767396890415,8.462578940395773,5.921142696844613,ER
2023-07-07,OS,3,8.841025411087381,8.563723743407797,5.921142696844613,ER
2023-07-08,OS,3,7.0345682215977865,8.642751269898048,5.921142696844613,ER
2023-07-09,OS,3,6.230435091597773,8.698674451103411,5.921142696844613,ER
2023-07-10,OS,3,7.07690856285507,8.742701274171019,5.921142696844613,ER
2023-07-11,OS,3,6.277269320164642,8.775932040064108,5.921142696844613,ER
2023-07-12,OS,3,5.724658456337296,8.79946704974591,5.921142696844613,ER
2023-07-13,OS,3,6.97604363082337,8.814406604179661,5.921142696844613,ER
2023-07-14,OS,3,10.351569837860174,8.821887206473791,5.921142696844613,ER
2023-07-15,OS,3,11.894697118807022,8.821816324617158,5.921142696844613,ER
2023-07-16,OS,3,10.669190439832883,8.813450706893624,5.921142696844613,ER
2023-07-17,OS,3,12.405080127880094,8.79604710158706,5.921142696844613,ER
2023-07-18,OS,3,12.242472548855508,8.778694504324239,5.921142696844613,ER
2023-07-19,OS,3,8.995672865051592,8.765773015759443,5.921142696844613,ER
2023-07-20,OS,3,7.767992100530525,8.749476041717813,5.921142696844613,ER
2023-07-21,OS,3,7.709863738736035,8.721996988024491,5.921142696844613,ER
2023-07-22,OS,3,10.975848527705995,8.675529260504618,5.921142696844613,ER
2023-07-23,OS,3,7.644669515996631,8.549158553144204,5.921142696844613,ER
2023-07-24,OS,3,3.182974448282951,8.339199004825929,5.921142696844613,ER
2023-07-25,OS,3,6.6683881694840546,8.123686688719943,5.921142696844613,ER
2023-07-26,OS,3,7.667168439827312,7.980657677996391,5.921142696844613,ER
2023-07-27,OS,3,8.014312353406808,7.859512552001428,5.921142696844613,ER
2023-07-28,OS,3,8.116964948797497,7.685457974405779,5.921142696844613,ER
2023-07-29,OS,3,8.522683104287205,7.50023914486646,5.921142696844613,ER
2023-07-30,OS,3,9.078322659714887,7.345601263040481,5.921142696844613,ER
2023-07-31,OS,3,7.776309258500838,7.263289528584858,5.921142696844613,ER
2023-08-01,OS,3,7.09289711355892,7.288273942723731,5.921142696844613,ER
2023-08-02,OS,3,6.689323057110804,7.3879975897245,5.921142696844613,ER
2023-08-03,OS,3,6.49045441175592,7.502915293809061,5.921142696844613,ER
2023-08-04,OS,3,6.201792594997968,7.573481879199312,5.921142696844613,ER
2023-08-05,OS,3,7.646798644774389,7.631022666377493,5.921142696844613,ER
2023-08-06,OS,3,8.541139161631335,7.72950063341692,5.921142696844613,ER
2023-08-07,OS,3,7.276100255848567,7.843327090926101,5.921142696844613,ER
2023-08-08,OS,3,7.61745417194502,7.9469133495135464,5.921142696844613,ER
2023-08-09,OS,3,7.946396165746193,8.014670719787768,5.921142696844613,ER
2023-08-10,OS,3,8.346346911829198,8.06142766077772,5.921142696844613,ER
2023-08-11,OS,3,8.774692391605473,8.113793772874448,5.921142696844613,ER
2023-08-12,OS,3,9.071243045122811,8.1638520787296,5.921142696844613,ER
2023-08-13,OS,3,8.71580423758324,8.203685600994817,5.921142696844613,ER
2023-08-14,OS,3,8.695456954139273,8.214969226447087,5.921142696844613,ER
2023-08-15,OS,3,9.254439986009642,8.198406477208486,5.921142696844613,ER
2023-08-16,OS,3,7.7490906942012545,8.17462332894831,5.921142696844613,ER
2023-08-17,OS,3,7.427718170107246,8.164245757335852,5.921142696844613,ER
2023-08-18,OS,3,8.098991332931137,8.187899738040404,5.921142696844613,ER
2023-08-19,OS,3,8.218813505393,8.20856754066377,5.921142696844613,ER
2023-08-20,OS,3,8.387624583468897,8.199634915948884,5.921142696844613,ER
2023-08-21,OS,3,8.700330153526282,8.19733306127674,5.921142696844613,ER
2023-08-22,OS,3,7.799008499402192,8.23789317402833,5.921142696844613,ER
2023-08-23,OS,3,8.387213685881267,8.352046826331893,5.921142696844613,ER
2023-08-24,OS,3,8.131356869712196,8.521187393317993,5.921142696844613,ER
2023-08-25,OS,3,7.943206472573706,8.70753877687111,5.921142696844613,ER
2023-08-26,OS,3,7.959110820653448,8.873324878875726,5.921142696844613,ER
2023-08-27,OS,3,7.986708555480684,8.980769601216316,5.921142696844613,ER
2023-08-28,OS,3,7.7327561433736145,9.062865483925723,5.921142696844613,ER
2023-08-29,OS,3,8.371401713595226,9.162061768412766,5.921142696844613,ER
2023-08-30,OS,3,10.18956780672556,9.254767408625915,5.921142696844613,ER
2023-08-31,OS,3,8.115707974052757,9.317391358513625,5.921142696844613,ER
2023-09-01,OS,3,9.037462729326814,9.37642625595972,5.921142696844613,ER
2023-09-02,OS,3,12.081550279250704,9.459095718022713,5.921142696844613,ER
2023-09-03,OS,3,13.46852252606075,9.542905167413116,5.921142696844613,ER
2023-09-04,OS,3,15.373254427558264,9.605360026841446,5.921142696844613,ER
2023-09-05,OS,3,8.32776409834709,9.623965719018216,5.921142696844613,ER
2023-09-06,OS,3,8.567528495703344,9.621269073678684,5.921142696844613,ER
2023-09-07,OS,3,8.929552177093134,9.6258231795353435,5.921142696844613,ER
2023-09-08,OS,3,8.884489338621513,9.624142847764562,5.921142696844613,ER
2023-09-09,OS,3,8.831733084225123,9.602742889542707,5.921142696844613,ER
2023-09-10,OS,3,9.075993941264686,9.540588232965204,5.921142696844613,ER
2023-09-11,OS,3,8.875079287101837,9.440097800210713,5.921142696844613,ER
2023-09-12,OS,3,8.679659600119152,9.32296739358045,5.921142696844613,ER
2023-09-13,OS,3,8.815458329600778,9.21089281537563,5.921142696844613,ER
2023-09-14,OS,3,8.526959605599437,9.125569867897468,5.921142696844613,ER
2023-09-27,OS,3,6.861980706233153,7.66583947026369,5.921142696844613,ER
2023-09-28,OS,3,7.558669155491007,7.624045216043286,5.921142696844613,ER
2023-09-29,OS,3,7.306551596385285,7.610952544536168,5.921142696844613,ER
2023-09-30,OS,3,7.3415531096032,7.63028769515803,5.921142696844613,ER
2023-10-01,OS,3,6.747572815337977,7.681234076980702,5.921142696844613,ER
2023-10-02,OS,3,6.174560085560514,7.754835337696287,5.921142696844613,ER
2023-10-03,OS,3,6.119412928534512,7.842608074650897,5.921142696844613,ER
2023-10-04,OS,3,7.266928808765495,7.936068885190641,5.921142696844613,ER
2023-10-05,OS,3,8.095224668547813,8.026734366661628,5.921142696844613,ER
2023-10-06,OS,3,9.265557119900553,8.189695889309242,5.921142696844613,ER
2023-10-07,OS,3,11.59896913498596,8.449000220399085,5.921142696844613,ER
2023-10-08,OS,3,10.895095507327678,8.719597052807607,5.921142696844613,ER
2023-10-09,OS,3,10.419563169143368,8.916436079411252,5.921142696844613,ER
2023-10-10,OS,3,10.589336940038145,9.063216554517593,5.921142696844613,ER
2023-10-12,OS,3,5.076859450705201,9.398424359964757,5.921142696844613,ER
2023-10-13,OS,3,8.525176767659623,9.5539344453433,5.921142696844613,ER
2023-10-14,OS,3,8.643284848820176,9.679437155850295,5.921142696844613,ER
2023-10-15,OS,3,7.965543011806498,9.758473869004597,5.921142696844613,ER
2023-10-16,OS,3,8.948892155744325,9.80217146936071,5.921142696844613,ER
2023-10-17,OS,3,6.259489607010274,9.830776005723864,5.921142696844613,ER
2023-10-18,OS,3,7.238600274390336,9.841507601989024,5.921142696844613,ER
2023-10-19,OS,3,8.663007818286891,9.83158638205115,5.921142696844613,ER
2023-10-20,OS,3,13.326211157407023,9.781295374221651,5.921142696844613,ER
2023-10-21,OS,3,13.787242344856429,9.687559741828801,5.921142696844613,ER
2023-10-22,OS,3,13.58782478075832,9.572562811292878,5.921142696844613,ER
2023-10-23,OS,3,12.815732945988016,9.45848790903415,5.921142696844613,ER
2023-10-24,OS,3,12.21544507792871,9.367518361472879,5.921142696844613,ER
2023-10-25,OS,3,10.299099649244626,9.296012244256865,5.921142696844613,ER
2023-10-26,OS,3,7.112980933557131,9.221006471773899,5.921142696844613,ER
2023-10-27,OS,3,6.871179329073274,9.13570262855425,5.921142696844613,ER
2023-10-28,OS,3,6.627600464884559,9.033302299128195,5.921142696844613,ER
2023-10-29,OS,3,7.596604287831937,8.870206083419374,5.921142696844613,ER
2023-10-30,OS,3,7.997213918572173,8.633975809048499,5.921142696844613,ER
2023-10-31,OS,3,6.032914403310789,8.364554902091436,5.921142696844613,ER
2023-11-01,OS,3,5.860601035664767,8.10188678862406,5.921142696844613,ER
2023-11-02,OS,3,6.441513752619868,7.885914894722239,5.921142696844613,ER
2023-11-03,OS,3,9.249920838333177,7.6938115972238865,5.921142696844613,ER
2023-11-04,OS,3,9.293740444013247,7.487791997908236,5.921142696844613,ER
2023-11-05,OS,3,8.167485072403254,7.285363610263137,5.921142696844613,ER
2023-11-06,OS,3,5.574075365170355,7.104033947776443,5.921142696844613,ER
2023-12-29,OS,4,4.8039817061640955,8.813118584125785,6.993548791816499,ER
2023-12-30,OS,4,13.30755949250744,9.266838373160496,6.993548791816499,ER
2023-12-31,OS,4,9.4003829144724,9.835890655765434,6.993548791816499,ER
2024-01-01,OS,4,13.72153435736874,10.367701107979569,6.993548791816499,ER
2024-01-02,OS,4,9.792311260047404,10.709695405841867,6.993548791816499,ER
2024-01-03,OS,4,12.344996952178048,10.814003491437374,6.993548791816499,ER
2024-01-04,OS,4,9.426170932678591,10.80655511873076,6.993548791816499,ER
2024-01-05,OS,4,11.01808079270983,10.795475681580449,6.993548791816499,ER
2024-01-06,OS,4,12.470018777377604,10.692173413378372,6.993548791816499,ER
2024-01-07,OS,4,11.740268377189734,10.42467266728114,6.993548791816499,ER
2024-01-08,OS,4,5.6530098718293145,10.126023016794182,6.993548791816499,ER
2024-01-09,OS,4,11.728490032398181,9.929274035422925,6.993548791816499,ER
2024-01-10,OS,4,9.3268711639212,9.713322241071028,6.993548791816499,ER
2024-01-11,OS,4,9.293728517072816,9.400788744303716,6.993548791816499,ER
2024-01-12,OS,4,8.197288736999306,9.190310007618766,6.993548791816499,ER
2024-01-13,OS,4,11.252770908025155,9.127304465959257,6.993548791816499,ER
2024-01-14,OS,4,4.501127071952042,9.113816586734186,6.993548791816499,ER
2024-01-15,OS,4,11.02208922764313,9.1334218811402,6.993548791816499,ER
2024-01-16,OS,4,9.905150483025846,9.169695860373949,6.993548791816499,ER
2024-01-17,OS,4,6.706656758319199,9.206214035632083,6.993548791816499,ER
2024-01-18,OS,4,10.39153241747955,9.226551918111252,6.993548791816499,ER
2024-01-19,OS,4,11.715850268092057,9.25905821945125,6.993548791816499,ER
2024-01-20,OS,4,6.633833641271828,9.324319440135717,6.993548791816499,ER
2024-01-21,OS,4,9.668242942770505,9.394267774627075,6.993548791816499,ER
2024-01-22,OS,4,9.495644673986602,9.440835417387738,6.993548791816499,ER
2024-01-23,OS,4,9.571439745162303,9.498605484062136,6.993548791816499,ER
2024-01-24,OS,4,10.309061019717667,9.579279469370785,6.993548791816499,ER
2024-01-25,OS,4,11.917332586632028,9.620467136390253,6.993548791816499,ER
2024-01-26,OS,4,10.529252114433367,9.6298256035991,6.993548791816499,ER
2024-01-27,OS,4,9.733974822166266,9.641254349671666,6.993548791816499,ER
2024-01-28,OS,4,6.05628970460557,9.631726677978195,6.993548791816499,ER
2024-01-29,OS,4,4.688224182464542,9.578215891888938,6.993548791816499,ER
2024-01-30,OS,4,11.881469499241826,9.486162323851225,6.993548791816499,ER
2024-01-31,OS,4,12.40882683753737,9.373774008580906,6.993548791816499,ER
2024-02-01,OS,4,7.812517044215459,9.237175802850999,6.993548791816499,ER
2024-02-02,OS,4,10.32199906836927,9.070866567805213,6.993548791816499,ER
2024-02-03,OS,4,9.830048087421329,8.877552281944295,6.993548791816499,ER
2024-02-04,OS,4,13.1321500867655,8.66566847807681,6.993548791816499,ER
2024-02-05,OS,4,4.130243048392747,8.443650689011324,6.993548791816499,ER
2024-02-06,OS,4,7.666149207190247,8.172867607772972,6.993548791816499,ER
2024-03-18,OS,5,9.502174402213022,8.52654578027889,6.993548791816499,ER
2024-03-19,OS,5,6.737250978460722,9.062598335851932,6.993548791816499,ER
2024-03-20,OS,5,8.439865895174512,9.552668072781797,6.993548791816499,ER
2024-03-21,OS,5,9.495084075442094,9.986954284395692,6.993548791816499,ER
2024-03-22,OS,5,13.215615134319368,10.363738050244821,6.993548791816499,ER
2024-03-23,OS,5,11.98575802279598,10.692521863397648,6.993548791816499,ER
2024-03-24,OS,5,11.04011865005276,10.980337137457273,6.993548791816499,ER
2024-03-25,OS,5,10.207790974653744,11.217705786322856,6.993548791816499,ER
2024-03-26,OS,5,12.7955851428771,11.40387856106852,6.993548791816499,ER
2024-03-27,OS,5,12.024788691902891,11.558980131059815,6.993548791816499,ER
2024-03-28,OS,5,11.810963317576483,11.652755890098797,6.993548791816499,ER
2024-03-29,OS,5,10.8339263744188,11.679871863315592,6.993548791816499,ER
2024-03-30,OS,5,12.182477986714217,11.697833667067869,6.993548791816499,ER
2024-03-31,OS,5,11.12863548605951,11.651921146195551,6.993548791816499,ER
2024-04-01,OS,5,12.869238963164191,11.523273097572922,6.993548791816499,ER
2024-04-02,OS,5,12.438071356547493,11.423183565609172,6.993548791816499,ER
2024-04-03,OS,5,11.350068805377338,11.40803495088681,6.993548791816499,ER
2024-04-04,OS,5,7.379605626305009,11.410086192065323,6.993548791816499,ER
2024-04-05,OS,5,12.816159062491328,11.354446140669385,6.993548791816499,ER
2024-04-06,OS,5,10.933891903802088,11.193482767899415,6.993548791816499,ER
2024-04-07,OS,5,8.888029953887683,10.983710815081237,6.993548791816499,ER
2024-04-08,OS,5,9.65315458553778,10.806459288927632,6.993548791816499,ER
2024-04-09,OS,5,15.692501883653286,10.598360462644006,6.993548791816499,ER
2024-04-10,OS,5,13.204133111576134,10.336946485607097,6.993548791816499,ER
2024-04-11,OS,5,13.613064958763706,10.164896178786691,6.993548791816499,ER
2024-04-12,OS,5,4.181023057681005,10.051660284903825,6.993548791816499,ER
2024-04-13,OS,5,8.044435176874586,9.912374509686812,6.993548791816499,ER
2024-04-14,OS,5,10.242681037523452,9.808245118616345,6.993548791816499,ER
2024-04-15,OS,5,8.255768803065632,9.800478377173109,6.993548791816499,ER
2024-04-16,OS,5,9.70465878417972,9.91656602023627,6.993548791816499,ER
2024-04-17,OS,5,10.155005325451391,10.099397723267261,6.993548791816499,ER
2024-04-18,OS,5,10.46595375336284,10.283276662620178,6.993548791816499,ER
2024-04-19,OS,5,10.625280947894105,10.62714861849836,6.993548791816499,ER
2024-04-20,OS,5,11.30192584426119,11.13491085022769,6.993548791816499,ER
2024-04-21,OS,5,11.78731708295842,11.508293752846086,6.993548791816499,ER
2024-04-22,OS,5,11.945437511617389,11.786568459865347,6.993548791816499,ER
2024-04-23,OS,5,12.423378585031903,12.109857487304874,6.993548791816499,ER
2024-04-24,OS,5,13.195165627041254,12.331168303963981,6.993548791816499,ER
2024-04-25,OS,5,13.407131972653954,12.372260000229348,6.993548791816499,ER
2024-04-26,OS,5,12.641512597999698,12.324292334740171,6.993548791816499,ER
2024-04-27,OS,5,11.664216387106064,12.294373778674544,6.993548791816499,ER
2024-04-28,OS,5,11.942973540461573,12.186750950974238,6.993548791816499,ER
2024-04-29,OS,5,11.703648107367492,11.970221140421653,6.993548791816499,ER
2024-04-30,OS,5,11.697017428357093,11.848718822955814,6.993548791816499,ER
2024-05-01,OS,5,11.840792494280008,11.808462152713188,6.993548791816499,ER
2024-05-02,OS,5,11.752679330019516,11.746341168847083,6.993548791816499,ER
2024-05-03,OS,5,11.748372868976386,11.732298174821771,6.993548791816499,ER
2024-05-04,OS,5,11.148538224838854,11.833094499888695,6.993548791816499,ER
2024-05-05,OS,5,11.26809839957545,11.998664762398855,6.993548791816499,ER
2024-05-06,OS,5,11.549583197447753,12.12371119946587,6.993548791816499,ER
2024-05-07,OS,5,11.73300824510964,12.228624383800136,6.993548791816499,ER
2024-05-08,OS,5,12.442024797133795,12.374791188415669,6.993548791816499,ER
2024-05-09,OS,5,14.874491004219871,12.518408300881513,6.993548791816499,ER
2024-05-10,OS,5,13.138936404861402,12.61567240876671,6.993548791816499,ER
2024-05-11,OS,5,13.040238208981346,12.651720191757637,6.993548791816499,ER
2024-05-12,OS,5,12.694910127882848,12.664730906959246,6.993548791816499,ER
2024-05-13,OS,5,12.346710903210411,12.690465108068452,6.993548791816499,ER
2024-05-14,OS,5,12.458225148156544,12.7259107702403,6.993548791816499,ER
2024-05-15,OS,5,12.48470946499302,12.74663323563511,6.993548791816499,ER
2024-05-16,OS,5,12.21632641140403,12.756259108457712,6.993548791816499,ER
2024-05-17,OS,5,12.16318233076929,12.776568539827052,6.993548791816499,ER
2024-05-18,OS,5,12.298246816297,12.799738920716377,6.993548791816499,ER
2024-05-19,OS,5,12.661744396703932,12.784992715111953,6.993548791816499,ER
2024-05-20,OS,5,12.734386792532993,12.745454544085858,6.993548791816499,ER
2024-05-21,OS,5,13.154612381311544,12.707088706714874,6.993548791816499,ER
2024-05-22,OS,5,13.248638474145986,12.64837718399233,6.993548791816499,ER
2024-05-23,OS,5,13.682840591224595,12.531704441207543,6.993548791816499,ER
2024-05-24,OS,5,14.006511205328758,12.375197752189976,6.993548791816499,ER
2024-05-25,OS,5,14.053752886059806,12.240953310743201,6.993548791816499,ER
2024-05-26,OS,5,8.447100189192776,12.01249046100988,6.993548791816499,ER
2024-05-27,OS,5,11.101134585819,11.686150614771648,6.993548791816499,ER
2024-05-28,OS,5,10.875199239207175,11.493263067290556,6.993548791816499,ER
2024-05-29,OS,5,11.20247114614238,11.409478421734564,6.993548791816499,ER
2024-05-30,OS,5,12.050252381932369,11.319966437463648,6.993548791816499,ER
2024-05-31,OS,5,11.905257248351054,11.32033514402789,6.993548791816499,ER
2024-06-01,OS,5,11.575615367800872,11.54762507415849,6.993548791816499,ER
2024-06-02,OS,5,11.348146615826076,11.919937959749317,6.993548791816499,ER
2024-06-03,OS,5,10.655363180031866,12.204473629094473,6.993548791816499,ER
2024-06-04,OS,5,11.39970366996647,12.525013939996246,6.993548791816499,ER
2024-06-05,OS,5,10.803461471877664,12.971646589509053,6.993548791816499,ER
2024-06-06,OS,5,15.558353126087228,13.261030164805192,6.993548791816499,ER
2024-06-07,OS,5,15.772141068981457,13.417385537134699,6.993548791816499,ER
2024-06-08,OS,5,14.980589721737504,13.57998075952007,6.993548791816499,ER
2024-06-09,OS,5,13.709853775101577,13.63804519179231,6.993548791816499,ER
2024-06-10,OS,5,13.585643435401858,13.520584113225778,6.993548791816499,ER
2024-06-11,OS,5,13.269141164219104,13.303149485275684,6.993548791816499,ER
2024-06-12,OS,5,13.061342764542411,13.094790691044292,6.993548791816499,ER
2024-06-13,OS,5,12.728979511734703,12.873305679154754,6.993548791816499,ER
2024-06-14,OS,5,11.92156615209342,12.585518737015297,6.993548791816499,ER
2024-06-15,OS,5,11.670666292072848,12.294018755905796,6.993548791816499,ER
2024-06-16,OS,5,11.49752338860889,11.9913742328628,6.993548791816499,ER
2024-06-17,OS,5,10.89096487458355,11.645415115740024,6.993548791816499,ER
2024-06-18,OS,5,10.297192682075572,11.281622472043088,6.993548791816499,ER
2024-06-19,OS,5,10.12490026306009,10.899481235478978,6.993548791816499,ER
2024-06-20,OS,5,10.370411199662104,10.48713074876279,6.993548791816499,ER
2024-06-21,OS,5,10.052308054286526,10.0530336929123,6.993548791816499,ER
2024-06-22,OS,5,9.711654807769538,9.60945752785359,6.993548791816499,ER
2024-06-23,OS,5,9.319915330698343,9.154468638005318,6.993548791816499,ER
2024-06-24,OS,5,9.721102063208074,8.675228091124131,6.993548791816499,ER
