recess.intercept,recess.slope,ID,flood,r2.recess,n.recess,flood.start,flood.end,flood.recovered,duration,rise.intercept,rise.slope,r2.rise,n.rise,peak.Date,peak.response,base,variable,response.dir,h.percent.change,SpC,pH,class,vulnerable.score,reponse.percent.change,days.since.last.flood,avg.days.between.floods
1.5701833828682088,-0.0013242017178388,AM,1,0.95411705671885,36,2022-07-10,2022-10-05,TRUE,87,0.8292871554364053,1.7691116654692878e-4,0.05109924427401279,57,2022-09-02,1.473490983133464,0.43465319544839653,depth,increase,239.00383076981234,369.1722222222222,6.8878448472222225,BO,5,239.00383076981234,NA,31.833333333333332
1.6826031661420062,-8.529623613840886e-4,AM,2,0.851476743350386,74,2023-01-16,2023-04-30,TRUE,104,1.8254622410194703,0.00187009980645331,0.8526116460445936,40,2023-02-21,2.1904164330257387,0.28551150804316994,depth,increase,667.1902432369008,57.21111111111111,5.882278208333333,FR,5,667.1902432369008,103,31.833333333333332
1.380695218514343,-8.789213144648781e-4,AM,3,0.5998447610281901,48,2023-06-01,2023-08-15,FALSE,75,1.8325533601699104,0.00496453722829769,0.9816638218630076,15,2023-06-28,1.7295611527169592,0.28406643600038717,depth,increase,508.8579759963623,259.02916666666664,7.420536597222222,FR,5,508.8579759963623,32,31.833333333333332
1.1198789357022083,-5.044334072973007e-4,AM,4,0.6299635283543799,57,2023-08-15,2023-10-04,TRUE,50,1.50381126929629,0.00574471133358722,0.9157201596564044,11,2023-09-06,1.393637305415095,0.5145204259953368,depth,increase,170.86141482509888,211.96944444444443,7.773508611111111,BO,5,170.86141482509888,0,31.833333333333332
2.130495143472189,-6.53481118952339e-4,AM,5,0.7036739699535679,50,2023-11-29,2024-03-09,FALSE,101,2.6613225438393995,0.00170777034096812,0.8104590107973179,55,2024-01-19,2.3472117455381043,0.3353790797523438,depth,increase,599.8682646727314,52.16388888888889,7.4766441463536495,FR,5,599.8682646727314,56,31.833333333333332
3.474835455625427,-0.0014241140352966,AM,6,0.6561005797227648,79,2024-03-09,2024-07-10,FALSE,123,3.565645191067824,0.00216358445606828,0.842106441975508,44,2024-04-21,4.100246481620193,0.3353790797523438,depth,increase,1122.57073537442,63.03888888888889,6.126382978514819,FR,5,1122.57073537442,0,31.833333333333332
1.5308535088143669,-6.423689540200115e-4,AM,7,0.26131977573008947,58,2024-07-10,2024-10-06,FALSE,88,1.7275397486015616,0.00159970405186481,0.5219526274842445,28,2024-08-09,2.3869847093635204,0.3353790797523438,depth,increase,611.7273716435018,397.19444444444446,NA,HI,5,611.7273716435018,0,31.833333333333332
-1.0997372929754408,0.0452115274788033,AM,1,0.7696473828145335,5,2022-08-30,2022-09-27,TRUE,28,-0.07435525587931895,-0.00160173492748199,0.25018026804198773,27,2022-09-24,0.4498611111111111,4.6566702562629905,DO,decrease,239.00383076981234,369.1722222222222,6.8878448472222225,BO,5,-90.33942524691179,NA,74.83333333333333
0.9846314183043592,0.00201181566434324,AM,2,0.5025028588066295,54,2023-02-09,2023-03-09,TRUE,28,-1.2893157894736849,-0.06744078947368422,0.8586121911676856,5,2023-02-27,0.6870833333333334,6.065716195184473,DO,decrease,667.1902432369008,57.21111111111111,5.882278208333333,FR,5,-88.67267588485586,135,74.83333333333333
0.606731849386302,0.00579958432279688,AM,3,0.8249466616327824,32,2023-06-18,2023-07-18,TRUE,30,1.308100491164922,-0.0069269055908179,0.7304573655171528,28,2023-06-29,0.4733333333333334,6.372433263937081,DO,decrease,508.8579759963623,259.02916666666664,7.420536597222222,FR,5,-92.57217276778675,101,74.83333333333333
0.2655018778618118,0.00545306050451402,AM,4,0.9069129950523418,15,2023-08-31,2023-10-02,TRUE,32,0.39509133136651897,-0.01662933902454336,0.8744742465715377,9,2023-09-06,1.5704166666666666,4.92216862771693,DO,decrease,170.86141482509888,211.96944444444443,7.773508611111111,BO,5,-68.09502507038083,44,74.83333333333333
0.7355417309962761,9.39678005680498e-4,AM,5,0.0105560324378703,16,2023-12-25,2023-12-31,TRUE,6,-0.6533499853070824,-0.03030351370639352,0.6635887460287988,4,2023-12-28,0.04791666666666667,4.82168016194332,DO,decrease,599.8682646727314,52.16388888888889,7.4766441463536495,FR,5,-99.0062246964271,84,74.83333333333333
-0.22026861259114747,0.00670303836977482,AM,6,0.8117186952979888,31,2024-03-09,2024-06-24,TRUE,107,-0.6601376158403103,-0.0014096594545399,0.5953493738631437,90,2024-06-06,0.01847222222222222,4.82168016194332,DO,decrease,1122.57073537442,63.03888888888889,6.126382978514819,FR,5,-99.61689241920233,69,74.83333333333333
3.3246447028423756,0.001767227521166,AM,7,0.791560197027953,10,2024-07-10,2024-07-16,TRUE,6,3.2860493379285294,-0.00248489025938689,0.7547459703464422,7,2024-07-16,3.740972222222222,4.82168016194332,DO,decrease,611.7273716435018,397.19444444444446,NA,HI,5,-22.41351361815611,16,74.83333333333333
11851.002323991766,-12.778085670876845,AM,1,0.9459389672953162,10,2022-07-01,2022-11-02,TRUE,124,11598.311565696313,2.1789205350117395,0.5451214707542499,6,2022-09-17,10878.25,2272.435969037584,CO2,increase,239.00383076981234,369.1722222222222,6.8878448472222225,BO,5,378.7043572720391,NA,62.5
9546.862591190808,-1.661905735484914,AM,2,0.09403594802794832,42,2023-01-29,2023-05-09,TRUE,100,12997.182282878415,73.03897077650102,0.9102658117530852,8,2023-03-01,10948.566666666668,3909.711723222954,CO2,increase,667.1902432369008,57.21111111111111,5.882278208333333,FR,5,180.03513920564106,88,62.5
9907.016453773818,-1.3226183351481282,AM,3,0.01672355300000526,39,2023-06-16,2023-07-16,TRUE,30,11254.892552089348,12.015167059974669,0.6611613318100537,23,2023-07-05,12895.083333333334,4541.941671671671,CO2,increase,508.8579759963623,259.02916666666664,7.420536597222222,FR,5,183.9112490977294,38,62.5
12544.7181818181,-1.7713405238827349,AM,4,0.15358497404483035,9,2023-09-04,2023-09-12,TRUE,8,13041.240492476049,14.865191754328135,0.832496304426664,4,2023-09-06,12030.5,9099.356320060622,CO2,increase,170.86141482509888,211.96944444444443,7.773508611111111,BO,5,32.21264864062219,50,62.5
14044.221383912583,-19.634341587698273,AM,5,0.3680884983539006,12,2023-11-25,2023-12-08,TRUE,13,16293.690622119842,29.24619392888849,0.825943946701381,10,2023-12-03,15398.524305555557,8865.485840126583,CO2,increase,599.8682646727314,52.16388888888889,7.4766441463536495,FR,5,73.69069877546264,74,62.5
2.9537576752374632,0.01466754383769597,AM,1,0.2071151309861908,107,2022-07-20,2022-08-11,TRUE,22,4.382720280589764,0.03524300325251496,0.1424989236202394,65,2022-09-06,1.1440372131216543,2.5238783000564613,GPP,decrease,239.00383076981234,369.1722222222222,6.8878448472222225,BO,5,-54.67145887755122,NA,75.16666666666667
2.9756015106301716,0.02052868005843788,AM,2,0.0485928939429904,47,2023-02-15,2023-03-21,TRUE,34,2.0088226251826633,-0.07801740057590001,0.3031336395456936,44,2023-03-01,0.5616206641302645,4.08841895443593,GPP,decrease,667.1902432369008,57.21111111111111,5.882278208333333,FR,5,-86.26313324565461,188,75.16666666666667
2.2555097741008137,0.05686952375506689,AM,3,0.4943463560515036,39,2023-06-17,2023-08-15,FALSE,59,0.8251850995261275,-0.31433249015251624,0.7350198104067478,26,2023-07-05,0.5988556522013614,5.80400212854093,GPP,decrease,508.8579759963623,259.02916666666664,7.420536597222222,FR,5,-89.68202218161646,88,75.16666666666667
2.055181014096579,0.1121233034622803,AM,4,0.31436737257519776,25,2023-09-02,2023-09-14,TRUE,12,2.4779542732745856,-0.06323040628077337,0.1263900121918217,22,2023-09-06,0.5211737736422097,3.2825471275884146,GPP,decrease,170.86141482509888,211.96944444444443,7.773508611111111,BO,5,-84.12288526607993,18,75.16666666666667
3.12135184710933,-0.02398340480258213,AM,5,0.01536038837814177,41,2023-12-11,2023-12-31,TRUE,20,2.9034065550184898,0.01761051819889432,0.01047205089855753,37,2024-01-26,0.29191159045050313,2.97482274804608,GPP,decrease,599.8682646727314,52.16388888888889,7.4766441463536495,FR,5,-90.1872610513606,88,75.16666666666667
0.09082944015938978,0.02914162200930017,AM,6,0.43271973035621975,34,2024-03-09,2024-07-10,FALSE,123,-0.15698012628207225,-0.0289166228133801,0.30828122434983013,55,2024-06-03,0.07012914166094632,2.97482274804608,GPP,decrease,1122.57073537442,63.03888888888889,6.126382978514819,FR,5,-97.64257747097678,69,75.16666666666667
NA,NA,AM,7,NA,NA,2024-07-10,2024-07-26,FALSE,16,NA,NA,NA,NA,2024-07-17,0.9048304323695144,2.97482274804608,GPP,decrease,611.7273716435018,397.19444444444446,NA,HI,5,-69.58371946819943,0,75.16666666666667
7.594315808045312,0.08929160052235675,AM,1,0.5734288893156301,155,2022-07-14,2022-10-02,TRUE,80,8.763996554013127,-0.7554340563680516,0.5731522228327742,18,2022-07-21,3.9678081800641594,14.515401137683622,ER,decrease,239.00383076981234,369.1722222222222,6.8878448472222225,BO,5,-72.66483962497405,NA,54.666666666666664
3.321221385030288,0.13031853403299584,AM,2,0.4588170049638689,74,2023-01-19,2023-04-24,TRUE,95,6.175225486148093,-0.5730060217393307,0.6273800045719621,18,2023-01-29,2.810080144592353,16.414329829144997,ER,decrease,667.1902432369008,57.21111111111111,5.882278208333333,FR,5,-82.88032363281245,109,54.666666666666664
6.717215029083272,0.04740306339798574,AM,3,0.4058617792271756,51,2023-06-18,2023-08-15,FALSE,58,9.409377464006004,-0.5774026036335754,0.487282207152702,22,2023-06-23,5.06595831456387,15.965160092392107,ER,decrease,508.8579759963623,259.02916666666664,7.420536597222222,FR,5,-68.26866573685061,55,54.666666666666664
8.441538206527097,0.10782675332954568,AM,4,0.3989119843356544,60,2023-08-15,2023-10-02,TRUE,48,11.770051818698445,0.07965922329770235,0.05101381739676788,22,2023-09-06,7.848470177189395,13.751675539541882,ER,decrease,170.86141482509888,211.96944444444443,7.773508611111111,BO,5,-42.927171640854056,0,54.666666666666664
6.566143158980901,-0.03737354194228612,AM,5,0.03176241386346002,55,NA,2023-12-01,TRUE,NA,7.068284164693026,-0.118200324498987,0.0372749520229728,26,2024-01-04,16.651470381956987,18.359216275963696,ER,increase,599.8682646727314,52.16388888888889,7.4766441463536495,FR,5,-9.301845287603749,NA,54.666666666666664
15.773296538910088,-0.34879951572070456,AM,6,0.8364057540238309,36,NA,2024-05-30,TRUE,NA,15.164231712803774,0.1993591703891973,0.6730228667062466,59,2024-07-01,19.062237255711736,18.359216275963696,ER,increase,1122.57073537442,63.03888888888889,6.126382978514819,FR,5,3.8292537610576036,NA,54.666666666666664
6.090971270934128,NA,AM,7,0,1,NA,2024-07-26,FALSE,NA,4.877943339217884,-0.04248347572757927,0.4232278954374216,9,2024-07-24,5.614525478567886,18.359216275963696,ER,increase,611.7273716435018,397.19444444444446,NA,HI,5,-69.418490450932,NA,54.666666666666664
0.8622365916599898,-5.789944785683165e-4,GB,7,0.8331170388745333,4,2022-04-01,2022-04-05,TRUE,4,0.8706823991760991,-0.0025529180248656,0.9948254060504416,2,NA,NA,0.8319096212520191,depth,increase,NA,NA,NA,NA,3,NA,NA,162
0.742424705447995,-1.1167036575319152e-4,GB,1,0.628200010036431,115,2022-08-22,2022-10-14,TRUE,53,1.0051802827088974,8.173735182553074e-4,0.8634624807718301,29,2022-09-14,1.0381381038302273,0.5030205584330552,depth,increase,106.380849932675,371.7708333333333,7.4725,HI,3,106.380849932675,139,162
0.7409041322287542,-1.505141660724731e-4,GB,2,0.8307503357707077,89,2023-07-05,2023-09-19,TRUE,76,0.6511452467049643,1.3583611473177255e-4,0.27290363462799594,46,2023-08-07,0.9014577952218348,0.4655120726021964,depth,increase,93.648639482692,389.2972222222222,7.399666666666667,HI,3,93.648639482692,264,162
0.8312246675700489,-1.9798169354310867e-4,GB,3,0.1438698739952401,59,2023-12-11,2024-04-29,TRUE,140,1.021654135712931,0.00139649655456668,0.4857242276386294,24,2023-12-23,1.2163749472031364,0.5038560955776388,depth,increase,141.41316496501653,88.12916666666666,7.272,FR,3,141.41316496501653,83,162
4.053840746054522,0.00164113886141716,GB,1,0.8339393461288582,10,2022-09-01,2022-09-24,TRUE,23,4.18733683337938,-9.564926299515164e-4,0.5505248810302144,15,2022-09-15,4.337916666666667,4.82168016194332,DO,decrease,106.380849932675,371.7708333333333,7.4725,HI,3,-10.033089691326149,NA,224
4.164966507177033,5.9030864702073e-4,GB,2,0.6980724094186957,32,2023-08-04,2023-08-15,TRUE,11,4.1790711605640745,-5.771409327549895e-4,0.6361960326007994,50,2023-08-07,4.2411111111111115,5.84391529601452,DO,decrease,93.648639482692,389.2972222222222,7.399666666666667,HI,3,-27.426889400613007,314,224
4.308584505455701,4.65362004878409e-4,GB,3,0.12980842965237535,33,2023-12-27,2023-12-29,TRUE,2,2.9975978515859563,-0.00798628734057408,0.92045055802529,8,2023-12-27,4.016388888888889,5.69178377872374,DO,decrease,141.41316496501653,88.12916666666666,7.272,FR,3,-29.435322123401576,134,224
NA,NA,GB,5,NA,NA,2022-05-08,2022-05-15,TRUE,7,6217.988093651826,0.8508881244677663,0.6729464026733613,8,NA,NA,5960.762195736755,CO2,increase,NA,NA,NA,NA,NA,NA,NA,118
6754.987156673825,-0.22525415268015447,GB,1,0.49798668529899065,185,2022-09-08,2022-10-31,TRUE,53,7986.693558028159,1.5640012535426722,0.7272727272727567,2,2022-09-15,7293.44259862756,5474.938157379722,CO2,increase,106.380849932675,371.7708333333333,7.4725,HI,3,33.21506817016113,116,118
7276.373675868828,-1.530976523081352,GB,2,0.6929980717344741,12,2023-06-24,2023-11-29,TRUE,158,6887.011307277614,0.3242257484599636,0.283881246693053,44,2023-08-06,7178.813821673651,6030.522299261669,CO2,increase,93.648639482692,389.2972222222222,7.399666666666667,HI,3,19.041327855674616,236,118
7333.9944638460765,-0.5450958234477509,GB,3,0.28055818844960145,54,2023-12-01,2024-02-19,TRUE,80,8125.570964763967,14.28454365346916,0.7874113426874262,6,2023-12-27,7445.882352941177,6376.826130568872,CO2,increase,141.41316496501653,88.12916666666666,7.272,FR,3,16.7647070891195,2,118
4.135616399051093,0.11320903088120844,GB,1,0.6902869522865687,168,2022-08-17,2023-01-24,TRUE,160,1.2794774729576683,-0.1421121587424255,0.5790096385274973,50,2022-08-19,2.0020553738842,11.784094662103842,GPP,decrease,106.380849932675,371.7708333333333,7.4725,HI,3,-83.0105287568458,NA,194.5
1.0744901159146667,0.7910868868215108,GB,2,0.5270743627694704,14,2023-06-30,2023-11-05,FALSE,128,3.329487226321344,-0.09010034133634326,0.4883479756746648,97,2023-08-05,3.4862724226557456,14.15680983610719,GPP,decrease,93.648639482692,389.2972222222222,7.399666666666667,HI,3,-75.37388392571364,157,194.5
4.627329195482872,0.16002274832008728,GB,3,0.6480746801546823,75,2024-06-24,2024-07-26,FALSE,32,-1.238202942616276,-1.5545639667520064,0.5802962013312627,9,2023-12-23,0.4424363277228514,5.39199398207058,GPP,decrease,141.41316496501653,88.12916666666666,7.272,FR,3,-91.79456933383017,232,194.5
NA,NA,GB,7,NA,NA,NA,NA,NA,NA,NA,NA,NA,NA,NA,NA,1.5192762656420693,GPP,decrease,NA,NA,NA,NA,3,NA,NA,194.5
19.211763686938735,-0.16068508888387795,GB,1,0.20597570543075883,43,2022-08-17,2022-09-26,TRUE,40,23.141139763053868,0.2205188567829297,0.4997391937958672,28,2022-09-15,28.091412526245247,13.364430745643864,ER,increase,106.380849932675,371.7708333333333,7.4725,HI,3,110.19535407747647,NA,260.5
14.900876003506273,-0.10882830613493788,GB,2,0.10642476564265924,62,2023-06-19,2023-08-14,TRUE,56,14.357836349613386,0.03076178140470653,0.00487651570987372,46,2023-08-06,27.06764682530391,14.20950487759195,ER,increase,93.648639482692,389.2972222222222,7.399666666666667,HI,3,90.48972542307891,266,260.5
28.519195399647295,-0.17195454485487874,GB,3,0.6461534284576386,78,2024-04-25,2024-06-17,TRUE,53,15.670345607319142,0.02162884643279788,0.01483300617510838,142,2024-05-08,29.95383071649335,18.84714736452713,ER,increase,141.41316496501653,88.12916666666666,7.272,FR,3,58.93031522038444,255,260.5
NA,NA,GB,7,NA,NA,NA,NA,NA,NA,NA,NA,NA,NA,NA,NA,6.993548791816499,ER,increase,NA,NA,NA,NA,3,NA,NA,260.5
1.8110327798629209,-4.071101433849145e-4,ID,1,0.6193752573089766,128,2022-08-17,2022-11-11,TRUE,86,2.746380463408459,0.00218043416872552,0.8367767175485773,33,2022-09-17,2.6151114011616916,0.8319096212520191,depth,increase,214.35042153088267,NA,7.675271033331246,NA,2,214.35042153088267,NA,32
2.371937654555313,-9.001857337631058e-4,ID,2,0.9199884019277726,68,2023-01-29,2023-04-23,TRUE,84,2.6155559498846137,0.00338806232678257,0.9180891006910282,31,2023-02-24,2.6533494032258464,0.9215526403336064,depth,increase,187.9216321560667,314.5388888888889,7.588088910312724,HI,2,187.9216321560667,79,32
1.9240728262148417,-2.808619895808734e-4,ID,3,0.6267446422287359,153,2023-06-14,2023-11-07,TRUE,146,2.360502485580714,0.00405404894211,0.956515332096284,20,2023-07-01,2.277047312430359,0.8884981484599297,depth,increase,156.2804791858327,324.41527777777776,7.421772971821839,HI,2,156.2804791858327,52,32
3.008728481999862,-5.051458306272918e-4,ID,4,0.6429073134753287,57,2023-12-06,2024-03-18,FALSE,103,3.616203607593534,0.00201890822305992,0.7931146438358635,52,2024-01-21,3.186812996393914,0.9486324226483608,depth,increase,235.93760030856566,163.2736111111111,7.040523863699772,HI,2,235.93760030856566,29,32
4.058988672679789,-0.0016223552700833,ID,5,0.5410384760473053,32,2024-03-18,2024-05-26,FALSE,69,4.134252857807327,0.00185383365173785,0.8945010796481274,38,2024-04-24,4.354179716939044,0.9486324226483608,depth,increase,358.99545629941565,324.51666666666665,7.500472931671034,BO,2,358.99545629941565,0,32
3.398675257823424,-0.00167186233919673,ID,6,0.7502361250510158,70,2024-05-26,2024-06-24,TRUE,29,3.829783301912645,0.0020693352810106,0.9455996369221012,4,2024-05-29,3.789621007567395,1.5371136377480847,depth,increase,146.5413691286545,341.34027777777777,7.638171945679945,BO,2,146.5413691286545,0,32
4.4523548387096845,6.53209580061008e-4,ID,2,0.26165651344329943,21,2023-01-23,2023-04-29,FALSE,96,4.109611502851101,-2.5126929372245313e-4,0.06864474633490152,66,2023-04-08,5.42875,6.271185751871215,DO,decrease,187.9216321560667,314.5388888888889,7.588088910312724,HI,2,-13.433436437755756,NA,37
4.380224180303326,-8.126920938581286e-5,ID,3,0.0721075454462318,74,2023-06-07,2023-11-02,TRUE,148,3.893577984702408,-0.00112756399803291,0.7697293856032243,33,2023-07-09,5.348055555555556,6.339266962095039,DO,decrease,156.2804791858327,324.41527777777776,7.421772971821839,HI,2,-15.636057172955868,39,37
NA,NA,ID,4,NA,NA,2023-12-01,2024-01-28,TRUE,58,NA,NA,NA,NA,2024-01-27,5.730138888888889,5.995847888953152,DO,decrease,235.93760030856566,163.2736111111111,7.040523863699772,HI,2,-4.431550049056615,29,37
3.4877212579480985,0.00174994082494885,ID,5,0.20761347759396423,23,2024-03-18,2024-05-04,TRUE,47,3.9648982681943834,-3.5029845056266717e-4,0.01273156536154324,29,2024-04-21,3.499861111111111,5.995847888953152,DO,decrease,358.99545629941565,324.51666666666665,7.500472931671034,BO,2,-41.62858738362406,50,37
4.589990566037727,-0.01024211883276688,ID,6,0.9184309124986242,7,2024-06-03,2024-06-04,TRUE,1,4.5307641883733,0.00111455108359132,0.1927835750202878,15,2024-06-09,4.88,5.995847888953152,DO,decrease,146.5413691286545,341.34027777777777,7.638171945679945,BO,2,-18.61034351803702,30,37
4132.219082548735,-0.2341489653787703,ID,3,0.46700427922848786,126,2022-08-04,2023-06-09,TRUE,309,4310.136570775581,1.5429502673864868,0.6817375363654469,26,2023-07-15,3322.6148333333335,2685.222099892732,CO2,increase,156.2804791858327,324.41527777777776,7.421772971821839,HI,2,23.737058229412902,NA,46.333333333333336
4206.491497494764,-1.3291893911690913,ID,1,0.8149093653805347,23,2022-08-11,2022-09-24,TRUE,44,3916.782469252814,1.3113349495790632,0.07076114565897715,14,2022-09-18,3841.30125,2847.5582528737928,CO2,increase,214.35042153088267,NA,7.675271033331246,NA,2,34.898074380859775,-302,46.333333333333336
3868.4706897079072,-0.3490208812681713,ID,2,0.2315057916149346,68,2023-02-19,2023-03-01,TRUE,10,3816.76275668954,1.9944197169166449,0.21793567321941396,14,2023-02-23,3549.248883333333,2652.562597928679,CO2,increase,187.9216321560667,314.5388888888889,7.588088910312724,HI,2,33.804528726479596,148,46.333333333333336
3990.821773747592,-1.0057613897673228,ID,4,0.13574684120084504,18,2023-12-19,2024-02-01,TRUE,44,4363.014529337736,10.17238601063302,0.9091605560404484,7,2023-12-22,3894.6677916666663,2636.041072611276,CO2,increase,235.93760030856566,163.2736111111111,7.040523863699772,HI,2,47.74685539359173,293,46.333333333333336
9.510384980868556,-0.08234807055834972,ID,2,0.30281561184483985,72,2023-02-06,2023-04-14,TRUE,67,10.314229429910284,0.348419647291762,0.3968145018560318,22,2023-02-25,17.52733546621249,4.3166669626021745,GPP,increase,187.9216321560667,314.5388888888889,7.588088910312724,HI,2,306.03863161235535,NA,57
7.916819330591216,-0.05055011064471537,ID,3,0.5711659118787514,88,2023-07-05,2023-11-06,TRUE,124,8.103956043846177,0.05155376128546442,0.34766643449712065,75,2023-08-23,8.639275460499428,4.3990828042416386,GPP,increase,156.2804791858327,324.41527777777776,7.421772971821839,HI,2,96.38810736113797,82,57
6.184097760034099,0.03483666050714657,ID,4,0.00747285499434099,45,2023-12-08,2024-02-10,TRUE,64,7.364033718863904,0.15288862754950364,0.22424091246120131,32,2024-02-02,19.24448504133691,3.1894200544868325,GPP,increase,235.93760030856566,163.2736111111111,7.040523863699772,HI,2,503.38508921908965,32,57
7.46079793926443,-0.04240143080821078,ID,5,0.0025378137628165,17,NA,2024-05-08,TRUE,NA,6.919278822270115,3.797650750301956e-4,1.4809889182964297e-6,49,2024-05-06,0.2796353556565131,3.1894200544868325,GPP,decrease,358.99545629941565,324.51666666666665,7.500472931671034,BO,2,-91.23240743209331,NA,57
3.813415122852077,1.2996184187661903,ID,6,0.14071575276397894,7,NA,2024-06-11,TRUE,NA,5.652805514813815,-0.48093379662468366,0.3390841149005953,13,2024-06-09,0.920163256903814,3.1894200544868325,GPP,decrease,146.5413691286545,341.34027777777777,7.638171945679945,BO,2,-71.14951178634057,NA,57
23.09034153360295,-0.19916105177455715,ID,2,0.8371604630597199,63,2023-01-31,2023-04-29,TRUE,88,15.84410556352739,0.2136818829554249,0.3441860832048215,31,2023-03-05,21.746599211382943,9.461282959617671,ER,increase,187.9216321560667,314.5388888888889,7.588088910312724,HI,2,129.84831237159952,NA,51.75
19.107051550329725,-0.07023634340682294,ID,3,0.6280119352609006,131,2023-06-15,2023-11-04,TRUE,142,21.032317015687756,0.4024142217596264,0.8011372701310142,32,2023-07-09,21.579296749470416,9.72977392992318,ER,increase,156.2804791858327,324.41527777777776,7.421772971821839,HI,2,121.7862090619077,47,51.75
11.359671681725878,0.14989359773967784,ID,4,0.15750588326660647,48,2024-01-20,2024-01-28,TRUE,8,7.541830644690643,-0.16694916866778303,0.1250135154203175,30,2024-01-27,2.8451236172161156,9.619921152298812,ER,decrease,235.93760030856566,163.2736111111111,7.040523863699772,HI,2,-70.42466801782223,77,51.75
13.20037952566434,0.03325820888502864,ID,5,0.00254807208875024,39,2024-03-18,2024-04-23,TRUE,36,20.34916899853737,0.3259574026247518,0.1909242587074997,29,2024-04-16,29.452252367604164,9.619921152298812,ER,increase,358.99545629941565,324.51666666666665,7.500472931671034,BO,2,206.15897886612248,50,51.75
24.484583639927287,-0.9503615092861348,ID,6,0.2054780783754156,12,2024-05-26,2024-06-11,TRUE,16,26.400470157155556,-0.3484375931499655,0.03753051724760531,10,2024-06-05,33.00257222559678,9.619921152298812,ER,increase,146.5413691286545,341.34027777777777,7.638171945679945,BO,2,243.06489318480916,33,51.75
2.044758705528993,-3.9450898745976056e-4,IU,1,0.4830195020699209,78,2022-08-31,2022-10-02,TRUE,32,2.7179470117067166,0.00256637860278787,0.9653339768244168,23,2022-09-17,2.7687499999999994,1.4968887864279252,depth,increase,84.96698118817218,323.2916666666667,7.683333333333334,HI,1,84.96698118817218,NA,136
2.463155584734531,-0.0019314075070654,IU,2,0.7508931505209266,30,2023-02-10,2023-03-15,TRUE,33,2.4796509818993737,0.00315069942894418,0.7180794081366111,22,2023-02-24,2.8262499999999995,1.43483981206839,depth,increase,96.97320747783164,327.7083333333333,7.881944444444445,HI,1,96.97320747783164,131,136
4.229162246265799,-0.00191753491114071,IU,3,0.7756555216638976,47,2023-12-17,2024-03-08,FALSE,82,4.68532046893269,0.00246626482788785,0.46005329699401915,38,2024-01-21,4.601666666666666,1.4323615902703746,depth,increase,221.26431607245544,326.47222222222223,7.716666666666667,HI,1,221.26431607245544,277,136
7.224738160848217,-0.00297892715395113,IU,4,0.45851464054604985,63,2024-03-08,2024-06-21,TRUE,105,7.647809445422476,0.00544847949115935,0.880503992880776,48,2024-04-24,8.87875,1.7018094824851158,depth,increase,421.72408788289,332.0416666666667,7.648611111111111,BO,1,421.72408788289,0,136
NA,NA,IU,6,NA,NA,NA,2022-08-22,FALSE,NA,NA,NA,NA,NA,NA,NA,NA,depth,increase,NA,NA,NA,NA,1,NA,NA,136
3.771104906774508,5.804721078911656e-4,IU,1,0.5910580728665389,26,2022-08-22,2022-09-14,TRUE,23,3.811909704740259,6.060146261953694e-5,0.06756340277437786,23,2022-09-13,4.7375,5.995847888953152,DO,decrease,84.96698118817218,323.2916666666667,7.683333333333334,HI,1,-20.98698820014352,NA,173
NA,NA,IU,2,NA,NA,2023-01-31,2023-03-06,TRUE,34,NA,NA,NA,NA,2023-03-04,5.2625,5.407792224666933,DO,decrease,96.97320747783164,327.7083333333333,7.881944444444445,HI,1,-2.6867198041411653,139,173
4.1033654839192355,7.07365178147884e-4,IU,3,0.08499189394532068,15,2023-12-01,2023-12-31,TRUE,30,3.7341818181818263,-0.00835283528352841,0.8541333682028304,5,2023-12-26,4.370833333333334,5.389712198060591,DO,decrease,221.26431607245544,326.47222222222223,7.716666666666667,HI,1,-18.90414232310746,270,173
3.288093321145851,6.404581047635511e-5,IU,4,0.01076342893417086,82,2024-04-19,2024-04-23,TRUE,4,3.693339245257797,-4.466779134821709e-4,0.18016220692959264,41,2024-04-21,4.020833333333333,5.389712198060591,DO,decrease,421.72408788289,332.0416666666667,7.648611111111111,BO,1,-25.397995559388665,110,173
2.7305550614703575,0.01169713652867414,IU,1,0.36263150305500647,41,2022-10-29,2023-01-24,TRUE,87,2.4639400027044447,-0.02018602482246035,0.7720506923540608,113,2022-10-03,3.588899796330537,3.1894200544868325,GPP,decrease,84.96698118817218,323.2916666666667,7.683333333333334,HI,1,12.525153006475955,NA,65.66666666666667
5.4580888384355095,-0.01494897216705302,IU,2,0.8003270425447063,183,2023-02-04,2023-09-16,TRUE,224,4.763962711692258,0.0073606362941391,0.1383762831761856,98,2023-02-26,5.237176051800346,3.1894200544868325,GPP,increase,96.97320747783164,327.7083333333333,7.881944444444445,HI,1,64.20465044837096,11,65.66666666666667
6.504912089403668,-0.03012556357870786,IU,3,0.03914580984347502,36,2024-01-01,2024-03-08,FALSE,67,7.053684549287094,0.09001660451182968,0.540524213586303,61,2024-01-29,9.21040708894262,3.1894200544868325,GPP,increase,221.26431607245544,326.47222222222223,7.716666666666667,HI,1,188.77999547239145,107,65.66666666666667
5.321902699119779,-0.01736820038146513,IU,4,0.02075665653188857,66,2024-05-26,2024-06-04,TRUE,9,4.81197594633227,-0.00942702119942135,0.00694112174790734,82,2024-05-29,0.5562806015549423,3.1894200544868325,GPP,decrease,421.72408788289,332.0416666666667,7.648611111111111,BO,1,-82.55856575641786,79,65.66666666666667
10.15551762390749,-0.01386206300562474,IU,1,0.6431151683505782,129,2022-08-26,2022-10-05,TRUE,40,11.648403626251929,0.09155849779758832,0.5708661727698764,25,2022-09-16,11.77602836877529,9.619921152298812,ER,increase,84.96698118817218,323.2916666666667,7.683333333333334,HI,1,22.41294062957311,NA,145
9.986660283514937,-0.00934022606460188,IU,2,0.5274297692052521,143,2023-06-15,2023-08-04,TRUE,50,9.4591745731127,0.00216920295659312,0.02164883498184956,138,2023-02-26,10.536913427624135,9.619921152298812,ER,increase,96.97320747783164,327.7083333333333,7.881944444444445,HI,1,9.532222362406745,253,145
12.201000762051091,-0.0309134848191024,IU,3,0.20672921427328508,43,2023-12-23,2024-02-07,TRUE,46,13.401064115853895,0.09254957282014382,0.5305769083174394,54,2024-01-23,13.217592900806457,9.619921152298812,ER,increase,221.26431607245544,326.47222222222223,7.716666666666667,HI,1,37.398141747221416,141,145
13.191378749108305,-0.03774583315962192,IU,4,0.2576280488069949,101,2024-03-19,2024-05-19,TRUE,61,15.680770279117803,0.12429048232008118,0.58413641822262,47,2024-04-24,19.371733574747488,9.619921152298812,ER,increase,421.72408788289,332.0416666666667,7.648611111111111,BO,1,101.3710223614291,41,145
1.6354305213816729,-8.070491143690046e-4,LF,4,0.9229373307128308,73,2022-04-01,2022-05-29,TRUE,58,1.59229584903324,3.362206081584811e-4,0.8963525554730026,2,2023-08-31,0.7402599235439862,0.44060790635968944,depth,increase,68.0087698970332,488.87916666666666,7.477079521307694,HI,4,68.0087698970332,NA,62
1.0487889515883857,-0.00110054238483555,LF,1,0.8798399668710531,22,2022-08-31,2022-10-03,TRUE,33,1.1016306271770322,0.00113019719231216,0.9322888424423992,23,2022-09-17,0.9912897130005373,0.5364730183620955,depth,increase,84.77904369301584,530.2833333333333,NA,HI,4,84.77904369301584,94,62
0.939792802293362,-3.836801498972232e-4,LF,2,0.895238145479713,77,2023-02-02,2023-05-01,TRUE,88,1.006426148433687,0.00130935563485369,0.922699907027472,27,2023-02-24,1.068653594307476,0.29199011375479594,depth,increase,265.989649637555,495.69444444444446,7.273927723983774,HI,4,265.989649637555,122,62
0.7363155849735364,-2.45665321042403e-4,LF,3,0.4421140007073129,49,2023-06-17,2023-08-21,FALSE,65,0.9590058025611404,0.00146496746032028,0.9562712736720266,19,2023-07-03,0.9153414146107984,0.32485298075985253,depth,increase,181.77097604884358,527.9180555555556,7.4055511111191645,HI,4,181.77097604884358,47,62
1.243772652996311,-2.98813387317785e-4,LF,5,0.7424050988159405,50,2023-12-08,2024-03-15,FALSE,98,1.5616657309563329,8.974407672287186e-4,0.7708262565457827,53,2024-01-25,1.3389618442708064,0.3171127827363935,depth,increase,322.2352163532449,467.6333333333333,7.571848604958992,HI,4,322.2352163532449,109,62
1.946559984570265,-7.287994358714064e-4,LF,6,0.7343445938620589,78,2024-03-15,2024-07-13,FALSE,120,1.926830419231664,9.944737604519328e-4,0.9032658059652484,43,2024-04-26,2.0874565253751207,0.3171127827363935,depth,increase,558.269435675938,77.14166666666667,6.696096377329216,FR,4,558.269435675938,0,62
2.051009074681508,-0.00101401864333711,LF,7,0.8417403719036384,50,2024-07-13,2024-10-06,FALSE,85,1.8795657779423576,0.0021096107013318,0.7846108433650083,34,2024-08-17,2.1546154864729203,0.3171127827363935,depth,increase,579.4476929881407,561.2166666666667,NA,NA,4,579.4476929881407,0,62
2.235574423246567,0.00163493289146281,LF,1,0.632176208122434,28,2022-07-26,2022-09-29,TRUE,65,2.0922521008403354,-3.1932773109240835e-4,0.04461196243203191,3,2022-09-21,2.8765277777777776,4.327541070608935,DO,decrease,84.77904369301584,530.2833333333333,NA,HI,4,-33.52974054217313,NA,81
2.0238005728293578,4.979279625169518e-4,LF,2,0.09166359044418489,44,2023-02-08,2023-03-20,TRUE,40,1.3257920043129476,-0.00280875444287754,0.6163254323768274,34,2023-03-04,2.6654166666666668,5.947044844162987,DO,decrease,265.989649637555,495.69444444444446,7.273927723983774,HI,4,-55.1808211218927,132,81
2.233954096930715,0.00123206123579132,LF,3,0.6655485817808405,28,2023-06-20,2023-07-30,TRUE,40,2.1445369960740748,-0.001216591790972,0.33306283892986216,24,2023-07-03,2.950972222222222,5.6591128456779884,DO,decrease,181.77097604884358,527.9180555555556,7.4055511111191645,HI,4,-47.854508247243096,92,81
2.854979074068021,7.762751916462127e-4,LF,4,0.1309078254803092,18,2023-08-31,2023-09-27,TRUE,27,2.776651303359787,-0.00107396724534328,0.13933479469517804,14,2023-10-12,3.3506944444444446,4.3926221882426635,DO,decrease,68.0087698970332,488.87916666666666,7.477079521307694,HI,4,-23.719949022409736,32,81
3.0754733215132894,-2.518526377212598e-4,LF,5,0.03016779697606543,53,2023-12-09,2023-12-30,TRUE,21,2.5522138696256618,-0.00151779302656763,0.17465588500619042,27,2023-12-26,2.5013888888888887,4.790581024462766,DO,decrease,322.2352163532449,467.6333333333333,7.571848604958992,HI,4,-47.78527122042771,73,81
1.082929475587711,0.00413996497452951,LF,6,0.9475616831883776,14,2024-03-15,2024-06-26,FALSE,103,2.3087436011728455,-3.450132166327129e-5,8.961235655390215e-4,90,2024-06-12,1.5731944444444446,4.790581024462766,DO,decrease,558.269435675938,77.14166666666667,6.696096377329216,FR,4,-67.16067557544612,76,81
3580.9724235966037,-3.0066283494430652,LF,4,0.7229791529677357,21,2022-05-03,2023-10-25,TRUE,540,3047.393152358049,2.8463253321013315,0.4709384330514837,22,2023-09-21,3525.2697685185185,1671.6699564382484,CO2,increase,68.0087698970332,488.87916666666666,7.477079521307694,HI,4,110.88312049524724,NA,-107.33333333333333
3086.103948830158,-2.653639192066875,LF,1,0.5992181814773844,23,2022-07-19,2022-11-08,TRUE,112,2838.348900932163,6.131000834319539,0.7209203704562857,13,2022-07-28,2740.1964270420845,1414.779568347874,CO2,increase,84.77904369301584,530.2833333333333,NA,HI,4,93.68363018148348,-463,-107.33333333333333
2546.232869400711,-0.4880980476087967,LF,2,0.7101155757211176,78,2023-02-06,2023-04-29,TRUE,82,2671.890467084296,1.6957092495371426,0.7509803115865479,29,2023-02-28,2436.5694444444443,1169.3776468949832,CO2,increase,265.989649637555,495.69444444444446,7.273927723983774,HI,4,108.3646331802392,90,-107.33333333333333
2497.455015899344,-0.45118743328507216,LF,3,0.25692288490006604,28,2023-06-19,2023-08-01,FALSE,43,2641.452854122625,1.7086357014269364,0.8085164798032519,19,2023-07-04,2416.8611111111113,1253.6651137432652,CO2,increase,181.77097604884358,527.9180555555556,7.4055511111191645,HI,4,92.78362974420726,51,-107.33333333333333
NA,NA,LF,5,NA,NA,NA,2023-12-16,FALSE,NA,NA,NA,NA,NA,2023-12-11,1433.0727569444443,NA,CO2,increase,322.2352163532449,467.6333333333333,7.571848604958992,HI,4,NA,NA,-107.33333333333333
4.052983952927112,0.0487531460450309,LF,3,0.4770983017619384,58,2023-06-20,2023-07-28,TRUE,38,6.298667369952494,-0.09295844159156338,0.1297896863056844,19,2023-06-23,3.4857648267387646,7.276027522457705,GPP,decrease,181.77097604884358,527.9180555555556,7.4055511111191645,HI,4,-52.09247331761963,NA,108.5
1.0129915260930735,NA,LF,4,0,1,2023-10-04,2023-11-25,FALSE,52,1.3325381904779512,-0.06544158779737676,0.644465692718996,82,2023-11-01,1.7193327289940643,4.353234835199824,GPP,decrease,68.0087698970332,488.87916666666666,7.477079521307694,HI,4,-60.504480137581574,68,108.5
2.329663208950454,0.00756742690374129,LF,6,0.01155311815800227,59,2024-04-22,2024-04-29,TRUE,7,2.7695220331494426,-0.02446395988518702,0.03632450511325711,38,2024-04-22,0.2817751447155221,1.6003218836105808,GPP,decrease,558.269435675938,77.14166666666667,6.696096377329216,FR,4,-82.39259566458014,149,108.5
2.793478400960718,0.01804942471138361,LF,1,0.12574503397883266,83,NA,2022-07-19,TRUE,NA,2.4673726549375856,-0.04651478833079713,0.40917896669954984,50,2022-10-22,1.895735793606496,3.3024324436888453,GPP,decrease,84.77904369301584,530.2833333333333,NA,HI,4,-42.59577369313442,NA,108.5
5.587243856083075,0.01393653704517222,LF,2,0.1467537677283345,125,NA,2023-01-24,TRUE,NA,4.106926309734998,NA,0,1,2023-01-24,3.608478377823496,5.049207089819839,GPP,decrease,265.989649637555,495.69444444444446,7.273927723983774,HI,4,-28.533761566269007,NA,108.5
1.9390268699732,0.0256067964514163,LF,5,0.2484537782313483,103,NA,2023-11-29,TRUE,NA,0.6084127676552663,-0.21861995961068428,0.14376900053167846,4,2023-11-29,0.4497917232358006,1.6003218836105808,GPP,decrease,322.2352163532449,467.6333333333333,7.571848604958992,HI,4,-71.89367165179301,NA,108.5
10.49072929156359,-0.06696367528397443,LF,1,0.1056189707228214,51,2022-11-26,2022-12-08,TRUE,12,10.611855785009384,0.02829456194079342,0.22696234884514763,109,2022-10-19,9.757529329044358,9.70882773243842,ER,increase,84.77904369301584,530.2833333333333,NA,HI,4,0.5016218018084638,NA,92.5
9.362293179048818,0.01233710280978096,LF,3,0.07395099691499135,58,2023-06-21,2023-07-19,TRUE,28,9.0624970112374,-0.15064659540812078,0.15668254065332962,19,2023-06-23,7.696589100931919,10.955756150214846,ER,decrease,181.77097604884358,527.9180555555556,7.4055511111191645,HI,4,-29.7484446038808,195,92.5
12.251815223411256,-0.4471204382479475,LF,4,0.5145797590365067,8,2023-08-21,2023-11-22,TRUE,93,9.133618166753296,-0.00503291129186871,0.00487305535536185,75,2023-11-16,13.034536724362406,10.135385544710612,ER,increase,68.0087698970332,488.87916666666666,7.477079521307694,HI,4,28.604251578419564,33,92.5
4.536306392268015,0.02956589841913207,LF,5,0.0152563380143151,53,2024-01-16,2024-01-21,TRUE,5,6.971940420815131,-0.01342901910604588,0.00223980021063851,57,2024-01-21,15.153860451133781,9.256461641977884,ER,increase,322.2352163532449,467.6333333333333,7.571848604958992,HI,4,63.71115699773768,55,92.5
15.21835873141133,-0.092581037324967,LF,6,0.21731924498981153,60,2024-04-17,2024-05-16,TRUE,29,9.83982530864974,0.13255812877952564,0.1292915636707443,37,2024-04-21,17.21174708027215,9.256461641977884,ER,increase,558.269435675938,77.14166666666667,6.696096377329216,FR,4,85.94304979580095,87,92.5
8.877255587795238,-0.04452706516894182,LF,2,0.05806083297602028,44,NA,2023-03-03,TRUE,NA,9.03058743910938,0.08445332820693358,0.05615344335971222,24,2023-04-06,13.834881750154508,9.976827836117495,ER,increase,265.989649637555,495.69444444444446,7.273927723983774,HI,4,38.670146236966474,NA,92.5
1.6987952881901571,-5.214742944853885e-4,OS,7,0.9023196796815924,84,2022-04-01,2022-06-06,TRUE,66,1.8015700769448035,8.944025251309661e-5,0.1009719047589554,12,NA,NA,0.8319096212520191,depth,increase,NA,NA,NA,NA,6,NA,NA,68.66666666666667
1.658326170551484,-0.00131440029532184,OS,1,0.921718385418721,23,2022-08-30,2022-10-04,TRUE,35,1.3743714479705391,2.551630041213539e-4,0.3260803819568839,65,2022-09-17,1.5860157222187476,0.979041056420052,depth,increase,61.99685516950135,414.0777777777778,7.283620333483903,BO,6,61.99685516950135,85,68.66666666666667
1.5203103953710404,-5.098321814039846e-4,OS,2,0.897538407730259,70,2023-02-06,2023-04-16,TRUE,69,1.6094071637781018,0.00161302228100367,0.9285694893868852,27,2023-02-24,1.6701980429025638,0.7469263899055124,depth,increase,123.60945676505646,81.06666666666666,6.798512860520565,FR,6,123.60945676505646,125,68.66666666666667
1.1340662631052247,-8.815672151020429e-5,OS,3,0.2081306823645118,124,2023-06-17,2023-07-22,TRUE,35,1.533769403030613,0.00196295711628929,0.9674464596902346,21,2023-07-03,1.469791132087059,0.7997396351821984,depth,increase,83.78370502447437,328.6875,7.2453915372964754,BO,6,83.78370502447437,62,68.66666666666667
1.8369209646051412,-3.09589206967476e-4,OS,4,0.6409759669037615,53,2023-12-09,2024-03-18,FALSE,100,2.1913832606967683,9.354751294630418e-4,0.7783166064405439,54,2024-01-25,1.971792716672185,0.8319096212520191,depth,increase,137.02006399501047,67.33472222222223,6.684014576981724,FR,6,137.02006399501047,140,68.66666666666667
2.6411788352911914,-8.032353156950862e-4,OS,5,0.7225964663673062,78,2024-03-18,2024-07-13,FALSE,117,2.6521624137055886,0.0012052996035633,0.9081893549836914,40,2024-04-26,2.8065265444808665,0.8319096212520191,depth,increase,237.3595487761111,65.30277777777778,6.549002264155438,FR,6,237.3595487761111,0,68.66666666666667
2.015926166827305,-5.338254962521125e-4,OS,6,0.808046874039623,56,2024-07-13,2024-10-06,FALSE,85,1.7280338661463883,9.839592895351504e-4,0.4789763555849329,29,2024-08-11,2.1605190690385374,0.8319096212520191,depth,increase,159.70598414127835,NA,NA,NA,6,159.70598414127835,0,68.66666666666667
0.9771870573012534,0.00366427211520803,OS,1,0.5314586865978508,31,2022-09-02,2022-09-27,TRUE,25,0.3598264014466547,-0.00769985339501771,0.8582084360257944,14,2022-09-14,0.9040277777777778,4.5,DO,decrease,61.99685516950135,414.0777777777778,7.283620333483903,BO,6,-79.9104938271605,NA,109.25
0.12394100451767232,-2.474412690212875e-4,OS,2,0.1877354535806627,10,2023-02-22,2023-03-09,FALSE,15,-0.22375318066157765,-0.00642463201723948,0.4160040946710343,6,2023-02-27,0.12013888888888888,4.5,DO,decrease,123.60945676505646,81.06666666666666,6.798512860520565,FR,6,-97.33024691358025,148,109.25
0.9205512847449968,7.988422594615355e-4,OS,3,0.01775361405647124,21,2023-06-26,2023-07-24,TRUE,28,1.12435497244306,-0.00994812810750794,0.8617262613566539,9,2023-07-04,1.3170833333333334,4.5,DO,decrease,83.78370502447437,328.6875,7.2453915372964754,BO,6,-70.73148148148147,109,109.25
1.7447662263997967,9.268909376830836e-4,OS,4,0.11090382791468126,38,2023-11-25,2024-01-22,TRUE,58,0.9793040482342872,-0.00810335917312662,0.4225660533078958,10,2024-01-07,1.6905555555555556,4.5,DO,decrease,137.02006399501047,67.33472222222223,6.684014576981724,FR,6,-62.4320987654321,124,109.25
-0.1380727874276263,0.00427644576504244,OS,5,0.869264538381477,8,2024-03-18,2024-06-26,FALSE,100,0.7155431320123637,-3.369394631345835e-4,0.03938912068991376,93,2024-06-18,0.00861111111111111,4.5,DO,decrease,237.3595487761111,65.30277777777778,6.549002264155438,FR,6,-99.80864197530866,56,109.25
3044.422348067722,-1.1048510027843854,OS,1,0.48615266162547527,31,2022-09-03,2022-09-28,TRUE,25,3040.640819300251,1.56066461432183,0.5724049093181942,22,2022-09-14,2968.5833333333335,1882.0383863134507,CO2,increase,61.99685516950135,414.0777777777778,7.283620333483903,BO,6,57.73234780552028,NA,122.5
2696.5111976631006,-11.017843232716672,OS,2,0.6472731103194628,5,2023-03-03,2023-03-10,TRUE,7,2745.8225806451655,8.628345916266264,0.8796439502927891,4,2023-03-06,2397.652777777778,1837.8176583867453,CO2,increase,123.60945676505646,81.06666666666666,6.798512860520565,FR,6,30.461951262480603,156,122.5
4176.820070733864,-3.0734388346895662,OS,3,0.2462807211037513,7,2023-06-07,2023-07-28,TRUE,51,3530.547212304323,2.061899451693056,0.12190560858330016,14,2023-06-20,4000.2916666666665,2272.435969037584,CO2,increase,83.78370502447437,328.6875,7.2453915372964754,BO,6,76.03539642795124,89,122.5
NA,NA,OS,5,NA,NA,NA,2022-06-03,FALSE,NA,NA,NA,NA,NA,NA,NA,NA,CO2,increase,237.3595487761111,65.30277777777778,6.549002264155438,FR,6,NA,NA,122.5
3.173507222125836,0.00302188430013056,OS,2,0.00177062377669174,46,2023-02-22,2023-03-25,TRUE,31,2.628469853533128,0.01086558459491261,0.013659811703644451,56,2023-02-14,1.3282423279033353,2.5030020582789336,GPP,decrease,123.60945676505646,81.06666666666666,6.798512860520565,FR,6,-46.934029738008455,NA,59.5
0.9359093694362234,0.00814645393021989,OS,3,0.01576787886221605,45,2023-07-22,2023-11-25,FALSE,126,1.5331602071193065,-0.00681236780635646,0.03075883606139582,95,2023-07-24,1.196039684535703,2.2531898184070887,GPP,decrease,83.78370502447437,328.6875,7.2453915372964754,BO,6,-46.91793497534738,119,59.5
1.9281120677580643,0.00275479239752865,OS,4,0.00151111615991229,44,2023-11-25,2023-12-27,TRUE,32,1.794907880630621,0.00165735447206524,7.817539063474504e-4,65,2024-01-29,0.6022936521181487,1.5192762656420693,GPP,decrease,137.02006399501047,67.33472222222223,6.684014576981724,FR,6,-60.356541746960666,0,59.5
1.323555576977091,0.01502293685750867,OS,1,0.16930503157963456,57,NA,2022-10-11,TRUE,NA,0.8621332638350305,-0.06513797473615987,0.2938633765056281,63,2022-10-08,0.5677843315419178,1.5192762656420693,GPP,decrease,61.99685516950135,414.0777777777778,7.283620333483903,BO,6,-62.627973306621534,NA,59.5
1.1760021993882968,0.01577971268038535,OS,5,0.2640397961908854,66,NA,2024-04-22,TRUE,NA,1.4974388310177953,-0.02903400784059037,0.04058304391410358,32,2024-04-19,0.8679857774492896,1.5192762656420693,GPP,decrease,237.3595487761111,65.30277777777778,6.549002264155438,FR,6,-42.86846987091807,NA,59.5
8.852402796362666,-0.06650424981220626,OS,2,0.5086676493532787,84,2023-02-14,2023-04-19,TRUE,64,7.465089409641567,0.266903417681481,0.36647037300542074,23,2023-02-24,12.2521342022887,3.8811866061729816,ER,increase,123.60945676505646,81.06666666666666,6.798512860520565,FR,6,215.68011140721305,NA,54.333333333333336
9.887659588371156,-0.05357014340620006,OS,3,0.19609888835138808,69,2023-06-27,2023-11-06,TRUE,132,9.063488020423405,0.03069733295553406,0.1143863051274098,74,2023-07-17,11.772247705522828,5.921142696844613,ER,increase,83.78370502447437,328.6875,7.2453915372964754,BO,6,98.81715925874036,69,54.333333333333336
10.308302542773523,-0.0571604578682834,OS,4,0.188286092944573,73,2023-12-29,2024-02-06,TRUE,39,7.589324213143474,0.05229920449340604,0.06699366293045286,36,2023-12-31,12.143158921449526,6.993548791816499,ER,increase,137.02006399501047,67.33472222222223,6.684014576981724,FR,6,73.63371991711622,53,54.333333333333336
14.555323411908857,-0.33024014719996314,OS,5,0.9525790972624768,17,2024-03-18,2024-06-25,FALSE,99,12.62403215139299,0.02567314002423267,0.1056046322116086,81,2024-06-07,15.43702797226873,6.993548791816499,ER,increase,237.3595487761111,65.30277777777778,6.549002264155438,FR,6,120.73239826870683,41,54.333333333333336
10.457834909075324,-0.09116429227616264,OS,1,0.7734559829756684,98,NA,2022-08-26,TRUE,NA,10.48779443225788,NA,0,1,2022-08-06,12.508650747790934,6.993548791816499,ER,increase,61.99685516950135,414.0777777777778,7.283620333483903,BO,6,78.85984812786224,NA,54.333333333333336
