peak.Date,ID,flood,minimum,base,variable
2022-08-03T01:00:00Z,AM,1,6.8878448472222225,7.448983074637956,pH
2022-08-17T00:00:00Z,GB,1,7.463,7.411070633832368,pH
2022-09-18T08:00:00Z,IU,1,7.683333333333334,7.820654415030349,pH
2022-10-11T05:00:00Z,IU,NA,7.677777777777778,NA,pH
2022-10-12T23:00:00Z,OS,1,7.283620333483903,7.448983074637956,pH
2022-10-18T19:00:00Z,ID,1,7.675271033331246,7.448983074637956,pH
2022-11-11T21:00:00Z,AM,NA,7.241355958333333,NA,pH
2022-11-18T19:00:00Z,LF,NA,7.032292189888711,NA,pH
2023-02-10T14:00:00Z,IU,2,7.881944444444445,7.829312592591597,pH
2023-02-11T06:00:00Z,ID,2,7.588088910312724,7.643293777783296,pH
2023-02-23T12:00:00Z,LF,2,7.273927723983774,7.560639784440594,pH
2023-02-24T05:00:00Z,AM,2,5.882278208333333,7.543824607579327,pH
2023-02-28T20:00:00Z,OS,2,6.798512860520565,7.505270221074273,pH
2023-06-29T01:00:00Z,AM,3,7.420536597222222,7.854793712641643,pH
2023-07-04T02:00:00Z,LF,3,7.4055511111191645,7.725372067660979,pH
2023-07-10T19:00:00Z,ID,3,7.421772971821839,7.698730434536913,pH
2023-07-21T14:00:00Z,OS,3,7.2453915372964754,7.561921759094481,pH
2023-08-06T11:00:00Z,GB,2,7.399666666666667,7.429946242307112,pH
2023-09-01T02:00:00Z,LF,4,7.477079521307694,7.506333238411288,pH
2023-09-05T16:00:00Z,AM,4,7.773508611111111,7.854793712641643,pH
2023-09-25T23:00:00Z,OS,NA,7.196199555953232,NA,pH
2023-12-23T11:00:00Z,GB,3,7.272,7.416654691116177,pH
2023-12-25T06:00:00Z,IU,3,7.716666666666667,7.814580436241284,pH
2023-12-25T12:00:00Z,OS,4,6.684014576981724,7.448983074637956,pH
2023-12-25T13:00:00Z,ID,4,7.040523863699772,7.65723923536936,pH
2023-12-26T01:00:00Z,LF,5,7.5718486049589915,7.808260396233704,pH
2024-02-11T17:00:00Z,AM,5,7.4766441463536495,NA,pH
2024-04-21T22:00:00Z,OS,5,6.549002264155438,7.448983074637956,pH
2024-04-22T11:00:00Z,ID,5,7.500472931671034,7.65723923536936,pH
2024-04-23T04:00:00Z,AM,6,6.126382978514819,7.854793712641643,pH
2024-04-23T19:00:00Z,LF,6,6.696096377329216,7.808260396233704,pH
2024-04-26T15:00:00Z,IU,4,7.648611111111111,7.796031390552974,pH
2024-05-28T12:00:00Z,ID,6,7.638171945679945,7.260788076234672,pH
2024-07-11T02:00:00Z,ID,NA,6.666724490194485,NA,pH
2024-08-11T11:00:00Z,GB,NA,5.967666666666666,NA,pH
NA,GB,6,NA,7.448983074637956,pH
