{"tier": 2, "error": null, "params": {"dates": [{"endDate": "06-30-2024", "recurring": false, "startDate": "05-01-2022", "yearRange": [1950, 2050]}], "layers": [{"layer": "FparExtra_QC", "product": "MCD15A3H.061"}, {"layer": "FparLai_QC", "product": "MCD15A3H.061"}, {"layer": "FparStdDev_500m", "product": "MCD15A3H.061"}, {"layer": "Fpar_500m", "product": "MCD15A3H.061"}, {"layer": "LaiStdDev_500m", "product": "MCD15A3H.061"}, {"layer": "Lai_500m", "product": "MCD15A3H.061"}], "output": {"format": {"type": "geotiff"}}, "coordinates": [{"id": "ID", "latitude": 29.935, "longitude": -82.8}, {"id": "IU", "latitude": 29.952, "longitude": -82.786}, {"id": "GB", "latitude": 29.832, "longitude": -82.682}, {"id": "AM", "latitude": 30.155, "longitude": -83.238}, {"id": "OS", "latitude": 29.64, "longitude": -82.955}, {"id": "LF", "latitude": 29.586, "longitude": -82.938}]}, "status": "processing", "created": "2024-06-30T13:24:59.000017", "task_id": "65f08602-8eec-4567-b44a-5ca723c0d2f4", "updated": "2024-06-30T13:25:09.358197", "user_id": "samanthathowley@gmail.com", "estimate": {"request_size": 1188, "request_memory": 1}, "retry_at": null, "has_swath": false, "task_name": "Spring FR MODIS 06252024", "task_type": "point", "api_version": null, "svc_version": "3.57", "web_version": "3.57", "has_nsidc_daac": false, "expires_on": "2024-07-30T13:25:09.358197", "attempts": 1}
