Date,ER,GPPavg,K600_1d,GPP_Rhat,ER_Rhat,K600_daily_Rhat,ID
2022-07-23,NA,NA,NA,NA,NA,NA,OS
2022-07-24,NA,NA,NA,NA,NA,NA,OS
2022-07-25,-7.207363792964615,0,2.057251310255588,0.9999176100057153,0.9992917975808874,0.9998118313739427,OS
2022-07-26,-10.970279267566623,3.074060752076905,2.018397891598202,0.9998610657103288,1.001180294225348,1.0012204924683827,OS
2022-07-27,-9.838654990342354,4.061363030282941,1.9636896895927134,0.9996002982581745,1.0004619890924777,1.0013285415904465,OS
2022-07-28,-10.104499427608369,6.766698801785492,1.5882525264638672,0.9996441020273659,1.0009519191366492,1.0015395906351645,OS
2022-07-29,-10.52837537956622,7.208113607053248,1.6594374176089894,1.0008547783494939,1.0002441362470151,1.0003835095526978,OS
2022-07-30,-10.940157880658521,7.369727005082257,1.8286245560375685,1.0003650157804596,1.001588320343338,1.0016716843783184,OS
2022-07-31,-11.494351266014469,6.573244236863399,2.010351491450271,1.0013053123360711,1.000115906148247,1.0007815017501906,OS
2022-08-01,-10.535071418403229,6.142564873973812,1.7771030625432715,0.9999227813320749,0.9999309775601031,0.999722201083613,OS
2022-08-02,-11.377305232911702,7.487593140624222,1.7639198527168536,1.0000965221012454,1.0007979826331805,1.0001296837330116,OS
2022-08-03,-11.834102714534875,6.9256187375888105,1.6445190493603847,0.9994322768220804,0.9995831277534803,1.0016582759305523,OS
2022-08-04,-13.216874906063211,7.459250193423743,1.4295439628181006,0.9996196432598253,1.0001507471154383,0.9998384780438448,OS
2022-08-05,-15.319022590269554,10.476346413929098,1.1081205065514004,0.9994454159486473,1.0001961644419093,0.9995713727732091,OS
2022-08-06,-16.13597474102711,9.014777886200337,1.307377720936601,0.999780000392122,0.999405397587613,1.0008758965924731,OS
2022-08-07,-14.95291858751378,11.502945119678925,0.9223254044535876,1.0001988419633023,0.9992822710826341,0.9994527534200218,OS
2022-08-08,-14.607547990727076,7.991058879275318,1.2953172680318836,0.9996375955215235,0.9997976070219046,1.0003418430934734,OS
2022-08-09,-14.197717048580547,6.289489875869691,1.7113832646571299,0.9994183011322594,0.9999390169364387,1.0007044053005882,OS
2022-08-10,-12.66939763463381,5.815539459053532,1.8131100111203693,0.9994941774015367,1.0005779956762881,1.0004610887983802,OS
2022-08-11,-11.021967187019913,4.815540556189404,1.6752417889949325,0.9999372503966759,0.9995405685017389,1.0019663876717289,OS
2022-08-12,-11.03319166189116,6.5810610355640495,1.5612027861115891,0.9995028721786018,0.9995695356602657,0.9999619994368815,OS
2022-08-13,-12.718465430181606,7.090646131442039,1.5166625754277003,0.9999582523312444,1.0003066464415256,1.0005746997678715,OS
2022-08-14,-12.884951089467252,9.502066644589632,1.2961450189550863,0.9998358247369382,1.0002187070194513,0.9999446568860177,OS
2022-08-15,-13.170822605235372,10.403436994921224,1.1035017144591086,1.0009067369007254,0.9997758503686518,0.9999228754513726,OS
2022-08-16,-12.28352289187914,8.943608274429808,1.1344824074726816,0.9995551250418108,0.9998336414133531,1.0000613953987652,OS
2022-08-17,-13.033960469581855,9.176443553795442,1.2037930662606409,0.9992566679732261,0.9995643003867472,1.0013110397779217,OS
2022-08-18,-14.826465821266975,6.232782159544631,1.5825964372232453,0.999482326195116,1.000495079541767,1.000383257824268,OS
2022-08-19,-14.624868257685595,8.478594410980008,1.4631286078337151,0.9997529885611574,0.9999691750320602,1.0008256077045734,OS
2022-08-20,-15.129178175129676,6.883673931825989,1.5875300773840704,0.9999474967623342,0.9996273017114564,0.9996877030512349,OS
2022-08-21,-16.355757409617237,9.203841548384867,1.5265299329419761,0.9998066956657252,1.0004512795765956,1.000002078374122,OS
2022-08-22,-15.928458238469668,10.313052639164592,1.5238981564542462,0.9995360635049012,0.999879707364062,1.0003144744959758,OS
2022-08-23,-15.42141634761557,10.847948689495329,1.489148446684799,0.9992146642296271,0.9998437929620191,1.0005698426110932,OS
2022-08-24,-13.55272853976213,9.018376664554866,1.5556628936705192,0.9995390153063725,0.9999128723326464,1.000915800631546,OS
2022-08-25,-12.934956778195499,7.3333265980642635,1.7385438323044393,0.9994222408234256,0.9997805692202439,1.0002927481212778,OS
2022-08-26,-13.387571962517232,7.949863331636233,1.7270997978187212,0.9998910369755649,1.0000598325257815,1.0006018608224294,OS
2022-08-27,-14.15746072915242,9.522834222987816,1.5908277882681627,0.9998884557568264,1.0001199445017712,1.000160530754029,OS
2022-08-28,-13.470463139095202,8.948793494684049,1.704918098389647,0.9998143745778841,0.9997466374260918,0.9994285780868896,OS
2022-08-29,-11.656349033889258,7.516114902951477,1.6383434107416028,1.0001101165160322,1.0006851337398803,1.0011885142175696,OS
2022-08-30,-9.416338362986659,1.5437462299006166,2.0311954149281473,0.9996541333159145,0.9993037960232749,0.9995668716656345,OS
2022-08-31,-9.593630537851123,2.311555116005797,1.9533213145541233,1.0009613899515306,0.9995652933495515,1.0011459750489011,OS
2022-09-01,-12.277253283889872,1.5524927136717859,1.7223879713681858,1.000207909019998,1.0000655835975993,1.0005032167954684,OS
2022-09-02,-13.4390057996524,1.793439702885774,1.391506193568677,0.9996135201500891,0.9998202560731083,1.0004592870132476,OS
2022-09-03,-12.356396636200882,0.12006050539463418,1.2964959679128125,0.9997116803313407,0.9996689266289965,0.9994992695729794,OS
2022-09-04,-12.526541656766074,0,1.2180957575868006,0.9997258750392038,1.0000729538324546,1.000547303904371,OS
2022-09-05,-12.057563609639812,0,1.2281502909858648,1.0000309577335007,1.0014839419709927,1.001663616499526,OS
2022-09-06,-11.83583141297902,0,1.2636600209469029,0.9997023809968794,0.9999085186127452,0.9998593524822698,OS
2022-09-07,-13.206033423354054,0.0629412182063307,1.1698366030470368,0.9998961656698017,1.0001745779200932,1.0004519808179437,OS
2022-09-08,-13.424463666237017,0.6405777383113078,1.000982511585277,0.9994055527787752,0.9998460831214981,1.0000574762893835,OS
2022-09-09,-13.596729097671497,1.6916233731542474,1.0481104588281958,1.0001965647605398,1.0003082253064854,0.9999737781357777,OS
2022-09-10,-12.92236315773505,0.2892632667728522,1.0605932070969442,0.9992724193333516,1.0012665984966802,1.0009783915654746,OS
2022-09-11,-13.145070931835145,0.830701764406949,1.0100017159510712,0.9996067028031682,1.000200567573985,1.0010341671200755,OS
2022-09-12,-12.873269141520106,0.09131820333794106,1.0385152213995144,0.9995174126176047,0.9994924269440305,0.9995731487102318,OS
2022-09-13,-13.409161859404312,1.5848440769358294,0.9100942312423134,0.9993558875719981,1.0018959748588898,1.0018342336963681,OS
2022-09-14,-13.247622984409302,1.6466259486478183,0.9401085260200712,0.9994217620455981,1.0004001759772516,1.0005333805647492,OS
2022-09-15,-12.883295150500636,1.80212912969795,0.9405807300982469,0.9994586160942361,1.0005931610570753,1.001449607454319,OS
2022-09-16,-13.303055862418406,0.7740387224748048,0.9236005606617151,0.9993642449896604,1.0003501646131467,1.0008806284237957,OS
2022-09-17,-12.766992427924421,0.47725099142233,0.9594672983743249,0.9993185766888244,0.9999223464936824,1.000337983173257,OS
2022-09-18,-12.95488048004266,0.7357328432689736,0.9449301741025191,0.9998173726805445,1.0008177684891326,1.0000471364173413,OS
2022-09-19,-12.76272029778018,0.3832964901923053,0.9440880488363239,0.999561303689379,1.0000503199419677,1.0003366771226359,OS
2022-09-20,-13.122412373450842,0.6964054342675641,0.9719694461179867,0.9994272929037142,0.9995914001041094,0.9999023788875151,OS
2022-09-21,-12.598361561892444,0.0011748968974902578,1.1676157063500214,0.9993100397533506,0.9999626694067663,0.9998715054330133,OS
2022-09-22,-13.528007934104146,2.7085768854656704,1.0640554511670421,0.9999968817877313,1.0028000303073432,1.003359405589979,OS
2022-09-23,-12.726725733329339,0.14365552173007642,1.1596302540868137,0.9992552586745242,0.9996868864216472,0.9995966959292522,OS
2022-09-24,-12.679901291544631,0.9069049450997644,1.307240703511595,0.9994881489760759,0.9995623862575308,0.9999418140079724,OS
2022-09-25,-11.365113397414362,0,1.356124140424713,0.999663262036728,1.001331577650019,1.0004169350543384,OS
2022-09-26,-12.143846605194906,0.17583575721620967,1.330850472779016,0.9999463724970681,1.0013560861816517,1.000872759495378,OS
2022-09-27,-12.94487040885899,5.773390022620589,1.2898263834229853,0.9993764909269149,1.0000632850594844,1.0003835150602682,OS
2022-09-28,-3,0,1.1681915138423593,0.9996157568175551,1.0020578422320563,1.0012172658478802,OS
2022-09-29,-3,0,2.000271868323471,1.0000677760012961,1.0000723464453392,1.00021547292826,OS
2022-09-30,NA,NA,NA,NA,NA,NA,OS
2022-10-01,NA,NA,NA,NA,NA,NA,OS
2022-10-02,NA,NA,NA,NA,NA,NA,OS
2022-10-03,NA,NA,NA,NA,NA,NA,OS
2022-10-04,-9.869004077590523,0.29180010241357046,2.174065027894071,0.999988773375912,1.00103756819765,1.00047619480735,OS
2022-10-05,-10.643406369657207,0.6002282251819486,2.12378244756794,0.9996528191385341,0.9999437920544716,1.0002990046169555,OS
2022-10-06,-11.20065166727287,0.9717203912868919,2.0758774216398312,0.9998174226744228,1.0020881861171476,1.0003803767065327,OS
2022-10-07,-11.659952723058042,1.6175485696505139,2.0232285127133127,0.9993509912206944,0.9997339132468264,0.9998285598180473,OS
2022-10-08,-11.565625004262474,2.06576823736845,2.0414740664227082,0.9996854090079104,1.0002869405411838,1.0001607103029877,OS
2022-10-09,-11.17072209237327,3.114196631594885,1.969186596189788,0.9993544385930436,1.000747700219707,1.0011702194112988,OS
2022-10-10,-10.82628563830444,3.2513246098714816,1.9754244551854672,0.999712813316534,0.9996801066955185,1.0012908266792202,OS
2022-10-11,-12.175640541573193,3.8434033258976066,1.6953432739299537,0.9996289950411893,0.9994875899675222,0.9998998296611791,OS
2022-10-12,-11.004566840295446,2.9783293834073454,1.6519328295950868,0.9992934194978651,0.9999836566789141,0.9997295939484172,OS
2022-10-13,-8.946810205462414,0,2.089967680984869,0.9996467136139587,1.0000189673193935,0.9995353025243724,OS
2022-10-14,-11.703254659256492,3.486292821164177,1.9394228324153047,0.9994630989984279,0.9996932619546348,0.9998814690052621,OS
2022-10-15,-12.706265516538656,4.803618786286075,2.1194719202110113,0.9997194823738028,1.002625769257999,1.0013351160909947,OS
2022-10-16,-12.672179539037446,5.114060281503474,1.9904556842929633,1.0000207677785105,1.0005106456100394,1.001136738736246,OS
2022-10-17,-12.60911969100777,4.420541919999823,1.9631787068071462,1.001270702606312,1.0002716469741253,0.9993518960245269,OS
2022-10-18,-11.069608783687139,5.748820422274321,2.144883965520165,0.9998337876614568,1.000131607626638,0.999889558936099,OS
2022-10-19,-10.288599363711455,4.923399305790771,2.3409721754650215,0.9998716914056269,0.9995396131071559,0.9990949795156285,OS
2022-10-20,-10.17929219906467,4.8806426147917605,2.301614894141452,1.0008880901621873,1.002451784857528,1.0013226088569263,OS
2022-10-21,-10.174710563949022,4.8218450150090995,2.310811753336735,0.9994194555686408,0.9997045066405411,1.0015556541342108,OS
2022-10-22,-9.799546616301878,4.3204551615682165,2.2705894541169966,1.001073080004834,1.0007024465046095,1.0004382580443063,OS
2022-10-23,-10.788316231449858,4.898950173858798,2.1308718109320997,1.0000483001568303,0.9996868377243531,1.0003307926229372,OS
2022-10-24,-11.023546734736305,4.8870060248290415,2.024560044814727,1.0001770116352722,0.9999253431839566,1.000746404456034,OS
2022-10-25,-9.858795122069674,3.7986768312512,1.8782376876136289,0.9997510603237736,1.0007906398160324,1.0019005963644485,OS
2022-10-26,-8.848662472055977,1.801863541466259,1.8870563269604093,0.9995506258581773,1.000438864158621,0.9993062496050892,OS
2022-10-27,-11.059443547669428,4.441776944662689,2.0229832430310073,0.9999165015856322,0.9998818376334758,1.0005293851234156,OS
2022-10-28,-12.834687832408063,6.363300542793006,1.9296614278017783,0.9997558402977259,1.0012060907219766,1.0007886207671624,OS
2022-10-29,-12.039327921689484,4.9072319517879155,2.0321260658118216,0.9997896122958189,0.9999002926227519,0.9999612400230333,OS
2022-10-30,-12.13875635332423,4.745884482565209,2.1063471769481485,0.999411832240179,0.9994160805708877,1.0002014947372095,OS
2022-10-31,-11.49469477662303,4.371340083225731,2.1358582836031825,0.9997019674797402,1.0020551406726304,1.0014532280927295,OS
2022-11-01,-11.75764172023698,5.218750893766982,2.096488867070947,0.9997652597577387,1.000673542675479,1.001191004282205,OS
2022-11-02,-12.143393228927133,5.08447336021049,2.1669121028348957,0.9997111001348657,1.000497483441897,1.0003406203305854,OS
2022-11-03,-10.75867921271113,4.843184487741951,2.202646766003717,1.0001538899046887,1.000612828493788,1.0001038926509283,OS
2022-11-04,-10.996239755568297,4.3201016434683135,2.1912298076089036,1.0008446167733591,1.0010508738981587,1.000169436935016,OS
2022-11-05,NA,NA,NA,NA,NA,NA,OS
2022-11-06,NA,NA,NA,NA,NA,NA,OS
2022-11-07,NA,NA,NA,NA,NA,NA,OS
2022-11-08,NA,NA,NA,NA,NA,NA,OS
2022-11-09,NA,NA,NA,NA,NA,NA,OS
2022-11-10,NA,NA,NA,NA,NA,NA,OS
2022-11-11,NA,NA,NA,NA,NA,NA,OS
2022-11-12,NA,NA,NA,NA,NA,NA,OS
2022-11-13,NA,NA,NA,NA,NA,NA,OS
2022-11-14,NA,NA,NA,NA,NA,NA,OS
2022-11-15,NA,NA,NA,NA,NA,NA,OS
2022-11-16,NA,NA,NA,NA,NA,NA,OS
2022-11-17,NA,NA,NA,NA,NA,NA,OS
2022-11-18,NA,NA,NA,NA,NA,NA,OS
2022-11-19,NA,NA,NA,NA,NA,NA,OS
2022-11-20,NA,NA,NA,NA,NA,NA,OS
2022-11-21,NA,NA,NA,NA,NA,NA,OS
2022-11-22,NA,NA,NA,NA,NA,NA,OS
2022-11-23,NA,NA,NA,NA,NA,NA,OS
2022-11-24,NA,NA,NA,NA,NA,NA,OS
2022-11-25,NA,NA,NA,NA,NA,NA,OS
2022-11-26,NA,NA,NA,NA,NA,NA,OS
2022-11-27,NA,NA,NA,NA,NA,NA,OS
2022-11-28,NA,NA,NA,NA,NA,NA,OS
2022-11-29,NA,NA,NA,NA,NA,NA,OS
2022-11-30,NA,NA,NA,NA,NA,NA,OS
2022-12-01,NA,NA,NA,NA,NA,NA,OS
2022-12-02,NA,NA,NA,NA,NA,NA,OS
2022-12-03,NA,NA,NA,NA,NA,NA,OS
2022-12-04,NA,NA,NA,NA,NA,NA,OS
2022-12-05,NA,NA,NA,NA,NA,NA,OS
2022-12-06,NA,NA,NA,NA,NA,NA,OS
2022-12-07,NA,NA,NA,NA,NA,NA,OS
2022-12-08,NA,NA,NA,NA,NA,NA,OS
2022-12-09,NA,NA,NA,NA,NA,NA,OS
2022-12-10,NA,NA,NA,NA,NA,NA,OS
2022-12-11,NA,NA,NA,NA,NA,NA,OS
2022-12-12,NA,NA,NA,NA,NA,NA,OS
2022-12-13,-10.259483473985934,4.471184400104462,2.2970544024492923,1.0002319707129936,1.0011544240079229,1.0014430602178834,OS
2022-12-14,-12.379096874200773,5.437469970931903,1.8912251869467738,0.9995068830667727,0.9998951243870984,1.0001127796102667,OS
2022-12-15,-9.403250357423255,2.9012935800768007,2.3664532609568645,0.9997807031276106,1.0001713501349616,1.000233425132337,OS
2022-12-16,-9.708649604497344,4.130437793007891,2.40604696826938,0.9999179515775412,1.0000330310625272,1.0001437386229646,OS
2022-12-17,-9.19039561753185,3.0751796655121835,2.2849094685202345,0.9996147141742131,0.9993513616355492,0.999612472580064,OS
2022-12-18,-7.40596890901247,2.896139984264934,2.384134246656913,0.9993629686896209,1.0003116795413243,1.0010602185696353,OS
2022-12-19,-7.736721184326959,2.1117983928364463,2.2302158039516025,0.9993039797002693,0.9994683109256505,1.000148952121511,OS
2022-12-20,NA,NA,NA,NA,NA,NA,OS
2022-12-21,NA,NA,NA,NA,NA,NA,OS
2022-12-22,NA,NA,NA,NA,NA,NA,OS
2022-12-23,NA,NA,NA,NA,NA,NA,OS
2022-12-24,NA,NA,NA,NA,NA,NA,OS
2022-12-25,NA,NA,NA,NA,NA,NA,OS
2022-12-26,NA,NA,NA,NA,NA,NA,OS
2022-12-27,NA,NA,NA,NA,NA,NA,OS
2022-12-28,NA,NA,NA,NA,NA,NA,OS
2022-12-29,NA,NA,NA,NA,NA,NA,OS
2022-12-30,NA,NA,NA,NA,NA,NA,OS
2022-12-31,NA,NA,NA,NA,NA,NA,OS
2023-01-01,NA,NA,NA,NA,NA,NA,OS
2023-01-02,NA,NA,NA,NA,NA,NA,OS
2023-01-03,NA,NA,NA,NA,NA,NA,OS
2023-01-04,NA,NA,NA,NA,NA,NA,OS
2023-01-05,-11.707021082736501,7.407440382561724,2.4551786839094354,0.999797073949004,1.0003449837208371,0.9994680991499165,OS
2023-01-06,NA,NA,NA,NA,NA,NA,OS
2023-01-07,-9.041823806725368,4.8959140747040575,2.558973573492021,1.0006559342878825,1.000952371014015,1.0008795087472084,OS
2023-01-08,NA,NA,NA,NA,NA,NA,OS
2023-01-09,-11.286793028956977,7.006076413674202,2.490959052170246,0.999564940506037,1.0003144263860428,1.0003929102272668,OS
2023-01-10,NA,NA,NA,NA,NA,NA,OS
2023-01-11,-11.171861765922795,6.0000012880491855,2.5190824368472877,1.000063289823108,1.000279707677585,0.9996538771803843,OS
2023-01-12,-10.492817804543076,6.2112835950020715,2.444057209914273,1.0004272359789979,1.000385722345631,1.0008534619037324,OS
2023-01-13,-10.835697137637487,6.087343545678264,2.148238630770274,1.0008062332519403,1.0008940416139291,1.000367041045229,OS
2023-01-14,NA,NA,NA,NA,NA,NA,OS
2023-01-15,NA,NA,NA,NA,NA,NA,OS
2023-01-16,-8.393624525400778,3.7471246691543802,2.330403443460961,0.9995766960848436,0.9993784533728708,1.0000238401015993,OS
2023-01-17,-11.455562777426225,5.9444583707597705,2.259734211006885,1.0021887862364651,1.00180615048614,1.0029341004966397,OS
2023-01-18,-11.647266354848778,6.967809626900946,2.3907484904710508,1.0003875226781151,0.9999380330115378,1.0014588170295473,OS
2023-01-19,-12.91123978766355,7.166764311619555,2.132497004880354,1.0001382536419188,1.0003055317797067,1.0009709897768115,OS
2023-01-20,-11.889730509239726,7.512562059872985,2.517973415588845,0.9994487404721377,0.9992795576336245,0.9998691362614134,OS
2023-01-21,-11.107064991297692,4.388581845947803,2.1802667700662557,0.9997303774481712,0.9999878526260411,1.0007202888552338,OS
2023-01-22,-13.494008196084632,8.044818211346485,2.2659822398216085,0.9993256511249149,1.0007861656911115,1.0000253646759099,OS
2023-01-23,NA,NA,NA,NA,NA,NA,OS
2023-01-24,-10.439274369462392,4.841126659668827,2.3717202958047485,1.0000654674441602,1.000370204957198,1.0010126095209844,OS
2023-01-25,-11.400648574441954,5.3410240632656665,2.1231988842781337,0.9991507736971271,1.0016347241049082,1.0024157474680409,OS
2023-01-26,NA,NA,NA,NA,NA,NA,OS
2023-01-27,-7.972987145455985,3.1939362239929334,2.37433086495092,0.9998078975520303,1.0004968219850312,1.001375608005022,OS
2023-01-28,-10.804333422202786,5.033356891047929,2.3257884497725074,0.9994884093348473,0.9992207848692671,1.000251685070043,OS
2023-01-29,-11.913536771123212,7.073566391693568,1.8439304792016402,1.000386189494715,0.9996312661590935,1.0007542630678925,OS
2023-01-30,-10.236860214300581,6.993402258191937,1.6641231427730911,0.9993741771459878,1.0000111654382104,1.0003339005687282,OS
2023-01-31,NA,NA,NA,NA,NA,NA,OS
2023-02-01,NA,NA,NA,NA,NA,NA,OS
2023-02-02,-9.281424038291226,6.855711699381908,1.4918862621826157,0.9996239642315571,1.0005522473156736,1.0018271393991305,OS
2023-02-03,-8.300995010848762,1.5532137316738193,1.7787409631790931,1.0019662685639632,1.0013184669584687,0.9993064923198223,OS
2023-02-04,NA,NA,NA,NA,NA,NA,OS
2023-02-05,NA,NA,NA,NA,NA,NA,OS
2023-02-06,NA,NA,NA,NA,NA,NA,OS
2023-02-07,NA,NA,NA,NA,NA,NA,OS
2023-02-08,-6.451078453251971,3.3461521393935305,2.1379878975012034,1.0009321949975558,1.0009736897309407,1.0021289088984129,OS
2023-02-09,-3.6446007631819186,0.4460108692616782,2.4413084909451075,0.9998910983022228,0.9996863356773925,1.0000355079902143,OS
2023-02-10,-7.0905644053578865,2.14523417217714,1.9592390919679408,1.0000084486523748,1.0000053971932938,1.0000638930639123,OS
2023-02-11,-6.031897047803182,0,2.439693741610528,0.9999170948927589,0.9997723025915147,0.9997252884965804,OS
2023-02-12,-9.652865692105339,2.04984397462199,2.300566304760601,1.0000375086582325,1.0004967466742636,1.0011125098829627,OS
2023-02-13,-5.517173725804244,0,2.234054749645229,0.9993439608686849,0.9991396955151184,0.9997689121358895,OS
2023-02-14,-7.050235417998712,1.258448895751046,2.085948808201924,1.0003674808393672,0.9997829590023429,0.9999735518573611,OS
2023-02-15,-2.6584659936761876,0,2.701306889537546,0.9995392865923323,1.0007945148399695,1.0012737527425968,OS
2023-02-16,-9.755203760896435,5.04226405920963,1.5600170607481691,1.001147697098013,0.999231164701059,1.000273126878303,OS
2023-02-17,-6.133688155688728,0.49434670186387897,2.220862235523073,0.9993449000658949,0.9998128322911888,1.002725063092526,OS
2023-02-18,NA,NA,NA,NA,NA,NA,OS
2023-02-19,NA,NA,NA,NA,NA,NA,OS
2023-02-20,NA,NA,NA,NA,NA,NA,OS
2023-02-21,NA,NA,NA,NA,NA,NA,OS
2023-02-22,-2.0469910055951996,0,0.6121423538183726,0.9991502161863951,0.9997855452745381,1.0004724071035245,OS
2023-02-23,-12.590280736678169,1.948158756482921,0.7269815334546547,0.9997963385181284,1.0039660639739474,1.0035433805225311,OS
2023-02-24,-14.22262650197838,1.2217120799370635,0.7499398132577292,0.9991846856958114,1.0017469948860946,1.0002697350839245,OS
2023-02-25,-12.795779722032082,0.5450178900519018,0.7675080895427516,0.9992645104819872,1.0003241989098022,1.0008045830874066,OS
2023-02-26,-12.775379658219913,0,0.8471632437496635,1.000311362457909,1.0001851066108756,1.000739472132549,OS
2023-02-27,-12.519913239109327,0,0.8549648172350515,0.9995860116770531,1.0012264339693862,1.000842880587083,OS
2023-02-28,-12.39029768783726,0,0.8623792982787799,0.9995303888541308,1.0011492841724134,1.0014671847837366,OS
2023-03-01,-12.421357882853535,0,0.8775972110476593,0.9993651335300815,1.0012536111942765,1.0020978701316094,OS
2023-03-02,-12.61886706171831,0,0.9185062851916933,0.9994456892866669,1.0002200154582124,1.0000341239768422,OS
2023-03-03,-12.456760114520062,0,0.9227771265857329,1.000007782457205,0.9996533232718562,0.9996772460569082,OS
2023-03-04,-12.519737747660123,0,0.9360643901956825,0.9997896116177141,1.0012803203777594,1.0006737590260208,OS
2023-03-05,-12.553298585794135,0,0.9608880405456836,0.9997218707754644,1.0033732669757918,1.006239650731954,OS
2023-03-06,-12.368992819366651,0,1.0456376638607459,0.9996472185348314,1.0006290471205057,1.00099031735113,OS
2023-03-07,-14.024575747108088,0,1.059165961009594,0.9995952857739697,0.9993734795624839,0.9995780959204298,OS
2023-03-08,NA,NA,NA,NA,NA,NA,OS
2023-03-09,NA,NA,NA,NA,NA,NA,OS
2023-03-10,NA,NA,NA,NA,NA,NA,OS
2023-03-11,NA,NA,NA,NA,NA,NA,OS
2023-03-12,NA,NA,NA,NA,NA,NA,OS
2023-03-13,NA,NA,NA,NA,NA,NA,OS
2023-03-14,NA,NA,NA,NA,NA,NA,OS
2023-03-15,NA,NA,NA,NA,NA,NA,OS
2023-03-16,NA,NA,NA,NA,NA,NA,OS
2023-03-17,NA,NA,NA,NA,NA,NA,OS
2023-03-18,NA,NA,NA,NA,NA,NA,OS
2023-03-19,NA,NA,NA,NA,NA,NA,OS
2023-03-20,NA,NA,NA,NA,NA,NA,OS
2023-03-21,NA,NA,NA,NA,NA,NA,OS
2023-03-22,NA,NA,NA,NA,NA,NA,OS
2023-03-23,NA,NA,NA,NA,NA,NA,OS
2023-03-24,NA,NA,NA,NA,NA,NA,OS
2023-03-25,-8.646423394941396,1.8793322369453265,2.1515573203891813,0.9995588230263754,0.9999285881699083,0.9991937988355699,OS
2023-03-26,-10.623760620614412,4.123032076212594,1.6726849934153296,0.9993095574209105,1.0006532681115914,1.001351969959606,OS
2023-03-27,-10.301007673424715,5.6164366720230285,1.3956623728305455,0.9998125920998688,1.0013800513084588,1.0003717778497547,OS
2023-03-28,-12.649884972060129,4.570847735401156,1.2496178870277788,0.9995786678308581,0.9993599744854186,1.0005451707787087,OS
2023-03-29,-9.164058795100518,10.405922611189169,0.6246115681744084,0.9994738905140268,0.9999113426245919,1.0004349146288212,OS
2023-03-30,-8.159217260365207,5.070095655655392,1.1818708305356045,0.9998689151036275,0.9993105091023238,1.0003421198793538,OS
2023-03-31,-11.148313489186794,3.847740295472591,1.6834737426318531,0.9996745962221051,0.9996172597436118,0.9993536277067375,OS
2023-04-01,-10.7696156937151,2.6966390007252845,2.1036931981917135,0.9999138268362244,1.0000551072168882,0.9994274289701973,OS
2023-04-02,-9.672296121918544,2.5126679365718525,1.9903598669750386,1.0003352852124983,1.0000283385782482,0.9998075395094405,OS
2023-04-03,-10.543910097396529,1.322699159294845,2.0563169177382714,0.9997573258598418,1.0011001777944606,1.0010942991031317,OS
2023-04-04,-11.40887188330674,2.122629008696582,1.9924934300629467,0.9992319360971671,1.001359657679392,1.0028825394856624,OS
2023-04-05,-9.997292364949029,1.3534032060390857,2.0062952980820974,0.9997361797999336,1.0003655223952843,1.0004656876043818,OS
2023-04-06,-10.813591875324445,2.5268564939938365,1.839778166493481,0.9994902209355154,0.9996560455413833,1.0008047565206455,OS
2023-04-07,-11.382727278029286,2.651311872915437,1.8129804418020259,0.9996699144324709,1.0007168070966492,1.0004140462600732,OS
2023-04-08,-12.400392011184012,2.6937859543889324,1.5610246387638727,0.9992451097806743,0.9996419420937656,0.9996994402844347,OS
2023-04-09,-10.179908540775852,4.58263299719509,1.2428408183709476,0.9992322284150528,1.0005970141194842,0.999755823659803,OS
2023-04-10,-11.388269287600764,6.031244556063595,1.4626843576409465,0.9998351187201477,1.0022074475166654,1.0039306691529188,OS
2023-04-11,-10.980812008524406,6.904274906291587,1.4953403956131004,0.9997039837230918,0.9998925717062557,0.9999111290299598,OS
2023-04-12,-10.262808032425765,6.0155843569192,1.3479131399343058,0.9993309668957132,0.9997990040783195,0.9994205628505728,OS
2023-04-13,-13.37000542039415,4.550385620610749,1.8648516751849176,0.99943999527988725,0.9998134233120889,1.000472632637845,OS
2023-04-14,-8.10623599982986,0.4010111047804909,1.744390321999362,1.0004326182295746,1.00117024039351,1.0022848209917627,OS
2023-04-15,-8.52620228253766,2.631849339265602,1.5998896884343536,0.9992310904412057,0.9992669614966793,0.9994276874238726,OS
2023-04-16,-8.180165558440844,1.5075269220872858,1.6930957928569017,0.999445258162081,0.9996814498188867,1.0002115388354706,OS
2023-04-17,-14.400265684869778,9.919185104447394,0.8236453462117753,1.0001669885519788,0.9995911176033251,0.9995643541477245,OS
2023-04-18,-12.833986434107807,8.784555367329283,1.4254525268393785,0.9995179852591877,1.0006670346970625,1.0003399783665365,OS
2023-04-19,-11.362848795247057,5.396766628705245,1.4895474050825075,0.9995009914979518,0.9997020993093255,1.0005626732629698,OS
2023-04-20,-8.238185919223522,3.7666971623926826,1.8635057382119748,0.9992568933302808,0.9997196683929168,1.0004443473828848,OS
2023-04-21,-10.62787924293475,6.375011878988062,1.7813352203694366,0.9999669149904629,1.0002664064659905,1.000079306414458,OS
2023-04-22,-9.888978216898193,5.518748704132036,1.6855700120182326,1.0000183438066623,0.9999607636767393,1.0003877057749828,OS
2023-04-23,NA,NA,NA,NA,NA,NA,OS
2023-04-24,-12.837219331485946,8.502037984024794,1.601598138157114,0.9998603139954615,1.000155240375003,1.000488399812435,OS
2023-04-25,NA,NA,NA,NA,NA,NA,OS
2023-04-26,NA,NA,NA,NA,NA,NA,OS
2023-04-27,NA,NA,NA,NA,NA,NA,OS
2023-04-28,NA,NA,NA,NA,NA,NA,OS
2023-04-29,-8.61230254961207,5.401373125002537,2.1502427578580257,0.9996778418420523,1.0006833012711485,1.0003165827891487,OS
2023-04-30,-10.042978404169302,3.214152817344099,1.6771868569199984,1.0000228153218478,1.000305381467065,0.9993013938430694,OS
2023-05-01,NA,NA,NA,NA,NA,NA,OS
2023-05-02,NA,NA,NA,NA,NA,NA,OS
2023-05-03,NA,NA,NA,NA,NA,NA,OS
2023-05-04,NA,NA,NA,NA,NA,NA,OS
2023-05-05,NA,NA,NA,NA,NA,NA,OS
2023-05-06,NA,NA,NA,NA,NA,NA,OS
2023-05-07,NA,NA,NA,NA,NA,NA,OS
2023-05-08,NA,NA,NA,NA,NA,NA,OS
2023-05-09,NA,NA,NA,NA,NA,NA,OS
2023-05-10,NA,NA,NA,NA,NA,NA,OS
2023-05-11,-15.021232820672072,9.875253580905227,2.2270918477488073,1.0001083487900368,1.0012785318629174,1.000732311603445,OS
2023-05-12,NA,NA,NA,NA,NA,NA,OS
2023-05-13,NA,NA,NA,NA,NA,NA,OS
2023-05-14,-14.291705552763178,8.803079819159352,2.270015159692367,0.9999347857939591,0.9997158014487743,0.999951888494876,OS
2023-05-15,-14.11124963270341,8.95883024840026,2.447892502798796,1.0009677574378957,1.0026667366067332,1.0023386377559411,OS
2023-05-16,-12.814557494824077,8.68510715879951,1.6818926628466864,0.9997582289235138,1.0010608915663504,1.000233373544172,OS
2023-05-17,NA,NA,NA,NA,NA,NA,OS
2023-05-18,-12.301693184196946,8.004734746983925,1.9585860757111186,0.9992388227345048,0.9995444806020287,0.9991835716847555,OS
2023-05-19,-12.957482602870115,9.577633035441151,1.7997039920378035,1.0001635467300363,0.9996651979710606,1.001784342794075,OS
2023-05-20,-13.394643113943252,8.949456548485266,2.2072706347300803,0.9992611025932537,0.9997459064386384,1.000915446287094,OS
2023-05-21,-9.69018243828593,3.4572737750473874,2.0491939335535676,0.9997001584203649,1.0005284437450757,1.000916922499679,OS
2023-05-22,-11.657392709637149,7.410412889267643,1.9120091972832431,0.9996971052134808,0.9999628472210571,0.9998314145906476,OS
2023-05-23,-11.736446379199396,7.362124735048457,1.893239040138191,0.9995268002766569,1.0010663946974163,1.0003443072543294,OS
2023-05-24,-12.440972135665339,8.212317129398459,2.093965240402329,0.9999502861330037,1.0008386376831682,1.000702171464238,OS
2023-05-25,-12.343947464956717,8.953766141455565,2.0517527806000504,1.0004237767046833,1.000649027003078,1.0015673474553592,OS
2023-05-26,-8.616067597953894,2.504809398393223,2.1131964966850036,0.9994497638681014,0.9998299492746747,1.0002140252544527,OS
2023-05-27,-12.946877807081838,7.69991876393683,2.3370616358929817,0.9999214410786328,1.0010559299337123,0.9998731589964307,OS
2023-05-28,-12.326597252845795,7.78520194212695,2.2287954900342064,1.000116218925228,1.0004797995418047,1.0013873038943444,OS
2023-05-29,-13.362671543971734,8.499130771509732,1.9452275109914008,0.9994670854342278,0.9993896631192026,0.9995311290502885,OS
2023-05-30,NA,NA,NA,NA,NA,NA,OS
2023-05-31,-10.79069873018743,6.72584377579308,1.6535138090900239,0.9996890978023184,0.999577058562781,1.000177024876346,OS
2023-06-01,-12.156038222482238,7.595279082769718,2.0006671244160876,0.9998223619358702,1.0002849931106763,1.0002130092913992,OS
2023-06-02,NA,NA,NA,NA,NA,NA,OS
2023-06-03,-8.460980287641602,2.7028902091892997,1.72337109235917,0.9992318769520107,0.9996414139256813,1.0006163011899258,OS
2023-06-04,-10.942262378692083,6.77424530126534,2.1009418038755565,0.9993351739726425,1.000762702832671,1.0012711621984614,OS
2023-06-05,NA,NA,NA,NA,NA,NA,OS
2023-06-06,NA,NA,NA,NA,NA,NA,OS
2023-06-07,-11.188554627039334,7.608307336177459,2.035997698545663,1.0008158128553062,1.001262334665184,0.9996514967762732,OS
2023-06-08,NA,NA,NA,NA,NA,NA,OS
2023-06-09,-14.411155684797638,8.575477260323519,2.3467072422380078,0.9997670490777432,1.000269830590357,1.0007578052426864,OS
2023-06-10,NA,NA,NA,NA,NA,NA,OS
2023-06-11,NA,NA,NA,NA,NA,NA,OS
2023-06-12,NA,NA,NA,NA,NA,NA,OS
2023-06-13,NA,NA,NA,NA,NA,NA,OS
2023-06-14,NA,NA,NA,NA,NA,NA,OS
2023-06-15,NA,NA,NA,NA,NA,NA,OS
2023-06-16,NA,NA,NA,NA,NA,NA,OS
2023-06-17,NA,NA,NA,NA,NA,NA,OS
2023-06-18,NA,NA,NA,NA,NA,NA,OS
2023-06-19,NA,NA,NA,NA,NA,NA,OS
2023-06-20,NA,NA,NA,NA,NA,NA,OS
2023-06-21,NA,NA,NA,NA,NA,NA,OS
2023-06-22,NA,NA,NA,NA,NA,NA,OS
2023-06-23,NA,NA,NA,NA,NA,NA,OS
2023-06-24,NA,NA,NA,NA,NA,NA,OS
2023-06-25,NA,NA,NA,NA,NA,NA,OS
2023-06-26,NA,NA,NA,NA,NA,NA,OS
2023-06-27,-12.347738922360698,1.1432832530209411,1.7256799294142613,0.9997295463294412,1.0008558070638662,1.0017561853189532,OS
2023-06-28,-12.03045888341789,0,1.6053129628770215,1.0000195160884242,1.0015639806026286,1.0011897794065816,OS
2023-06-29,-12.239495171308548,0,1.497148515253132,0.9995325501925886,1.0007184299111884,1.0004939314964116,OS
2023-06-30,-12.423385764593512,0,1.3868299638846473,0.9995917763209833,0.9998328853704979,1.0003951107846714,OS
2023-07-01,-12.783582667708016,0.37616553193964386,1.3043920864654417,0.9997264793416473,0.999917460418472,1.0001430857523417,OS
2023-07-02,-13.013314552222411,0.63785398422298345,1.174730494215205,1.0004721722505197,1.0010642704128117,1.0015134081572343,OS
2023-07-03,-13.194094246676956,0,1.1461047444828507,0.9994334378251287,1.0012708072684895,1.002003556435909,OS
2023-07-04,-12.656065991831275,0,1.1369595889857644,0.9994760648490988,1.0005343090291925,1.0002675388196007,OS
2023-07-05,-12.748954250354199,0,1.0668157623673664,0.9999851253155551,1.0019395648024443,1.003366783322233,OS
2023-07-06,-12.590410482995564,1.1976403962445263,1.1507449932960205,0.9995016477539115,1.0002729421382779,1.0001452620588764,OS
2023-07-07,-12.93535579658286,1.5664887731317694,1.1421656325584895,0.9997573492025912,1.0016280906736035,1.0014091266206895,OS
2023-07-08,-12.155690927650998,0.06627068920864641,1.4419961674495052,1.0011326082298395,0.9994353017905084,0.9999674868623727,OS
2023-07-09,-12.03440992045282,0,1.6723692973073208,1.0008525611926107,1.000478503566674,1.0010177294526545,OS
2023-07-10,-10.444340347588943,0,1.5893894392134469,1.0010779782780799,1.000981745653246,1.0012065335063536,OS
2023-07-11,-11.585030224409637,0.518666559153408,1.6222988587002534,0.9993769138796929,1.0000947967964522,1.0000275834804289,OS
2023-07-12,-10.614028729038074,0,1.9505645590351042,1.0001215008963407,1.0007011631824347,1.0024263669235818,OS
2023-07-13,-11.557948836081756,0,1.9793824263141602,0.9994500605706691,1.0025345150503815,1.0036136268387559,OS
2023-07-14,-12.201129256236785,0,1.6383338729585666,1.0000893885852686,0.9998533919459971,1.0004030965887436,OS
2023-07-15,-11.343061765810353,0,1.8810429812000378,1.000657649422719,0.9997054320783392,1.0010607239434237,OS
2023-07-16,-14.450416054464192,0,1.3646271236942422,0.9994894698591905,1.0005505427492236,1.0008129214154042,OS
2023-07-17,-11.87877018028266,0,1.6613609512964846,0.9994205153825283,1.0003714199501048,1.0000177041934648,OS
2023-07-18,-9.198224880781318,0,1.5855449938145998,0.9995670529652807,0.9997275937560873,0.9994633360950947,OS
2023-07-19,-9.521173773925971,0,1.6456707927807996,0.9995455245341365,0.9997636927681024,1.000386725788875,OS
2023-07-20,-11.067900216277593,1.4156814533178104,1.5086333429748258,1.0007482438700357,1.0002126107565004,1.0004909137740081,OS
2023-07-21,-16.74486312972727,5.4902921124422734,1.4866170912733108,0.9992692629392336,0.9997181464345012,0.9997307484981655,OS
2023-07-22,-13.813810143957449,0.14339907860172257,1.4568121967849774,0.9995578933338561,1.0010783547060578,1.0014740352779563,OS
2023-07-23,-13.325203630939958,0,1.5381314718121895,0.9995746560936417,0.9999726211300651,0.9996769254767092,OS
2023-07-24,-11.9715081496563,9.42566837634387,1.0256520010997718,0.9996924675808048,1.0009718378156494,1.0006396516062703,OS
2023-07-25,-12.678511588206192,6.613305784953155,1.3409790231237801,0.9999901683012266,1.0009773018176353,1.000131030920811,OS
2023-07-26,-13.349028967604799,6.984102177339655,1.461067405811661,0.9998377392234948,0.99950234150857,1.0000457705666783,OS
2023-07-27,-12.191201903221561,5.044402527137992,1.6057047261426798,0.9998494792491025,0.9997236248618347,0.9997531743711282,OS
2023-07-28,-12.902850285452608,4.873147054694599,1.70234572406289,0.9997014703702223,1.0014463892368128,1.0015358235591685,OS
2023-07-29,-12.700185852860589,5.673645815920594,1.5713003111416628,0.9999525697887571,0.99980373617044,0.9998219160154579,OS
2023-07-30,-11.048559284537166,0,1.6392223601546199,1.0013986727978383,1.0028462694456017,1.0005647524073968,OS
2023-07-31,-12.208875643353247,5.856841346306974,1.8171488481320468,0.9995827054983228,1.0014391450227287,1.0003302857055947,OS
2023-08-01,-11.734027836653961,5.068114894427707,1.542480861402256,0.9996919818359004,1.001320013997723,1.0010131160235871,OS
2023-08-02,-11.905448863183594,5.41975366010385,1.5186241260585178,0.9995790216961095,1.0008113221552213,1.001197926034666,OS
2023-08-03,-11.217488026800789,5.6269995562474175,1.522838406455176,0.9992764929446777,0.9997967902300648,1.0005115742361612,OS
2023-08-04,-10.834460624857249,3.4021970834021693,1.56405237809149,0.9996331742917786,1.0008782631569944,0.9997044274713827,OS
2023-08-05,-11.882700310416338,1.9172674935112997,1.6986739587663917,1.0015285248457189,0.9999285924187067,0.9995883542265083,OS
2023-08-06,-10.939250281948004,2.490850203512076,1.6860293636689248,1.0003683307500613,0.9995550030498032,1.0000593210299313,OS
2023-08-07,-11.260809858972861,1.042307995058192,1.8319715869825468,0.9998334080063794,1.0000656060124418,0.9999305952401789,OS
2023-08-08,-10.867183916725795,0,1.9184035733092764,0.9995093329527471,0.9997003591524585,0.9995295434352833,OS
2023-08-09,-10.771417648909884,0,1.956603275715727,0.9999834058330547,1.0006233387624996,0.9998313381130799,OS
2023-08-10,-11.350216778449454,0,1.9629567577256555,0.9997416014083769,1.0003493871036742,1.000146107447643,OS
2023-08-11,-11.170332416929957,0,2.0752882864831568,1.0003124880717877,0.9996991698677198,0.9999506013517623,OS
2023-08-12,-11.035062774141915,0,1.9038369304519727,0.9999515664051032,1.0005052667325216,1.0014001479401022,OS
2023-08-13,-11.391254343587727,0.0425642949212649,1.818543850273133,0.9991874917263504,0.9997334630508832,1.0007102048656307,OS
2023-08-14,-12.303431805366934,3.701831554126596,1.5070001699415987,0.999074290215721,1.0001366216647685,1.0006803103564625,OS
2023-08-15,-11.150567578515453,0.708475188019721,1.8438233861738555,0.9992916623944451,1.001195745142195,1.000300154936247,OS
2023-08-16,-10.813797591139865,4.7466737371956995,1.4864167164058328,1.001111972093233,0.9998237991304662,1.0006781924005514,OS
2023-08-17,-12.697000650818998,3.4817113287062047,1.5758018588197902,0.9993459993883942,1.0005817982388006,1.000778587464848,OS
2023-08-18,-12.40145836490317,5.1359246259890385,1.4860957096539003,0.9993101095322316,0.9993308314033742,0.9998702409873256,OS
2023-08-19,-13.14308106451028,5.950627039877292,1.4041458473034814,0.9993581578117695,1.0001276664338181,0.9995376501798245,OS
2023-08-20,-13.685348603790198,6.917591145407417,1.286578232630739,1.0001160603498427,0.9996071964163968,1.000920257263278,OS
2023-08-21,-12.394855559589463,8.40916054522258,1.015898404915527,0.9998125680732328,0.9996067866412652,1.000720641291097,OS
2023-08-22,-13.036120324993762,6.933490757843965,1.275759856125466,0.9992667824387323,0.9995114951595777,0.9999681963927022,OS
2023-08-23,-12.980727017384167,7.395189535088956,1.234878174222466,0.9993725880575693,1.000397899884495,1.0017442022702923,OS
2023-08-24,-12.880450962640863,6.554090727732135,1.4059883293648539,0.9991576251229028,1.0007036979917154,1.0013152012883195,OS
2023-08-25,-12.54971863176264,6.127153321786982,1.4428215043845418,1.0008735898894923,0.9999790082799218,0.9996317261653794,OS
2023-08-26,-12.32142749547734,5.668415785779389,1.5687137695765114,0.9992489398975366,1.0001560413022166,1.0018058686395148,OS
2023-08-27,-11.563382412564922,3.855116979807676,1.733781259420537,1.0000440122209031,0.9996132324131514,0.9994691808013064,OS
2023-08-28,-10.642859274728497,2.9003780109547352,1.8124182688124835,0.9994424691951437,0.9994907358978202,0.9998330138453919,OS
2023-08-29,-13.104134278397643,0.5209378996900595,1.5304851299174287,1.0000911802233918,1.0028131859974103,1.0008041006066128,OS
2023-08-30,-8.700535005469701,0,1.240863189587193,0.9998709532653053,1.0007794364915,1.000429872255124,OS
2023-08-31,-12.534801554855239,0,1.3798031880878727,0.999450153039555,1.0017805540073386,1.0023307685836393,OS
2023-09-01,-14.662685072473504,2.9038671425193923,1.3850427553006466,0.9992155880073383,0.9992196929653716,1.0000194925192405,OS
2023-09-02,-15.544762435504024,4.471279057727553,1.4291456491930945,0.9994595557970389,1.0002437533173587,1.0007004255947105,OS
2023-09-03,-13.281437222327945,0,1.5427011766168273,0.9994299440095427,1.0001943326946323,1.0008037492427122,OS
2023-09-04,-13.456824675789703,0,1.4327308394023837,0.9992831085670967,0.9996135142542445,0.9999090296068714,OS
2023-09-05,-13.611272985687814,0,1.3655252370023319,0.9995959721248615,0.9998878035217795,1.0002973029421411,OS
2023-09-06,-13.363918304845852,0,1.2717900450792177,0.9994510378828776,1.0004642057107573,1.000279283764435,OS
2023-09-07,-13.480689775879037,0,1.2535952838370963,0.9995850777168072,1.000300928893192,1.0003407549131125,OS
2023-09-08,-13.536992631228678,0,1.2447607652787214,0.9995111374328032,0.9996728582020009,0.999609362801657,OS
2023-09-09,-13.537994886200172,0,1.23058015801987,0.9992701738510591,1.00053661722553,1.0004053849834253,OS
2023-09-10,-13.27586502919435,0,1.2310661442365158,0.9991865145329232,0.999765398568499,0.9999373603442182,OS
2023-09-11,-13.343750052515063,0,1.2143710206585892,0.9993492691910513,1.0008384868779308,1.0002885161670279,OS
2023-09-12,-13.6615828774884,0,1.243716841715299,0.9993736144251706,1.0003418743204233,1.0007172113638416,OS
2023-09-13,-13.382144034579543,0,1.2157003573566498,0.9997032474255032,1.0011748505579887,1.0006037779011856,OS
2023-09-14,-13.521648428647756,0,1.2438585983717576,0.9996121393986058,1.0002782734640017,1.0002212679704827,OS
2023-09-15,NA,NA,NA,NA,NA,NA,OS
2023-09-16,NA,NA,NA,NA,NA,NA,OS
2023-09-17,NA,NA,NA,NA,NA,NA,OS
2023-09-18,NA,NA,NA,NA,NA,NA,OS
2023-09-19,NA,NA,NA,NA,NA,NA,OS
2023-09-20,NA,NA,NA,NA,NA,NA,OS
2023-09-21,NA,NA,NA,NA,NA,NA,OS
2023-09-22,NA,NA,NA,NA,NA,NA,OS
2023-09-23,NA,NA,NA,NA,NA,NA,OS
2023-09-24,NA,NA,NA,NA,NA,NA,OS
2023-09-25,NA,NA,NA,NA,NA,NA,OS
2023-09-26,NA,NA,NA,NA,NA,NA,OS
2023-09-27,NA,NA,NA,NA,NA,NA,OS
2023-09-28,-12.469869057018153,4.531411739498941,1.7603900743570455,0.9996413059137993,0.9998511221304455,1.000055035503052,OS
2023-09-29,-12.83264992740237,5.127740871385704,1.8279820962180646,0.9995809559348879,0.9992602042555031,0.9991527036214292,OS
2023-09-30,-11.54500638068252,3.601220681627385,1.819972635751627,0.9992926056055299,1.0002711183332833,1.0003743502970908,OS
2023-10-01,-10.63366749165638,2.8131370738342913,1.8888643195049324,1.0001475342585207,1.0014977529809905,1.000635553163543,OS
2023-10-02,-11.690273148911768,3.9921655732676045,1.7931504783551142,1.0002443775911967,1.0023676346686186,1.0003420478508498,OS
2023-10-03,-12.608524883900731,5.671168661187257,1.5227339970775884,0.9994937985459541,1.0000941265171703,0.9998005844456684,OS
2023-10-04,-14.715934755679404,5.743180231653981,1.4755041556273696,0.9998114830795948,0.9998141419288115,0.9992085201467791,OS
2023-10-05,-12.751481344056913,6.047411274755508,1.2752134228248186,0.9998630768232576,0.9996895206727687,0.9995425996958953,OS
2023-10-06,-13.83426134415628,0.23918644922847584,1.597470072672845,1.000222359059524,1.003029885172262,1.005800205897423,OS
2023-10-07,-12.610252012219565,0.03347690329722507,1.6410479312619277,1.0008858650606227,0.999790028621355,0.9998603572754905,OS
2023-10-08,-12.165447957025563,0,1.6782912575374922,0.9995255806622735,1.001487777225059,1.0036580359306955,OS
2023-10-09,-11.845357235152294,0,1.7417874786283623,0.999274396068017,0.9995860348183656,0.9999254473038817,OS
2023-10-10,-12.114960058049565,0,1.7518104743376486,1.0006622112602763,1.0001485587257426,1.0000870728610938,OS
2023-10-11,-8.852082186023795,4.753072088525396,1.5874426156167822,0.9993914312516288,1.0012000659100246,1.0004825554979533,OS
2023-10-12,-11.253444053102761,0.8941929664414382,1.8177127247180132,1.000062532326774,1.000107104883203,0.9998439554195745,OS
2023-10-13,-12.961235515646152,1.4492278817798399,1.670606785604995,0.9995382477688057,1.0002300012052365,0.9997624642902168,OS
2023-10-14,-14.6897740036031,5.421920427638247,1.510346527549562,0.9996394771281858,0.9999618668695759,0.9995714283927771,OS
2023-10-15,-7.933035651167884,0,1.8157683831417297,0.9997413804519751,0.9996095120116555,0.9995603994198479,OS
2023-10-16,-14.222088623735955,5.373913633389196,1.9252102036436374,1.0003268744412055,1.0015878114174765,1.0015433254748516,OS
2023-10-17,-13.686612890267353,5.362083145955961,1.818384529248742,0.9997546355798411,1.0023760429210216,1.0014935586365892,OS
2023-10-18,-9.854116070391147,0.5488976489743502,1.9581397675674477,0.9991781672687332,1.0022965674800903,1.002940467437108,OS
2023-10-19,-14.47005148500821,0.712807848701627,1.5570506737718433,1.0005363092125394,0.999816396730726,0.9995373947778676,OS
2023-10-20,-12.86963163886614,0,1.5818049321213186,1.000201113615978,1.0012594475951464,1.000763602701293,OS
2023-10-21,-12.954513902897952,0,1.5405200832704629,0.9997487585813625,1.000301355708154,1.0008607935990712,OS
2023-10-22,-12.889787605485818,0,1.6165105574782859,1.0004467919051834,0.9998378628862677,0.9997232822286674,OS
2023-10-23,-12.883992131555985,0,1.6282059379279326,0.9997086227687103,1.0000641011837523,0.9999513707976685,OS
2023-10-24,-12.814673689756857,0,1.6654088906999045,0.999790447536118,1.0007103392534713,1.0007777569099194,OS
2023-10-25,-12.879044865011124,6.692475331612671,1.8450491316342388,1.0004885443388012,1.0007098199002118,1.002502886566998,OS
2023-10-26,-11.184749489874285,3.519559913182325,2.0232471472072393,0.9995409652817646,1.0009718874593454,1.001481978395599,OS
2023-10-27,-13.785496569764868,4.796371318992159,1.8413059173093724,0.9997609031102944,0.9996647229868496,1.0001353640203212,OS
2023-10-28,-14.05476571275965,4.923446587298978,1.454558633315298,0.9995583646246058,1.0011706457101592,1.0006641692367853,OS
2023-10-29,-17.421296334249067,6.632109123224856,1.6452442834274918,0.9996887363316821,1.0005887786935674,1.0006554783347466,OS
2023-10-30,-12.05408882588456,2.6148753278169714,2.0981476439462945,0.9997059988746568,1.000894197425421,1.0014120571063752,OS
2023-10-31,-11.257276439977012,2.805682815673262,1.9882211655861146,0.9995706880056106,0.9999717848184186,0.9999210143412293,OS
2023-11-01,-12.360466763842652,3.8083054618331778,2.159623203044097,0.9996431658955772,1.0008670774885744,1.0005272766634818,OS
2023-11-02,-16.453803117047727,4.74386029294467,1.8316578202652916,0.999956253107303,0.9993543617283766,0.9996232073026835,OS
2023-11-03,-11.426575959997521,0,1.758768973988604,0.9993973259135746,0.999817333696519,1.0000377325471592,OS
2023-11-04,-11.654781277797003,0.019551773016931416,1.7777250096927821,0.9996149112761421,1.0003330827247385,1.000387181670051,OS
2023-11-05,-10.091667783175021,2.1650463779999063,1.6824036531092572,0.999835492356348,1.0009326470884676,1.002701063725574,OS
2023-11-06,-12.525003074977022,3.4540121842182354,1.6428534770368306,0.9992646039566366,1.0001836050972415,1.0012513096760203,OS
2023-11-07,-15.636524446038083,6.293808652474515,1.8125769809685652,1.000144516755528,1.001036654468763,1.0003999189510182,OS
2023-11-08,-11.423243446313805,0,1.7783504892479343,0.9993833847410336,0.9999928179721211,1.0006222462068513,OS
2023-11-09,-9.945896519513424,4.874547792235697,1.6892069453934557,1.0000087655964298,1.0006091053950228,1.0000005869010136,OS
2023-11-10,-13.659869557905745,3.3342117245593492,1.842457876434076,0.9998087797649289,1.00009346657715,1.000074598382332,OS
2023-11-11,-11.433728151193304,3.19923343776855,2.1366312424619776,1.0003676321103858,0.9996875769768349,0.9999091386558052,OS
2023-11-12,-10.436800421328323,3.621694351369139,1.9404970131141979,0.9996845675754483,1.0005056195906392,0.9998590565285408,OS
2023-11-13,-8.254574295731187,1.0561860013284643,2.1611512182023245,1.0000603266125105,1.0010696338391925,1.000828527884017,OS
2023-11-14,-10.304686945722553,2.071107997350867,2.076062280947043,0.9997812824092313,1.001505736050263,1.00243841463232,OS
2023-11-15,-9.195508004769076,0,2.052784807489968,0.9996526480977189,0.9997026589439957,1.0004214818101376,OS
2023-11-16,-12.13490274633887,3.2553376831040963,2.089921661769022,0.9997624755542214,1.0002724844948616,1.0008538716636992,OS
2023-11-17,-9.338432002498298,0,1.9882488303477763,0.9995153685932395,1.0002933501545883,0.9997702246817392,OS
2023-11-18,-11.863796308479342,4.389545423578661,2.0476251027871997,1.000288150352952,1.0017082542423115,1.0023618293797396,OS
2023-11-19,-11.6661367282486,3.3895184634380864,1.8465872097619,1.000217749158688,0.9999016650879037,0.9997940603905028,OS
2023-11-20,-13.925010083145592,2.3889194789768995,1.570452455446437,0.9998860398594945,1.0001248035813353,1.0005632928622232,OS
2023-11-21,-9.64023241259422,0,1.729353895933747,0.9991202525731366,1.0002312516430225,1.0004974143732062,OS
2023-11-22,-10.418798074080218,0,1.8612612308704541,0.9995943557304214,0.999457129349609,0.99984010147754,OS
2023-11-23,-8.698247049442562,0,1.537385198449472,0.999282990312025,1.000756982287257,1.0002771354433668,OS
2023-11-24,-9.344992493994456,1.6524330110410805,2.3186229071756808,1.0003513290898376,1.0000763884290982,1.0009658398704868,OS
2023-11-25,-10.497238079424115,1.184996009359563,1.6722379573970763,1.0001712806944045,1.0009178448689542,1.0014682088192335,OS
2023-11-26,-11.23995228783781,0.06819675678055755,1.753544018105936,0.9993021435551209,1.0002895489699397,1.0010776594942579,OS
2023-11-27,-13.162979727929264,5.198293766892501,1.7930686066869992,0.999661459585436,0.9999698854043327,0.9996105104686671,OS
2023-11-28,-11.50169826567454,3.736294374870736,2.27450759100504,0.9991670291727307,0.9994938399611554,0.9996469750675926,OS
2023-11-29,-14.162582852036868,0.6384399407423886,1.8422419081230481,1.0018210987809262,0.9998126539691312,1.001277583142275,OS
2023-11-30,-10.673914048652403,0,1.849523052809103,0.9995441898372734,1.001007001862875,1.001350294348003,OS
2023-12-01,-13.851623930674446,4.831058382652209,1.9789684478715963,0.9997436459041037,1.000804844308434,1.0009205083718795,OS
2023-12-02,-11.65473833598596,0,1.749945674466938,0.9994184026353253,1.0010777818525622,1.0004796127410447,OS
2023-12-03,-11.594208748179327,0,1.7496478559175048,0.9992462000428018,1.0010856577123253,1.001262669719365,OS
2023-12-04,-11.707103297525034,0,1.7806886242165527,0.9998517273948498,0.9999379433598091,1.000725905106669,OS
2023-12-05,-11.557409233094237,0,1.7460787370755086,0.9999933588285708,1.0028162094952016,1.0021175378225078,OS
2023-12-06,-11.706263234638241,0,1.755405033616569,0.9994408537992081,0.9997441822591884,0.9998295174334644,OS
2023-12-07,-5.805513148697106,6.021564549817424,1.4534695518005618,0.9997350812518311,1.0000344769201721,1.0001593748305257,OS
2023-12-08,-9.861695309437671,3.792255782522784,1.6377104189865326,0.9996303851152785,0.999873782434704,1.0001706767659502,OS
2023-12-09,-14.482593001280863,0,1.657568149501808,0.9991909575008278,0.9996778203990099,1.0001132207707069,OS
2023-12-10,-13.070821158988748,0,1.4195046942210832,0.9995573334453619,1.0000906167428052,0.9999604016313082,OS
2023-12-11,-12.944858000123435,0.07976501499821444,1.4097748270069745,0.9993003728497605,1.0008448743494103,1.0008927111901806,OS
2023-12-12,-13.514523940320087,0,1.2802455956257275,1.0001227199471951,1.0004363910095335,1.0008910535719897,OS
2023-12-13,-13.342458783905085,0,1.2105314642293827,0.9999254421174356,1.0010884648877152,1.0008371234359488,OS
2023-12-14,-12.961523881414708,0,1.085653705092442,0.9994134103381439,1.0010097890614884,1.0003600193904771,OS
2023-12-15,-12.879978609544844,0,1.0750800065661672,0.9999840656655121,1.0003093193427512,1.0003930382576673,OS
2023-12-16,-12.958889312625024,0,1.136630928270754,1.0001193169569254,1.0008992657460662,1.000984521549694,OS
2023-12-17,-13.106813044855746,0,1.2164003339592235,0.999599905975609,1.0009338804175054,1.0002151781887643,OS
2023-12-18,-8.216085007077428,7.677000790215424,1.1979056111626731,1.0000002409071571,0.9999358077368667,1.0002433121814656,OS
2023-12-19,-10.92342134708573,1.5925769370178957,1.941894219736286,0.9998329289480522,1.0002674017060482,1.0004834435695371,OS
2023-12-20,-2.97688043188779,0,1.7414172059157473,0.9998721969331944,1.000273701407625,0.9997805641255962,OS
2023-12-21,-5.299005396967912,0,2.1399565809085295,0.9998991147223055,1.00038259825127,1.0003378583706606,OS
2023-12-22,-4.653987672192862,0.386901129285291,2.17047542878191,0.9995720313557184,0.9992452926431215,0.9999279735644581,OS
2023-12-23,-3.9658526691670164,0.5223459621922943,2.1382964289376316,0.9996508450017109,0.9995973516078691,1.0017062079686405,OS
2023-12-24,-3.2725955750558517,0,2.15911414255054,1.0000304248920702,0.9994405768522696,1.0002296425300672,OS
2023-12-25,-8.315378772322804,1.1928853170028786,1.7636625025654304,1.0002215965155423,0.9997643847180598,1.0004992343863952,OS
2023-12-26,-9.13143533077891,0,1.7911214535988367,0.9992301959527492,1.0008981225915325,1.001017095797525,OS
2023-12-27,-11.539810601099658,0,1.4648518090820046,1.0002951527210793,1.0010157862601436,1.0012626382622125,OS
2023-12-28,-12.362321706227037,0,1.3312195587921736,0.9995226745720474,1.0003303885600001,1.0004309882839506,OS
2023-12-29,-7.146581090671162,0,1.5457930341013422,0.9993699592398166,0.9999026728385196,0.9997997708986981,OS
2023-12-30,-14.054905232408506,0,0.8657160764040795,0.9994836882345887,1.0012248116125146,1.0008876087660652,OS
2023-12-31,-10.47760296767769,0,0.9498423666330759,0.9993555857498245,1.00146210664318,1.0024428347857453,OS
2024-01-01,-14.617569496913418,5.590956297321804,0.7149981172154435,0.9990832069175261,1.001114518839821,1.0014461680348612,OS
2024-01-02,-12.235181865635768,0,0.9410703604265288,0.9998679526122383,0.999608445262716,0.9997655371795535,OS
2024-01-03,-15.91265999706807,6.057952419593472,0.9486333932334758,0.9993507067553645,1.0008684165468291,1.001845754190868,OS
2024-01-04,-12.32489869941573,0,0.9821167551913411,0.9996469807402362,0.99976322810205,0.9997553789921338,OS
2024-01-05,-15.702370930159045,5.799555175834882,1.1224003460946819,1.000205356902689,1.000352712170377,1.000049815263097,OS
2024-01-06,-13.481348596618364,0.026450010723588203,0.8124819675257453,0.9999964787502764,0.9993744422275459,0.9992422094330413,OS
2024-01-07,-12.953631014615151,0,0.7718365159605727,0.9992665912483035,0.9993703014464824,0.999315044782052,OS
2024-01-08,-11.335694765508892,3.6540104623606497,1.2123114079624184,1.0000375586185448,1.0014489917219225,1.0007671438267018,OS
2024-01-09,-13.486639492057162,0.4109396080625624,0.9254529622054829,0.9994168325474275,1.0012996835744963,1.001119105960576,OS
2024-01-10,-13.13018153211231,3.4574486373108817,1.0291833466082034,0.9994818822180719,1.0024357363279548,1.002068624603987,OS
2024-01-11,-11.953009462487705,0.2634765385370223,1.1002269797238584,1.001283792290191,1.0000730618813864,1.0006794058319906,OS
2024-01-12,-11.829231004627953,0.15333328947112923,1.1092558564019583,0.9992927389955074,1.0001877981632947,1.0004191956920114,OS
2024-01-13,-13.44078540621983,0,0.9738360846995657,1.0001847163097402,1.0006985226645426,1.0006458071388715,OS
2024-01-14,-10.752824596126382,0,1.5247736516175876,0.9999428714587442,1.0029803000020021,1.0031111198541662,OS
2024-01-15,-12.451747842545716,0,0.9905813721276002,0.9999021484648332,1.0005980984047478,0.999812150935514,OS
2024-01-16,-12.652608274836552,0,0.9972953002426153,0.9991950096764836,1.0010060393847453,1.0013511439698695,OS
2024-01-17,-7.596243663289854,0,1.3549793175983005,0.9994792594709897,1.0007960798364206,1.0008455666082916,OS
2024-01-18,-13.191968233502934,0.09365675500479022,1.0185210565788039,0.9996262464059867,0.9997131513807521,0.9998731436213331,OS
2024-01-19,-13.256801987769691,0.5788269094058592,0.8719248217765914,0.9998142843848096,1.0003247636816377,1.000463766476354,OS
2024-01-20,-12.017329332622287,0.5019541888528266,1.232398699561157,1.0000207914114527,1.0018438919982844,1.001370967497739,OS
2024-01-21,-12.746609970213644,0,1.1209745806439828,0.9995632564823792,0.9996955906625027,0.9999599007105475,OS
2024-01-22,-12.421211928060517,0,1.136084887338594,0.9997862768281828,1.000128636659969,1.0005277260921785,OS
2024-01-23,-12.891697537965147,0.1943648637780382,1.0739611988324573,0.9994786996274556,0.9997335406464906,0.9999339434029629,OS
2024-01-24,-13.231335270375434,0.006099422613151214,1.0010852359454085,0.9992667637885781,1.0000010869026574,1.0002915423865533,OS
2024-01-25,-13.634586740818044,0.36022625349148635,0.8622935656403183,1.0000532818967804,1.001558457565043,1.0011916043696218,OS
2024-01-26,-12.349184399321082,0,0.8654272565433191,0.9997484183489963,1.0010302745412296,1.0015831015951777,OS
2024-01-27,-12.629776382867167,0.5734923776623648,0.9228912099082417,0.999353337275069,0.9997565964795391,0.9995052621820512,OS
2024-01-28,-8.39372971594721,0,1.193010575141314,0.9995895648546297,1.0010468049697654,1.0006696124832708,OS
2024-01-29,-5.883150817999571,0,1.1923419648953324,0.9996874136179648,1.0013801081162836,1.0009587962833535,OS
2024-01-30,-10.000555853350821,0,1.038083208596709,1.0001403662538604,1.0011589855460459,1.0005613945652294,OS
2024-01-31,-14.114867877343757,0.1770035649603225,0.9029629824835709,0.9995587980598083,0.9999305450102665,1.0000818544637045,OS
2024-02-01,-12.467338912740217,0.1537002590457356,1.1889045050377447,1.0002346041141246,1.0005521979063021,1.0003885792790426,OS
2024-02-02,-13.667968813011072,3.8815066832601515,0.9643260345821432,0.9998878237692079,1.0016661006151364,1.0024087049474515,OS
2024-02-03,-13.435297364653003,3.37717034126956,1.0297071667656288,0.999477384800362,0.999924168435298,1.0000630797569954,OS
2024-02-04,-13.621284782680238,0.43313791894266096,0.7790447627929089,0.9998393822427963,1.0002120017198324,0.9996067596463467,OS
2024-02-05,-6.220398205080674,0,1.0215108057563527,0.9993239068834308,1.0016757784048194,1.0012015083313475,OS
2024-02-06,-10.634896533919099,0,1.3176242328918264,0.9996031117965183,1.000793546994646,1.0007902660845323,OS
2024-02-07,-10.531844705700545,0,1.4457329679523656,0.9992197558925315,1.0002131287995524,1.0007294261194595,OS
2024-02-08,-11.421848177687826,0,1.3691318434956863,0.999935248466547,1.0009004740086576,1.0005552702819547,OS
2024-02-09,-11.966350573804373,0.12591718059481263,1.2721037532900457,1.000271519059454,1.0006058018338866,1.0003413312919212,OS
2024-02-10,-11.921051673485414,0.8030955732578552,1.2757897291547196,0.9997128393003606,1.0007916575427505,1.0014507470362288,OS
2024-02-11,-11.785024928459292,2.0703249315077503,1.498616367838354,0.9996509973072372,0.999918447676854,1.0000812826066239,OS
2024-02-12,-11.917054163282721,0,1.2715097260686203,0.9996505202204125,1.0001458681120008,0.9999566443237848,OS
2024-02-13,-5.888327357166511,0.948625666035678,1.3461369949069948,0.9996881532307034,1.000258852414651,0.999997424226466,OS
2024-02-14,-8.262700836573424,0.28868423610484906,1.9785955751323547,0.9992442000721137,0.9999171399480814,1.0008562754948633,OS
2024-02-15,-10.66905303396141,1.0063264498283209,1.7959901058119454,0.9996578508370025,1.0013745498533493,1.001599613616177,OS
2024-02-16,-8.977531989793857,0.1680043573619945,1.5884891081449577,0.9993901267461461,1.0007293926538325,1.0002712092135493,OS
2024-02-17,-8.303403202410404,0.2117771475707103,2.250926362170471,0.9997066312006392,0.9997130030840572,1.0005698616643803,OS
2024-02-18,-8.440203631194356,0.19480256078714372,1.9340623846916913,0.9993569480893953,1.0003434517626593,1.0000014254796472,OS
2024-02-19,-9.173391245848443,0.3173836830928332,1.8051725275390391,0.9994485628030996,1.0006560067552657,1.0005527027994436,OS
2024-02-20,-8.264656286333587,1.3275289304000109,1.988987440029866,0.9996734491225908,1.002176683812732,1.003085256761471,OS
2024-02-21,-6.112170037003873,0.8673867715715626,2.145069500563067,0.9997105603544253,1.0009118441069624,1.001605508774555,OS
2024-02-22,-5.430639960841727,1.7972711617901698,2.1600756655755022,1.0006454620819518,0.9997430090503269,0.999359070073588,OS
2024-02-23,-9.152009457773927,4.479052848404406,1.8388620938248181,0.9995341463198774,0.999651719716207,0.999581084414245,OS
2024-02-24,-12.771413062777771,2.6747466019131014,1.5545657611332726,0.9995542393002146,1.0006527191647026,1.0005492797870397,OS
2024-02-25,-5.1080249827458015,1.1144727995532981,2.223614351212068,0.999265447578638,1.000271057068539,0.9998539115498004,OS
2024-02-26,-10.476091389770325,4.431831037412479,1.8378246756084295,0.9997256162134733,0.9997772462760237,1.0012388551950917,OS
2024-02-27,-5.7513508925385715,2.316084412705373,2.0967335534806733,1.0003652657190596,1.0005216279979874,1.001227626663282,OS
2024-02-28,-8.701862401866112,3.551389685447867,2.0060592000916064,0.9993563271033833,0.9996233020429273,1.0015395028328364,OS
2024-02-29,-2.0240227961133845,0,1.2809127435882808,0.9998788228809253,1.002042631353213,1.0014275369404706,OS
2024-03-01,-11.997560531881287,2.6503835913112983,1.369149705766968,1.0001496376199908,1.000759094093894,1.0000578514607001,OS
2024-03-02,-10.563879787608423,0,1.5808253531130234,0.9998648590545771,1.0002256052138818,1.0000849381577963,OS
2024-03-03,-9.779074264004787,1.73007928672212,1.3487169919168964,0.9994678715537407,1.0004914861769694,0.9999649308474613,OS
2024-03-04,-12.406947492577926,2.4629452583912403,1.3223643621002685,0.9999149296394899,1.001318877212063,1.0025800983491184,OS
2024-03-05,-10.184288816895526,0,1.437356976944466,0.9998676900776913,1.000163512081034,1.000138933052405,OS
2024-03-06,-10.469457074520538,1.619604472568362,1.5820874173937123,0.9998510085577575,1.0002669328464218,1.0005361327336277,OS
2024-03-07,-14.52355065168344,2.687245385752071,1.3842211236787856,0.9995035698372403,1.0005830312344122,1.0016799528120681,OS
2024-03-08,-13.310069428549648,2.098276357045746,1.291751146519669,1.0004615775944534,1.0007973759339126,1.0006324453443605,OS
2024-03-09,-10.247166723786615,0,1.3808314280556413,0.9994155206465468,0.9997675775553146,0.999417050574521,OS
2024-03-10,-7.893076174364663,0,1.895469580896551,0.9996580771186172,1.0009532279934736,1.0006332845909913,OS
2024-03-11,-10.241853044961285,0,1.5385791383881964,0.9993088496224621,1.0005010985228813,1.0014324114468784,OS
2024-03-12,-12.01916565512848,0,1.504947817526363,0.9997262524975333,1.0005050630757109,1.0006991155497926,OS
2024-03-13,-12.062209984662704,0.6923116855446654,1.4944439149638666,0.999470476025958,0.9996661087255925,0.9997378594716941,OS
2024-03-14,-11.466743820774107,0.7755377360916055,1.4158208922146036,0.9992976198915632,1.000304025630371,1.000186652497428,OS
2024-03-15,-13.989648316142997,0,1.0385360867868518,0.9997416852481216,0.9995890003303098,0.999916462942239,OS
2024-03-16,-13.31752970667358,0.6623538838386774,0.8965690164236382,0.999417292301557,1.001308431517332,1.0010388782763495,OS
2024-03-17,-12.604507727514429,0,0.937767054606354,0.99974922601181615,1.000122853863918,1.0002573374559212,OS
2024-03-18,-11.960484142159746,0,0.9842502492255484,0.9992818269767277,1.0008772208481844,1.0019469774987562,OS
2024-03-19,-4.731732189653969,0,1.2831648768214359,0.9998855422998674,1.0004348620399504,1.0005574954447656,OS
2024-03-20,-12.259799593470747,0,1.2383781296864091,0.9995028208283786,1.0003704418639343,1.0007272095144244,OS
2024-03-21,-12.822073172406679,1.6891317617623163,1.079981128246326,1.0000984426734447,0.9993928191114894,0.9994864587647078,OS
2024-03-22,-13.976827323519181,0,0.8087151077262639,0.9993880997960076,1.0014041613928355,1.001012595106056,OS
2024-03-23,-13.058856488324015,0.5760156941123538,0.7524991640091455,0.9996419755165946,1.0004329341640905,1.0004849449019044,OS
2024-03-24,-12.677171431660547,0,0.8247887409376093,0.9997638152575188,0.999596786637489,1.0003279752981014,OS
2024-03-25,-12.306213589719206,4.945573582534233,0.8535789299163952,1.0007798117923403,1.0002091329344687,1.000545518790554,OS
2024-03-26,-13.427946481014587,0,0.8060851203049811,0.9991747669858455,1.0009350975305236,1.000724671601732,OS
2024-03-27,-13.39974350431902,2.41500441906687,0.7516589633672289,0.9991441386726776,1.0007314672118117,1.0010749241423034,OS
2024-03-28,-12.594046831544784,0,0.7715497261311551,0.9994150125625753,1.000004620884143,0.9998467711837976,OS
2024-03-29,-15.56521465551773,6.524598149628792,1.010399415870319,0.9999503457464135,1.000818168753071,1.0001928678322585,OS
2024-03-30,-16.167774385875035,5.0088759547942,0.9835871805322443,0.9996782750186515,0.9995016854960715,1.0000308147057286,OS
2024-03-31,-12.810450286691527,0,0.8843908585567685,1.0001157217387215,1.0003603674073307,1.0010456035820827,OS
2024-04-01,-13.176623737353621,0.21830922719563362,0.732051311704915,0.9993498424612853,0.9998844324837752,1.0002632049443811,OS
2024-04-02,-12.976603887691493,0.792737256593669,0.7255745715804485,0.9995991425744706,1.0005618832132381,1.0002282253732446,OS
2024-04-03,-12.214715184824454,0,0.8125450491610631,0.9992720316704898,0.999889262339001,0.9999767630766873,OS
2024-04-04,-8.786281424923231,0,0.9118437567757852,0.9995789125108913,0.9998963484728562,1.0000203596618114,OS
2024-04-05,-13.074153274558842,0.5012687953730839,0.7149853058329126,0.9995473863427543,1.0000080552210846,0.9998194009940083,OS
2024-04-06,-11.938955034138274,0,0.8283484376098461,0.9995269601057125,1.0012551331855113,1.0020138028015808,OS
2024-04-07,-11.283739591383771,0,1.0235908507898994,0.9995811642696526,0.999646723036323,0.999690985242717,OS
2024-04-08,-12.907392901230216,0.6159605148359572,0.9837777038222182,0.9995622424078006,1.0018626239265571,1.001446588608981,OS
2024-04-09,-14.268672886975487,2.8381290336245835,0.534350569825017,0.9995054413699946,0.99946284765271,0.9998335545906369,OS
2024-04-10,-12.761546237980177,0.6748651351421607,0.655869488455377,0.9995373611699905,0.9995256028790162,0.9995303102499846,OS
2024-04-11,-12.767327800097094,1.1269393734749913,0.615816036612404,0.9996607194912595,1.000110906372461,1.0001097109077617,OS
2024-04-12,-14.704994054906251,0,1.6570484781330117,1.0004193325978925,1.0014765205950604,1.0013104736573868,OS
2024-04-13,-11.664520045543563,0,1.1084622582413228,1.0001981254390298,0.9999298012436567,0.9998995489057835,OS
2024-04-14,-12.516212637440118,0,0.9726790386744799,0.9991393011945425,0.9999280899193209,0.9999831461024109,OS
2024-04-15,-11.744632145889666,0,1.1117127908711728,1.000071587766531,0.9991799720543253,0.9996981006254974,OS
2024-04-16,-11.752657073791402,0,1.0580197567081155,0.9993002937933121,1.0008373311445447,1.0010585750144811,OS
2024-04-17,-12.136062787441121,0,1.0239147142797764,0.9994796188632823,1.00221714579909,1.0031546383382877,OS
2024-04-18,-12.779918281964527,0,1.2423450834057526,0.9997694272802568,1.0000488638794292,0.9999570172804764,OS
2024-04-19,-13.672964838999485,0,1.1432618919240989,1.0006378324562875,0.9997848608443862,1.000224804862519,OS
2024-04-20,-15.013657167407507,0,1.2203052357061783,0.9997984530956069,1.0004691272182686,1.0010825848318805,OS
2024-04-21,-16.077430197097904,0,1.0905407129529896,0.9994595883072114,0.999483643822113,0.9997098940685941,OS
2024-04-22,-16.591495401172658,0,1.0995844205313692,1.0002250890195419,1.000759024084184,1.001624574670074,OS
2024-04-23,-16.46552751008272,0,1.009377111251177,0.999214960831307,1.0000243552501715,0.9997813501944915,OS
2024-04-24,-16.77565444939417,0,0.9398823909667984,0.9994791020991128,1.0008416351687723,1.0008657308848445,OS
2024-04-25,-16.718102580258538,0,0.916690044974733,0.9997888264373732,1.002755039658318,1.0021680762063274,OS
2024-04-26,-16.310305896047588,0,0.9587287558399207,1.0005863684324503,1.0019636527686397,1.0037118906615412,OS
2024-04-27,-16.39655564163821,0,1.050893283949023,0.999910978666263,0.9998459206769891,0.9997823493415113,OS
2024-04-28,-16.5098662646454,0,1.0339836603003507,0.999325852522282,0.9996524759315453,1.0001292444305376,OS
2024-04-29,-16.877862678733898,0,1.0606034181445725,0.9996631828957895,0.9993735024541084,0.9992668986682584,OS
2024-04-30,-16.75687945504013,0,1.0697708810246334,0.9993304925817459,1.0036710298516303,1.002869026836392,OS
2024-05-01,-16.070969302107507,0,1.0304050154938103,0.9992450349909341,1.0037705748833958,1.0029493784708725,OS
2024-05-02,-15.068525561249604,0,0.9709580910088715,0.9993342071445768,1.0004801043818683,1.000402576977703,OS
2024-05-03,-14.149154384202646,0,0.9012754294998284,0.9997381324928782,0.9996977760394113,0.9997631766616102,OS
2024-05-04,-12.956259814456528,0,0.9212369330319523,0.9999185183878686,0.9999673126549056,0.9999256920098087,OS
2024-05-05,-12.08581020206979,0,0.8824073863267482,0.9997488429973859,1.0010155243772454,1.001720633166423,OS
2024-05-06,-11.985293538443807,0,0.831246507489175,0.9993473205356639,0.9992398110376142,0.9994004358410639,OS
2024-05-07,-12.12677489433078,0,0.7959104737937899,0.9993134281496414,0.9997403874854293,1.0000751650634543,OS
2024-05-08,-12.188059304930993,0,0.7293933390243685,0.9991059452121116,1.000330593105421,1.000472478986857,OS
2024-05-09,-13.350707631020931,0.4916313791256212,0.5795299755947975,0.9996341498766681,1.001094953834232,1.0019133249821173,OS
2024-05-10,-12.608502335663278,0,0.6748551934857786,0.9996716768954171,1.000174819819208,1.0005666366405965,OS
2024-05-11,-12.405010755696857,0,0.6751088668256768,0.9993563532221,0.9999316953028787,1.0000717028167914,OS
2024-05-12,-12.66008602095867,0,0.7088089632595168,0.9996960038814999,0.9997596248898012,0.9997004201127342,OS
2024-05-13,-12.642241813684892,0,0.7260407566356853,0.9994747766083315,0.999654424412655,0.999702818079733,OS
2024-05-14,-12.511036602151549,0,0.7193039095957531,0.9992713681298413,0.999563121629459,0.9994466499831639,OS
2024-05-15,-12.406408506174888,0,0.7214808160697191,0.9993366187216389,1.0003459025508032,1.0005133736890501,OS
2024-05-16,-12.335331438632306,0,0.7229760600424682,0.9998310184265512,0.9996406259144206,0.9998732371973243,OS
2024-05-17,-12.647382572191878,0,0.7395935234351616,1.0000981361417849,1.0003235854057722,1.0009049544681077,OS
2024-05-18,-12.67007956041681,0,0.737272685948315,1.0000711592138878,1.0006772313985899,1.0021002085642383,OS
2024-05-19,-12.41138399227163,0,0.705200270472517,0.9995806584355564,0.9999022784625677,1.0001134449870543,OS
2024-05-20,-12.514297525862375,0,0.699205972889121,0.9992006980602409,1.000740554493628,1.0011616902358382,OS
2024-05-21,-12.501845633776306,0,0.6837809853526509,0.9996292179510524,1.001779152293864,1.0021840500861945,OS
2024-05-22,-12.455970811823855,0,0.6657195260313724,1.0003563280348544,1.00146198618353,1.0022087225588048,OS
2024-05-23,-12.534166090299447,0,0.6511356349991997,0.999320934115531,0.9998459638377818,1.0011370976351168,OS
2024-05-24,-12.428662712999994,0,0.6312133565963887,1.0009345130519927,1.001139578190106,1.0016727446831646,OS
2024-05-25,-12.358136968501018,0,0.6144292921701249,0.9998761497817055,1.0004738721981228,1.0007931268775199,OS
2024-05-26,-9.027223761549356,0.10736086833382188,0.7492649477716066,1.0001565325116293,1.0002450172938608,1.000728198001599,OS
2024-05-27,-12.033951342459238,0,0.8970907225459105,0.9992599191770455,1.0019840607967507,1.0021526262860176,OS
2024-05-28,-11.658952804673625,0,0.9146912192621786,0.9994768625284658,0.9998754749211421,0.9999353600912476,OS
2024-05-29,-12.350545797059182,0,0.9298581816265973,0.999539340121198,0.9999338917831283,0.9994360330695161,OS
2024-05-30,-13.091858838127699,0,0.8548420748598439,1.0006592287680398,1.0020295810332462,1.002285317301422,OS
2024-05-31,-13.06571601208779,0,0.8610407319099729,0.9992641210667071,1.0004745269081718,1.0010720930905592,OS
2024-06-01,-13.087281239300275,0,0.8480898899335042,0.9992559379723792,1.0002682434782866,1.0002188095588407,OS
2024-06-02,-12.711352975772652,0,0.8725125124340632,0.9995494474790737,1.0007471674098054,1.0015434332429942,OS
2024-06-03,-12.100338300451384,0,0.8868471575933551,1.0001931271300848,0.9995853591410561,1.0001506570203862,OS
2024-06-04,-12.0298863692754,0,0.8629923402395777,0.9992479942208922,1.0001288742721914,0.9995418345490322,OS
2024-06-05,-11.581917440879758,0,0.9373457160249856,1.0005065972991203,1.0011005667708894,1.0010564676447404,OS
2024-06-06,-13.449408716377548,4.140749064536437,0.4874577593446954,1.0008248038577698,1.000892786147771,1.0010611094818824,OS
2024-06-07,-13.377355582051326,1.9172890119550452,0.5065939723522043,0.9997180123604266,1.0000349169214413,0.999463670394301,OS
2024-06-08,-12.794176422802785,0.6421838006325443,0.5602794518739959,0.9994232250253702,1.0019838945368362,1.0016724233664156,OS
2024-06-09,-12.167624171345064,0,0.605625841450923,1.0003845867721022,1.000504803420799,1.0002664471393157,OS
2024-06-10,-12.534373419167547,0,0.6388677625737837,0.9994576981011816,1.0000529589646123,0.9998995101428454,OS
2024-06-11,-12.385134719825732,0,0.6545510986551484,0.9998966676053973,0.9992528955087839,0.9998416944602692,OS
2024-06-12,-12.575941661080831,0,0.6791546483089843,0.9993449460627928,1.0013053898736992,1.0023494981944707,OS
2024-06-13,-12.363345692203472,0,0.7005529019965985,0.9995758101125348,0.9999559594514192,0.9999578985824507,OS
2024-06-14,-12.433475294851487,0,0.7414295172010485,0.999546226005411,1.0007793794768993,1.0006377561986648,OS
2024-06-15,-12.556172335879204,0,0.7755622072839277,0.9991389976908157,1.0006981887454787,1.0011708517331122,OS
2024-06-16,-12.341355684106933,0,0.7943013941616788,0.9992036088586086,0.9996522794914686,0.999775673868359,OS
2024-06-17,-12.684088945815134,0,0.8549996105567882,0.9996611259626773,0.9994372043520091,0.9999788260733596,OS
2024-06-18,-12.537886339384233,0,0.8878106089254564,0.9993282586201564,0.9993002832246191,0.9994730146849649,OS
2024-06-19,-12.606659780273661,0,0.9357647470465299,0.9997141729088287,1.0022687269643413,1.0024414377349729,OS
2024-06-20,-13.136673860863198,2.0196398184449134,0.9330969536439808,0.9993885377736675,0.9992358421231567,0.9994890262612907,OS
2024-06-21,-14.194025630188172,3.1548773932595546,1.0557519370317943,1.0003199966485734,1.0001281911226674,1.0002398317195453,OS
2024-06-22,-13.803510897968186,1.5030592067964672,1.0718674125807206,0.9993311241714053,1.0007511286685655,1.000761609413062,OS
2024-06-23,-13.919349269473681,1.9155020831482699,1.1723998223832663,1.000032810313386,1.0012543104750324,1.0020546447031848,OS
2024-06-24,-14.013039960900516,2.5667605664663733,1.1575199008398638,0.9992533651448036,1.0005327581404384,1.0011323424111775,OS
2024-06-25,NA,NA,NA,NA,NA,NA,OS
