ID,method,GPP,ER,n
AM,one-station,3.5131799851328567,-11.69601004180854,509
AM,"two-station, one-station-calibrated K600 + solar/shift",15.070479637820563,1.144166349576516,174
GB,one-station,2.7065072489438258,-19.364467013121356,632
GB,"two-station, one-station-calibrated K600 + solar/shift",5.32257480295563,-11.925056586496737,662
ID,one-station,8.228618552235744,-17.143626403677064,467
ID,"two-station, one-station-calibrated K600 + solar/shift",6.0203892990136545,-18.592460620247916,455
IU,one-station,4.260818917522908,-9.665999525063121,874
LF,one-station,3.535320403745743,-17.028680471734987,378
LF,"two-station, one-station-calibrated K600 + solar/shift",17.225822519198616,-0.797922398616978,473
