date,ID,GPP,ER
2022-04-23,LF,-25.83573934834811,-33.40882664226699
2022-04-24,LF,-24.733772720694244,-32.91249944237093
2022-04-25,LF,-23.524765547922268,-32.292657609398226
2022-04-26,LF,-20.622463475441272,-30.764701625764445
2022-04-27,LF,-17.361061077831945,-29.743796407458493
2022-04-28,LF,-11.077715333246058,-26.66426456393449
2022-04-29,LF,-9.016795690616568,-23.90038213543998
2022-05-02,LF,-5.729671293895402,-20.897971805675855
2022-05-03,LF,-4.702288837486229,-20.558105350742924
2022-05-04,LF,-2.4886939973145004,-18.478505046638407
2022-05-05,LF,0.7673314972591057,-15.260324925974615
2022-05-06,LF,2.3225036945133333,-15.112496405342695
2022-05-07,LF,0.43575166134405663,-15.276949565154615
2022-05-08,LF,3.584279699056202,-11.137515425775696
2022-05-09,LF,7.743992226038821,-6.957932588511991
2022-05-10,LF,11.422970725710567,-2.06571991733764
2022-05-11,LF,12.154991320717446,-0.8111629158444289
2022-05-12,LF,9.945027266382155,-3.4821832336570284
2022-05-13,AM,33.77268958956173,27.99275778888031
2022-05-13,LF,5.862505032258816,-7.335794565053431
2022-05-14,AM,33.30581428290277,27.62851268043118
2022-05-14,LF,6.170191859652379,-7.531600086563211
2022-05-15,AM,32.948006271252495,27.105512500887677
2022-05-15,LF,6.156137850065198,-7.297913464550875
2022-05-16,AM,31.29754915142532,26.735994056449353
2022-05-16,LF,6.581622894756861,-7.267037634412666
2022-05-17,AM,31.795626850289445,26.143145910879127
2022-05-17,LF,6.0932543482845185,-8.696985616464357
2022-05-18,AM,31.581556489531142,25.60400807548887
2022-05-18,LF,9.447206314311078,-7.432483139537629
2022-05-19,AM,30.62130876696301,24.97012717731615
2022-05-19,LF,12.102570255664705,-5.855828668827509
2022-05-20,AM,29.97740839292764,24.67508743514692
2022-05-20,LF,11.457435804943502,-5.673775228334068
2022-05-21,AM,30.335380569208052,24.347802169029563
2022-05-21,LF,6.666658795424478,-6.312289391334549
2022-05-22,AM,30.643616872587074,24.44377879405328
2022-05-22,LF,12.52244018934302,-3.7224803111177627
2022-05-23,AM,28.263347805675675,24.64675278875856
2022-05-23,GB,11.764784273364297,-14.715227804427965
2022-05-23,LF,12.040771575801324,-2.0121655931630027
2022-05-24,GB,4.508583989285654,-14.237797909304236
2022-05-24,LF,10.652293840979778,-1.781507290674996
2022-05-25,GB,5.6686469847403,-14.298839950520033
2022-05-25,LF,12.366334966560235,-1.6771940362281088
2022-05-26,GB,5.270395523859296,-14.377011908459314
2022-05-26,LF,11.444639689627042,-2.3996757941675133
2022-05-27,GB,2.4374958775067648,-13.55135383766782
2022-05-27,LF,6.187063580237977,-1.7803391467922016
2022-05-28,GB,2.389865731064203,-12.064027973290976
2022-05-28,LF,11.34648223446403,0.3476699009115304
2022-05-29,GB,3.248150319895051,-11.76367456681768
2022-05-29,LF,10.655541654238466,1.2569659705173999
2022-05-30,GB,3.761265638489441,-11.65563740345354
2022-05-30,LF,13.9032734371516,1.2457921345561538
2022-05-31,LF,11.070901878396805,-0.29531535521582414
2022-06-01,LF,14.262052164109393,1.5605459978237257
2022-06-02,LF,13.783977102500797,0.8207339987908107
2022-06-03,LF,11.528948642110212,-1.1391765229916166
2022-06-04,LF,11.529200411416353,-0.5476567812995364
2022-06-05,LF,16.369639529107687,0.08667948765330422
2022-06-06,LF,13.793517472639312,1.270888545460482
2022-06-07,LF,15.069213916514292,3.8031682419744355
2022-06-08,LF,14.597389707777262,3.95606777847987
2022-06-09,LF,13.24944686316237,2.570206518706311
2022-06-10,LF,11.064678279907202,2.581641573112843
2022-06-11,LF,12.657565664199366,2.7134167020352296
2022-06-12,LF,9.21736980866703,0.9169539571372951
2022-06-13,LF,11.096050724300637,1.3113801573957993
2022-06-14,LF,15.277420577991377,2.5555739171296743
2022-06-15,LF,15.760340731502142,2.016558634462182
2022-06-16,LF,16.59300602608602,1.3364888364894714
2022-06-17,LF,20.214635980470067,1.363243667130522
2022-06-18,LF,20.037889970321523,1.8311417402052135
2022-06-19,LF,14.277030462588568,2.757043173142483
2022-06-20,LF,19.48009748664457,5.655123741690106
2022-06-21,LF,20.129931426781184,8.327063333772998
2022-06-22,LF,18.072886385286257,9.29442203819127
2022-06-23,LF,16.74578058893269,7.591547779581802
2022-06-24,LF,14.83613017606752,7.237379699544594
2022-06-25,LF,19.62862936147447,9.011104407265753
2022-06-26,LF,20.21132891759098,10.620377010373886
2022-06-27,LF,22.080803595583813,9.997159018082739
2022-06-28,LF,15.936601738222933,5.479742290368962
2022-06-29,LF,21.019779717696764,5.613255759094268
2022-06-30,AM,27.834062936697727,21.414057837771487
2022-06-30,GB,6.806260453882051,-9.979537526150706
2022-06-30,LF,24.124657490839507,6.587219362861026
2022-07-01,AM,31.40894870879593,23.02407753589072
2022-07-01,GB,6.906321852021456,-10.530663493465415
2022-07-01,LF,20.053313519394028,7.243114891321284
2022-07-02,GB,5.596617415187963,-10.44473762196373
2022-07-02,LF,20.29419481888306,6.960564744881597
2022-07-03,AM,33.698990973691366,25.94882319441723
2022-07-03,GB,1.4815773311852043,-9.762601200463395
2022-07-03,LF,19.268868236666727,7.722875746080251
2022-07-04,AM,31.539947400237327,24.46230957184776
2022-07-04,GB,4.558613323365472,-9.981894246994376
2022-07-04,LF,21.534791185474894,7.838292208203085
2022-07-05,AM,30.42590318878429,22.642025098280893
2022-07-05,GB,5.429020978454283,-10.123380097361553
2022-07-05,LF,21.04622899384759,8.140439904716327
2022-07-06,AM,28.331230077736816,21.19460100085841
2022-07-06,GB,5.251440457952605,-10.123615945977761
2022-07-06,LF,20.409612582172652,9.06588172354967
2022-07-07,AM,27.634267783216515,20.164254068794477
2022-07-07,GB,5.863819249792245,-10.648982423606935
2022-07-07,LF,20.795624404727835,9.941021858179935
2022-07-08,AM,27.09684846006752,19.866297625506746
2022-07-08,GB,4.769481317654081,-10.748428525214566
2022-07-08,LF,18.413895308438185,10.603321099877704
2022-07-09,AM,28.3855814472193,21.070259447598854
2022-07-09,GB,4.425706621037974,-11.152446690784963
2022-07-09,LF,20.161346520457343,11.444754514557074
2022-07-10,AM,30.163367977051923,23.042530623314388
2022-07-10,GB,1.797725767328773,-11.146276803560042
2022-07-10,LF,13.737623144579297,9.281608128437288
2022-07-11,AM,32.92745285471308,25.260462588857582
2022-07-11,GB,2.1133675760861035,-11.290864061226662
2022-07-11,LF,14.932262228160349,8.615632181107506
2022-07-12,GB,1.8579155070682114,-11.33978762322739
2022-07-12,LF,19.103434306278974,6.555680274777105
2022-07-13,GB,1.8421402980679373,-11.266497781835367
2022-07-13,LF,18.26716647886941,6.423182795776776
2022-07-14,GB,3.974290639612342,-11.075456462896213
2022-07-14,LF,23.37323057183225,7.569807515262472
2022-07-15,GB,3.0967675791291676,-10.920282093679862
2022-07-15,LF,24.311910810998715,7.088335253940233
2022-07-16,GB,4.597314224345623,-11.70690840090055
2022-07-16,LF,24.379885530799527,5.938016618604524
2022-07-17,GB,4.020947348608154,-11.59740163021258
2022-07-17,LF,24.70780525405463,5.710705671105954
2022-07-18,GB,0.21817706375438103,-11.715284546161312
2022-07-18,LF,16.533392471082877,3.3016525995587074
2022-07-19,GB,1.4214876410540798,-12.294089234490277
2022-07-19,LF,18.20447109971792,2.5014622752331372
2022-07-20,GB,3.9391287360504728,-11.924304114019568
2022-07-20,LF,12.891904408178767,5.475509726516929
2022-07-21,AM,24.30733015141917,16.780468172575837
2022-07-21,GB,0.4648504803285109,-11.52734532041615
2022-07-21,LF,16.498814545060075,5.203303908167141
2022-07-22,AM,25.073420773662264,14.495967255105624
2022-07-22,GB,0.06984850456602931,-12.08244486468665
2022-07-22,LF,14.844113124532976,4.13962835478545
2022-07-23,AM,25.44282399684373,13.767267661207558
2022-07-23,GB,1.7347115127266177,-12.242899460281935
2022-07-23,LF,14.453073812499,3.0289317052740783
2022-07-24,AM,25.821053085685378,14.215405605384944
2022-07-24,GB,0.15815373821558001,-12.120434094592829
2022-07-24,LF,9.264794131237307,1.8340630503039828
2022-07-25,AM,24.437968288990138,14.656778728473878
2022-07-25,GB,0.7916523677378263,-12.43933972805655
2022-07-25,LF,15.302449572205635,-0.35329394045176465
2022-07-26,AM,24.131288806762743,12.83095170267535
2022-07-26,GB,1.105327538916882,-13.66809540398583
2022-07-26,LF,17.987892268754532,-0.797922398616978
2022-07-27,AM,24.443612631028294,13.263271540363627
2022-07-27,GB,-1.1987479271353585,-14.658612368897668
2022-07-27,LF,11.828751953279097,-5.149781663322885
2022-07-28,AM,31.324319336746168,16.678222969587576
2022-07-28,GB,-2.671768598043973,-16.941994277422527
2022-07-28,LF,16.817579079060092,-5.563453262425112
2022-07-29,GB,-3.900189502442481,-17.700377121038176
2022-07-29,LF,18.70232850141048,-4.748358184702363
2022-07-30,GB,-4.283463393874393,-17.042619345005352
2022-07-30,LF,19.509884338974175,-5.370340230010069
2022-07-31,GB,-4.241858652784289,-16.555213818856018
2022-07-31,LF,17.225822519198616,-5.631966381596751
2022-08-01,GB,-3.015156202513157,-15.832852181414385
2022-08-01,LF,15.012908405456571,-5.25002129344523
2022-08-02,GB,-2.207832279154934,-15.404882531615524
2022-08-02,LF,17.281098983712702,-3.8413837533860944
2022-08-03,GB,1.3168236408351308,-15.344378657476613
2022-08-03,LF,18.128270323559484,-2.5263178614119957
2022-08-04,GB,-0.8275689296459489,-14.443752345985681
2022-08-04,LF,19.295112478479883,-0.37030517228052295
2022-08-05,GB,0.31190339910716386,-13.981578437378538
2022-08-05,LF,20.303088229376556,2.6030286372506555
2022-08-06,GB,-0.56576101451229,-13.729049384367144
2022-08-06,LF,20.24580342967216,5.309382366319964
2022-08-07,GB,-0.055860565247122525,-14.148684387484446
2022-08-07,LF,25.55073249919006,6.9630306737296905
2022-08-08,GB,1.7306549476361923,-14.420856786688596
2022-08-08,LF,26.212560728504965,5.5759633463774145
2022-08-09,GB,-0.5969856521157862,-13.748184278945239
2022-08-10,GB,2.4119008751414834,-13.336339680147532
2022-08-11,GB,-0.8551162901270908,-13.069551946293853
2022-08-12,GB,3.2935086156739657,-13.135389387382295
2022-08-13,GB,-0.6902108864965876,-12.890509572665081
2022-08-14,GB,0.8858479977549811,-12.661480046766243
2022-08-15,GB,0.7035521493774882,-12.09165406315786
2022-08-16,GB,3.127110716900009,-11.956859903361954
2022-08-17,GB,2.668951121303354,-12.410005182725124
2022-08-18,GB,0.477044049134635,-11.773758217180479
2022-08-19,GB,2.2352696168014385,-11.368399399706268
2022-08-20,GB,0.47727229268407345,-11.863424492854447
2022-08-21,GB,0.7550977545936634,-12.00458828334158
2022-08-22,GB,3.4236102201174585,-13.363718863617747
2022-08-23,GB,2.423014819021063,-12.188133103976204
2022-08-24,GB,2.2226590664013073,-11.17241054633664
2022-08-25,GB,2.0441522890715484,-11.08363489980315
2022-08-25,LF,29.790788263436987,5.328526175492609
2022-08-26,GB,-1.7740434679458927,-14.840329825106208
2022-08-26,LF,33.503249476905346,4.760091457820524
2022-08-27,GB,-1.8395772513639308,-16.697511739546965
2022-08-28,GB,-4.691467739534142,-19.057131352191206
2022-08-28,LF,33.14726026215142,2.0860291305190843
2022-08-29,GB,-8.135968687619346,-20.981954443693716
2022-08-29,LF,33.326322792020534,1.8638489999031962
2022-08-30,AM,13.34428715926656,-6.187502018805914
2022-08-30,GB,-14.104718446470363,-24.439932736204454
2022-08-30,LF,22.38397658118217,0.4481866424977805
2022-08-31,AM,2.336819637093436,-7.793463230608914
2022-08-31,GB,-18.214015692619668,-26.71036362419273
2022-08-31,LF,26.719261465552837,-0.8137352400174955
2022-09-01,GB,-22.53772084356812,-28.350706269641023
2022-09-01,LF,18.805145132429757,-6.554247582945945
2022-09-02,GB,-24.15890309579025,-28.60379775676643
2022-09-02,LF,17.279640168295938,-7.66766053004087
2022-09-03,GB,-24.21545378522858,-28.663483913770506
2022-09-03,LF,8.514855565552734,-8.939023040532774
2022-09-04,AM,-8.631616213428142,-9.161410082834536
2022-09-04,GB,-23.966056495469687,-28.12347538200754
2022-09-04,LF,7.518112008144322,-11.018985591553346
2022-09-05,AM,-9.23570284288877,-8.069699680719994
2022-09-05,GB,-22.55325059710992,-27.734578875599993
2022-09-05,LF,6.076409607031696,-13.827214055325172
2022-09-06,AM,-9.419969810891203,-9.906144104946764
2022-09-06,GB,-22.562194452809372,-27.67436685394092
2022-09-06,LF,5.191496808042748,-15.539349013483395
2022-09-07,AM,-8.399941832592445,-9.816396643936468
2022-09-07,GB,-22.538276031381997,-27.99506496239107
2022-09-07,LF,-1.2057430048700195,-16.961405819402632
2022-09-08,AM,-11.328857704454583,-9.43350525602556
2022-09-08,GB,-24.930570734813053,-27.197939006682716
2022-09-09,AM,-9.414202335085454,-9.73877796199936
2022-09-09,GB,-23.049861432699572,-27.823797638712563
2022-09-10,AM,-11.504598835325437,-9.280413391317145
2022-09-10,GB,-22.6735449659321,-27.160404890910883
2022-09-11,AM,-5.131694643358767,-7.608942021811407
2022-09-11,GB,-21.72229976382175,-27.401983509999756
2022-09-12,AM,-11.670283031549761,-8.340926866583269
2022-09-12,GB,-26.120436862585514,-28.880030641754615
2022-09-13,AM,-11.270549464656208,-9.104659060302177
2022-09-14,AM,-10.814728953984698,-9.850043757650957
2022-09-15,AM,-10.399182866035163,-8.913607689045334
2022-09-16,AM,-11.260483399571717,-8.334110324437138
2022-09-17,AM,-10.336806110792523,-7.879542571846597
2022-09-18,AM,-8.925518304375332,-4.490201574532829
2022-09-18,GB,-26.18218365916529,-30.187174240741786
2022-09-19,AM,-7.268120096904356,-6.663441410649625
2022-09-19,GB,-25.71412476363508,-30.431182331329204
2022-09-19,LF,2.1396929837937586,-22.371580562615154
2022-09-20,AM,-5.406604470504002,-2.09568255625452
2022-09-20,GB,-24.851545000873205,-30.219224866351023
2022-09-20,LF,-5.178165992360997,-22.299927542159097
2022-09-21,AM,3.3996814062340803,0.2451320938171374
2022-09-21,GB,-23.138170262508172,-29.084825987905127
2022-09-21,LF,-3.818442312177534,-21.21220035865995
2022-09-22,AM,-12.643456424317197,-8.030072267071763
2022-09-22,GB,-21.625749224670482,-28.12492683209158
2022-09-22,LF,-1.411671089295428,-20.395647630360838
2022-09-23,AM,-20.65170601416855,-20.9371381898802
2022-09-23,GB,-18.92023626121331,-27.09611545413348
2022-09-23,LF,-0.9792055770020393,-20.081272973530996
2022-09-24,AM,-16.93940480684706,-7.890107926800935
2022-09-24,GB,-17.157125959244652,-24.697734993485422
2022-09-24,LF,3.8983481866969427,-16.5700526282735
2022-09-25,AM,-18.40344806508079,-5.871909181867973
2022-09-25,GB,-15.337541424830825,-22.70335447782764
2022-09-25,LF,3.954262914255423,-15.670466101200546
2022-09-26,AM,13.139020217614457,12.090548121640031
2022-09-26,GB,-13.037835787068238,-21.867431876013736
2022-09-26,LF,3.9262290708772354,-16.631904852460128
2022-09-27,GB,-7.732540490106086,-20.29698817282985
2022-09-27,LF,5.913287782454629,-16.548166051996752
2022-09-28,GB,-14.652454567587501,-17.913335166210388
2022-09-28,LF,-1.5892176653092287,-4.607406580991842
2022-09-29,GB,-8.521537436421259,-17.7834497652035
2022-09-29,LF,22.54959804522548,2.991315570290583
2022-09-30,GB,-7.459352744665241,-18.856379842278248
2022-09-30,LF,18.817711091517896,1.0458196225022887
2022-10-01,GB,-8.499522648024763,-17.58370773347785
2022-10-01,LF,15.060983461328096,-0.43328935785317463
2022-10-02,GB,-7.375674297862017,-16.705518652298935
2022-10-02,LF,17.35132538040499,0.7284100710604046
2022-10-03,GB,-5.002531563321698,-14.354563939330868
2022-10-03,LF,19.881830770554622,4.956736690977725
2022-10-04,GB,-3.2616538324484408,-12.730930092505702
2022-10-04,LF,24.64506232714897,8.57986860739037
2022-10-05,GB,-2.4186028136350015,-11.851123322478308
2022-10-05,LF,22.129427364518225,5.21451498866232
2022-10-06,GB,-3.6047820022815786,-12.946038429702991
2022-10-06,LF,25.373116557653876,3.1387091204722464
2022-10-07,GB,-3.922874519420979,-13.339853226462672
2022-10-07,LF,24.35386710486563,2.2401568036461472
2022-10-08,GB,-1.911980714217252,-13.139384887927978
2022-10-08,LF,24.632689697382627,2.2928075367327563
2022-10-09,GB,-0.9197701428730408,-13.012599653579333
2022-10-09,LF,26.11094300632962,2.662945345980255
2022-10-10,GB,-1.9298120789769007,-14.562416232397238
2022-10-10,LF,28.3490833755706,2.602303205685755
2022-10-11,GB,-4.093157499634595,-16.025479674269384
2022-10-11,LF,21.459171006803157,2.1276161820057986
2022-10-12,GB,-1.4582971743330246,-17.368626763607615
2022-10-12,LF,23.04022271519188,0.961294888510719
2022-10-13,GB,-3.508464433312783,-17.018728916113147
2022-10-13,LF,20.301555400565945,-0.02814903716797268
2022-10-14,GB,-1.175125127175082,-14.42381101380605
2022-10-14,LF,22.934434564959048,3.5785554276264273
2022-10-15,GB,-0.4081427252327719,-11.702809479513054
2022-10-15,LF,23.161425804404548,7.959039753163062
2022-10-16,GB,-0.8234579108479836,-11.814675533874125
2022-10-16,LF,24.54372360758886,8.274056041637596
2022-10-17,GB,0.28625975603744247,-13.587007172039222
2022-10-17,LF,19.970625717018024,5.3257291364858395
2022-10-18,GB,3.7784187611368316,-10.390975286479845
2022-10-18,LF,24.155116309386926,6.819384717174765
2022-10-19,GB,9.186146037962013,-3.734365275634652
2022-10-19,LF,30.66846196623255,14.787874135512725
2022-10-20,GB,7.993234130063853,-3.390114545124074
2022-10-20,LF,27.20289820616874,14.851224632269394
2022-10-21,GB,8.07396340844708,-3.6050540539285043
2022-10-21,LF,29.379936164895422,14.108398158084855
2022-10-22,GB,7.062226348667356,-4.474853055265226
2022-10-22,LF,20.59747706060925,13.688387231043878
2022-10-23,GB,6.406089899412801,-6.003073940949768
2022-10-23,LF,25.001928468649886,10.550307844053266
2022-10-24,GB,5.514944550990163,-7.2246336798232065
2022-10-24,LF,28.401774721643168,7.215620143458629
2022-10-25,GB,5.8743307714678386,-8.393873896255151
2022-10-25,LF,28.82297308097821,3.7645617560993605
2022-10-26,GB,4.6300631166124875,-10.102839244770555
2022-10-26,LF,19.98837653330041,2.282872239952524
2022-10-27,GB,7.2893984287900775,-9.434721680269725
2022-10-27,LF,27.566567732733297,4.155327864879597
2022-10-28,GB,9.216711603503327,-10.143807010569114
2022-10-28,LF,25.025858814939422,4.840769136922191
2022-10-29,LF,17.951640152111736,6.168636840746853
2022-10-30,LF,21.06919442390976,6.697641269097422
2022-10-31,LF,12.666547492351391,4.449968143446878
2022-11-07,GB,15.017045384094844,-4.658474325970525
2022-11-07,ID,14.440172716594128,-15.772601492021833
2022-11-08,GB,11.96961030136055,-2.4256048723044996
2022-11-08,ID,10.125158013089944,-11.07046345403872
2022-11-08,LF,26.850053568288345,4.787144578551941
2022-11-09,GB,19.418399071462844,-1.563953757634991
2022-11-09,ID,11.425719546728114,-11.561312213952911
2022-11-09,LF,22.485921841860232,5.949797182512811
2022-11-10,AM,27.91925005673567,24.05926576286601
2022-11-10,GB,0.0030885959162903535,-7.393443455397294
2022-11-10,ID,-3.158905164932898,-10.98394063618955
2022-11-10,LF,17.256101779724336,-2.2407692962391326
2022-11-11,GB,7.202204986899176,-7.691675991564174
2022-11-11,ID,6.13976308206902,-11.46893688117116
2022-11-11,LF,6.854472320263718,-4.223816882185533
2022-11-12,GB,9.882092364735001,-5.744370081964074
2022-11-12,ID,8.719160296756776,-12.075843943829996
2022-11-12,LF,20.358254748654634,3.542081709256479
2022-11-13,GB,11.639160046224909,-2.4518670049960187
2022-11-13,ID,10.104377790393656,-11.179288693160649
2022-11-13,LF,18.12405372953612,7.286870234606414
2022-11-14,GB,16.18835428533582,-1.5025160229805077
2022-11-14,ID,9.718894234567191,-11.049746108790535
2022-11-14,LF,21.579527616246736,1.7116164345870712
2022-11-15,GB,6.680944279912323,-7.223544858720852
2022-11-15,ID,5.634493442296761,-11.077693759702264
2022-11-15,LF,15.088839853059113,-5.345356965461372
2022-11-16,GB,11.524199482387877,-5.379408528016081
2022-11-16,ID,11.27738065746652,-12.058369938563258
2022-11-16,LF,22.92113133253969,8.866281443113333
2022-11-17,GB,16.772198322594765,0.6478905668472339
2022-11-17,ID,10.185868071424526,-10.226770399453446
2022-11-17,LF,30.38538740166413,15.633296608766244
2022-11-18,GB,16.69076387448871,2.1888151593024783
2022-11-18,ID,9.797651303917672,-9.232523406477146
2022-11-18,LF,29.10947807080967,15.605926098349684
2022-11-19,GB,13.849159345239823,0.40417424093349624
2022-11-19,ID,8.067896896612734,-9.487434874770384
2022-11-19,LF,28.68670044141769,14.250607302503624
2022-11-20,GB,9.494484734467548,-0.01207415903375738
2022-11-20,ID,3.180946139798868,-7.321881381260969
2022-11-20,LF,24.77774569069788,14.26574518932204
2022-11-21,GB,15.290262137531704,-0.9220843192939744
2022-11-21,ID,9.515043024787172,-9.507690120019825
2022-11-22,GB,11.798720891750321,-4.060929843796289
2022-11-22,ID,9.333181761512531,-10.103359684512528
2022-11-22,LF,31.746441452377628,9.502066896369822
2022-11-23,GB,13.870133572220615,-4.54605187310636
2022-11-23,ID,10.511855160497428,-10.666552357207712
2022-11-24,GB,10.026684435693712,-6.393003991918407
2022-11-24,ID,9.828305975608734,-10.846308956446853
2022-11-25,GB,8.694299196167831,-7.9536156064782375
2022-11-25,ID,8.945609421316044,-10.969067355310413
2022-11-25,LF,31.961625755641666,2.5615243057093107
2022-11-26,GB,8.773234588508263,-7.262096853029415
2022-11-26,ID,6.723405000257641,-10.467792496636786
2022-11-26,LF,25.93254214297378,5.457839362039641
2022-11-27,GB,7.802100838554229,-5.3537733058044035
2022-11-27,ID,8.388452385707552,-9.980879910005902
2022-11-27,LF,21.312342401056654,9.53166979414709
2022-11-28,AM,26.442151142818105,26.06602299772258
2022-11-28,GB,12.408058210799304,-1.536864375370035
2022-11-28,ID,9.524438742271585,-9.553321606513313
2022-11-28,LF,31.24170351385833,15.13738736704711
2022-11-29,GB,13.903914757476437,-2.722299462590771
2022-11-29,ID,10.557405236010773,-10.18407716053239
2022-11-29,LF,30.658083432327313,14.680587901372665
2022-11-30,GB,11.113565255735104,-3.9657985899688035
2022-11-30,ID,5.876675543784513,-8.965513954401356
2022-11-30,LF,20.93960147053433,10.975555006028983
2022-12-01,GB,18.295088390863118,1.0353464872598894
2022-12-01,ID,11.007752939391187,-8.530020062077364
2022-12-01,LF,33.487837839929085,-0.033759015027137754
2022-12-02,GB,15.565513887888502,0.9669228427863251
2022-12-02,ID,10.358020082259168,-9.077351439283566
2022-12-02,LF,-27.16478850160326,-4.528794311366207
2022-12-03,GB,11.940989632374093,-1.438319487661077
2022-12-03,ID,10.002341369219723,-9.588064912821306
2022-12-03,LF,23.33893815694165,-10.28989126353996
2022-12-04,GB,14.097762579263533,-3.2953752229646303
2022-12-04,ID,9.864739174299363,-10.005534588270805
2022-12-04,LF,29.94277522349568,7.870542055139419
2022-12-05,GB,12.686079295758935,-4.491588533194227
2022-12-05,ID,9.258625515804749,-9.775474209340327
2022-12-06,GB,15.030245208590518,-3.08471407729157
2022-12-06,ID,11.189030611786174,-10.212107781439242
2022-12-07,GB,15.076999652615521,-1.4304571081686663
2022-12-07,ID,10.11915611249681,-9.391065252704356
2022-12-08,GB,15.29323105724646,-1.0581468412650652
2022-12-08,ID,11.89400551004771,-9.221959567306167
2022-12-09,GB,15.800496616277265,-0.8044639916605852
2022-12-09,ID,13.571411970211978,-9.541872834944352
2022-12-10,GB,18.189288313318386,-1.298575295253418
2022-12-10,ID,12.87014640061895,-10.540091081443041
2022-12-11,GB,13.765069318986876,-1.2787613412052592
2022-12-11,ID,8.574889956361153,-9.593396913994859
2022-12-12,GB,20.568471702090815,0.36974323740754056
2022-12-12,ID,12.261378627032746,-10.211297090860748
2022-12-13,GB,18.428983837283315,1.6024209598422163
2022-12-13,ID,10.377830557534041,-9.132821011920969
2022-12-14,GB,17.440359080667825,-0.4876998552368298
2022-12-14,ID,11.250807202037272,-10.68888482885773
2022-12-15,GB,8.100179165945786,-0.797164808400371
2022-12-15,ID,4.993964961702829,-8.72685445470204
2022-12-15,LF,8.149560695154056,6.396267825847707
2022-12-16,GB,22.597865356357946,7.0867112380304125
2022-12-16,ID,11.059666572801406,-8.333333192191983
2022-12-17,GB,21.367257574994092,6.6552928610047655
2022-12-17,ID,9.889606708816084,-9.383365880777726
2022-12-18,GB,24.88927051743641,8.702921100556226
2022-12-18,ID,10.16705784937778,-9.01801346767164
2022-12-19,GB,23.139061094540903,9.607799679962977
2022-12-19,ID,9.24700654480877,-9.333467348160712
2022-12-20,GB,18.390090326394134,4.593564685284767
2022-12-20,ID,5.946394649679613,-9.538449661784963
2022-12-21,GB,19.68885205958439,3.904656279644518
2022-12-21,ID,6.442188994035664,-10.281302729189818
2022-12-22,GB,20.942588020942875,3.2288176901278627
2022-12-22,ID,8.61179729960214,-11.361722396865325
2022-12-23,GB,23.952747152818795,8.64119848370755
2022-12-23,ID,12.373127952301232,-11.637126915079783
2022-12-24,ID,7.298344610578444,-10.329692103989947
2022-12-25,ID,7.808028112077607,-11.333488926577907
2022-12-26,GB,32.76273120386477,18.288865071926853
2022-12-26,ID,7.954777723426035,-12.209246379233326
2022-12-27,GB,27.718722103083778,16.134546631016498
2022-12-27,ID,5.162780629108218,-14.17412682462722
2022-12-28,GB,25.131944046887387,13.848755805964878
2022-12-28,ID,2.2811480932882526,-16.98957008186978
2022-12-29,GB,21.60906693690826,7.2967650032339515
2022-12-29,ID,-1.507978933870024,-19.902710916931785
2022-12-30,GB,20.147409680872638,4.729189769188381
2022-12-30,ID,4.139740622937638,-21.47068871786153
2022-12-31,GB,10.906611127143373,0.3322779365541844
2022-12-31,ID,-9.135265165576934,-16.575124419458167
2022-12-31,LF,25.185568523455203,15.054121869483366
2023-01-01,GB,19.26477546210751,0.7901176185448623
2023-01-01,ID,11.661088700205573,-11.882330199503757
2023-01-02,GB,17.74842895279764,-0.22045857658325257
2023-01-02,ID,11.617427715743634,-12.26695727593871
2023-01-03,GB,-11.743634695740795,-26.61835964782128
2023-01-03,ID,16.29040812127144,-9.882558066935022
2023-01-04,AM,30.349843938794415,23.08114086977651
2023-01-04,GB,-13.220167537198037,-29.467006074604704
2023-01-04,ID,2.338087489931179,-11.64751928190795
2023-01-05,GB,-4.011946547678048,-22.708056952685176
2023-01-05,ID,8.832561771762629,-11.225722687564696
2023-01-06,GB,2.209002517089173,-10.630123073481359
2023-01-06,ID,7.729878146682596,-10.059788237321223
2023-01-07,GB,1.0655107282310103,-11.197615838297606
2023-01-07,ID,7.701594494458459,-10.131569939184198
2023-01-08,GB,-1.1252827661097027,-16.842633490718672
2023-01-08,ID,8.547806554074555,-10.662406097481655
2023-01-09,GB,-4.654762518074255,-19.56672888806442
2023-01-09,ID,8.900829048039654,-11.10379225027126
2023-01-10,GB,3.4975211633250134,-14.384791390230362
2023-01-10,ID,9.166790474764705,-10.726418334590688
2023-01-11,GB,0.6065100954633509,-15.612708545429157
2023-01-11,ID,8.670680785488464,-11.236120115173701
2023-01-12,GB,-3.3905088664799177,-20.058468700213304
2023-01-12,ID,9.216078685544977,-11.486100918021762
2023-01-13,GB,-1.5036138610560013,-19.712938749737486
2023-01-13,ID,5.519054058987212,-11.606076864639414
2023-01-14,GB,17.252389613625322,0.567154007668519
2023-01-14,ID,8.854798354392951,-10.23339037088392
2023-01-15,GB,16.978419817071046,2.1110032358102035
2023-01-15,ID,9.054766070478639,-10.149751476229445
2023-01-16,GB,7.751650398372925,-6.453574535739407
2023-01-16,ID,8.861687009004237,-10.303957320569255
2023-01-17,GB,4.285452634269001,-10.477232016869717
2023-01-17,ID,9.05913450992486,-11.38912184113865
2023-01-18,GB,20.056645100434466,1.8151511929068993
2023-01-18,ID,9.600461276692059,-12.035668869035382
2023-01-19,GB,15.866993740611596,-1.9479439751034744
2023-01-19,ID,8.29176273065363,-12.967572227141819
2023-01-20,GB,22.76811114511395,3.0240304193284353
2023-01-20,ID,11.53163774640737,-11.76053885241929
2023-01-21,GB,18.03642746760138,5.604393711722881
2023-01-21,ID,1.3431669205205607,-9.941279705524776
2023-01-22,GB,17.815013425868234,-2.8939896401155827
2023-01-22,ID,8.749969351680603,-12.775834107515292
2023-01-23,GB,30.95601984063103,7.974380228466703
2023-01-23,ID,11.871384960390177,-12.572515862482067
2023-01-24,GB,32.8123371642198,12.772648412822601
2023-01-24,ID,10.84814318532219,-11.90852869666175
2023-01-25,GB,13.25494890192425,-3.999229426115237
2023-01-25,ID,5.696376841993043,-12.194684341914828
2023-01-25,LF,26.082618038018357,12.213670151325475
2023-01-26,GB,32.96018788090791,9.839423534545269
2023-01-26,ID,12.755739610069366,-11.12382680787562
2023-01-27,ID,11.85253190576694,-10.775714312731639
2023-01-28,ID,11.886225304950043,-11.99219195104802
2023-01-29,GB,20.007483721243066,-1.2694064362166155
2023-01-29,ID,12.465428798490144,-13.837534009576826
2023-01-30,GB,17.000844155663962,-4.348809511199902
2023-01-30,ID,14.501161850741228,-14.223835233525469
2023-01-31,GB,18.373959038501958,-4.494982814702375
2023-01-31,ID,15.414492330023224,-14.707118226713254
2023-02-01,GB,20.624955366136263,-1.7431141485874369
2023-02-01,ID,12.773333925870672,-13.399849008174215
2023-02-02,GB,22.563736779403534,-3.0433338131569565
2023-02-02,ID,15.066122336551704,-15.628134406804483
2023-02-03,GB,20.93517988984755,4.498305706190466
2023-02-03,ID,7.721456729545444,-14.197889976605026
2023-02-03,LF,32.412879014305894,10.589142292607383
2023-02-04,ID,11.402797148428983,-14.28835430351225
2023-02-05,GB,28.083357231283497,4.752184423942719
2023-02-05,ID,11.303179431024114,-16.739593990207005
2023-02-06,GB,27.884029650622594,5.821966132242867
2023-02-06,ID,11.66556766558525,-16.48754562489801
2023-02-07,GB,27.60882352416533,7.230485186697587
2023-02-07,ID,11.2251584431772,-17.234514830164755
2023-02-08,GB,23.457796614181703,1.8749669197037966
2023-02-08,ID,-2.3097808710434435,-14.284507758768209
2023-02-09,GB,21.120170126693743,-2.254535904931929
2023-02-09,ID,20.271175209362763,-25.593052316535942
2023-02-10,GB,20.103627930020266,-6.873410437535295
2023-02-10,ID,8.040815464746066,-18.385831751443188
2023-02-10,LF,31.60548376084453,-4.560649151540234
2023-02-11,GB,5.6278994627447805,-6.198541002278722
2023-02-11,ID,-7.533721696060391,-19.49047979604414
2023-02-11,LF,19.921453975511152,5.151519691145682
2023-02-12,GB,29.32205568830044,1.317746708954453
2023-02-12,ID,10.644679141359095,-25.552276407191297
2023-02-12,LF,33.99793038086964,5.5115249183285355
2023-02-13,GB,27.588547866849055,7.337435636340716
2023-02-13,ID,10.35350558881082,-17.165976843022015
2023-02-14,GB,22.784931347955563,4.3078803687847795
2023-02-14,ID,8.688166640744946,-18.640597099858574
2023-02-15,GB,19.232461882891158,-1.3435924315229937
2023-02-15,ID,5.191112131035554,-23.573742588775957
2023-02-16,AM,5.052598624554335,10.585906491033686
2023-02-16,GB,16.708077701528676,-5.971923065133362
2023-02-16,ID,2.8599805186604335,-23.31094843735352
2023-02-17,GB,11.912896530876703,-5.359611793498507
2023-02-17,ID,-8.39103690698061,-24.902869145054417
2023-02-17,LF,11.3313521040833,-16.15009360214851
2023-02-18,GB,33.387066829853914,5.2846125844475695
2023-02-18,ID,-3.5273445860541357,-21.433806697470093
2023-02-18,LF,32.69360020376323,-0.06100255599541827
2023-02-19,GB,22.137224997995347,1.745725431418818
2023-02-19,ID,-8.437127010001872,-23.830672573524232
2023-02-19,LF,18.707572420197188,-5.765035036488296
2023-02-20,GB,24.10097626934868,-2.7139138381110417
2023-02-20,ID,-10.16458368355839,-25.09778600124215
2023-02-20,LF,3.9028344426805313,-16.347325777847637
2023-02-21,GB,20.033730378955614,-7.632942857440332
2023-02-21,ID,-11.94223904969028,-25.663698674248305
2023-02-21,LF,-5.222166146609107,-20.883198387568402
2023-02-22,GB,13.967596768098893,-9.34379365515634
2023-02-22,ID,-13.05232213295126,-26.913160341497647
2023-02-22,LF,-9.13780442376588,-25.91449188277969
2023-02-23,GB,16.22395480577979,-7.172693496836523
2023-02-23,ID,-11.37341549269381,-26.13839024340161
2023-02-23,LF,-7.604087669786824,-25.53319172552487
2023-02-24,GB,15.128774566297725,-9.10040153126531
2023-02-24,ID,-8.98419013723482,-26.173291184196433
2023-02-24,LF,-8.235922022469481,-28.309102608924707
2023-02-25,GB,17.776803373556113,-6.891006403536765
2023-02-25,ID,-8.005139378163992,-27.334782783540703
2023-02-25,LF,-3.1271470342794108,-26.301997708343624
2023-02-26,AM,-13.689186878357175,-14.131304048035517
2023-02-26,ID,-2.9832056581399944,-26.65481985240249
2023-02-26,LF,-2.5575783533827994,-27.494059863755382
2023-02-27,AM,-14.619970269744314,-13.542314105506719
2023-02-27,ID,-3.3285869087793,-27.244886435491267
2023-02-27,LF,-2.27958789650994,-27.838720315329507
2023-02-28,AM,-14.97432674932401,-11.901289737344369
2023-02-28,ID,-6.902341712729489,-29.372729367570454
2023-02-28,LF,-7.789365883596026,-27.803266216973864
2023-03-01,AM,-13.32198975331626,-10.097034351228562
2023-03-01,ID,-1.1032430998345681,-28.411816409888278
2023-03-01,LF,0.14698011648238757,-25.686503322795172
2023-03-02,AM,-7.998411895024989,-7.019966666638261
2023-03-02,GB,-13.023761392639926,-22.267333291101757
2023-03-02,ID,6.071817014474467,-28.463847742011488
2023-03-02,LF,8.200304403601466,-23.84296697762452
2023-03-03,AM,-2.292084539978247,-6.446488923632412
2023-03-03,GB,-2.030660786250931,-24.575024817046682
2023-03-03,ID,0.01838328767370956,-30.38025727718146
2023-03-03,LF,5.685487044570463,-26.203435259032926
2023-03-04,AM,0.876014409994946,-4.893707275657992
2023-03-04,GB,-9.45410972288315,-25.625827807913183
2023-03-04,ID,-4.618377394865353,-30.368100200968374
2023-03-04,LF,-17.231456937943708,-32.370783865182666
2023-03-05,AM,17.864764711693347,3.825760064441852
2023-03-05,GB,-3.97139425317898,-21.047819568986142
2023-03-05,ID,7.065054219251071,-29.031531935467903
2023-03-05,LF,9.961973690038214,-22.428065142462803
2023-03-06,AM,32.621194747338635,8.170220148231836
2023-03-06,GB,0.3186395603191821,-17.83729800470477
2023-03-06,ID,8.596115766981093,-28.52167395729655
2023-03-06,LF,13.52585987854755,-18.66142276603228
2023-03-07,GB,-4.485002762062443,-21.459175920447088
2023-03-07,ID,4.55960509091404,-29.656474511439328
2023-03-07,LF,12.709311348418955,-19.527045037616084
2023-03-08,GB,4.2212314493450425,-14.910725044402731
2023-03-08,ID,8.350935578887253,-27.584222556309893
2023-03-08,LF,19.23791360142416,-16.09398906904006
2023-03-09,GB,10.727127662966733,-5.01119334808333
2023-03-09,ID,8.980384846705721,-26.2058561682583
2023-03-09,LF,27.96072977044966,-8.35327967482611
2023-03-10,GB,3.3143551324982465,-14.328910071849979
2023-03-10,ID,5.2322254296280475,-26.56041988562065
2023-03-10,LF,20.391643681656877,-13.54481130483749
2023-03-11,GB,1.9974135191413538,-9.640562919992021
2023-03-11,ID,7.178030682136214,-26.220891900556634
2023-03-11,LF,24.824268794932472,-11.956133809047316
2023-03-12,GB,3.3872104589994447,-10.611677611456733
2023-03-12,ID,6.8452052526273395,-24.464777679012794
2023-03-12,LF,23.565613247775897,-9.681854288140219
2023-03-13,GB,-6.656815666808976,-16.296224439805368
2023-03-13,ID,-3.9952181145624914,-24.832670915119394
2023-03-13,LF,4.9193430263936815,-9.971229400554815
2023-03-14,GB,10.648581173857375,-3.590396370334142
2023-03-14,ID,8.12798703943239,-22.871900610875
2023-03-15,GB,24.554986854050696,6.075664762665635
2023-03-15,ID,8.877522345355723,-21.951800636070022
2023-03-16,GB,13.376503310925129,1.9669335002805686
2023-03-16,ID,7.640701298935596,-22.131835660641215
2023-03-17,GB,10.044990127407452,-7.565766315595295
2023-03-17,ID,7.049728571739702,-24.139884603410103
2023-03-17,LF,31.348775313381328,-14.18263486920765
2023-03-18,GB,-0.016465283199774916,-9.194916058287479
2023-03-18,ID,-10.453811252707863,-23.54140651360464
2023-03-18,LF,-6.288057537430079,-12.020572898719363
2023-03-19,GB,18.8525208174619,-1.254978870845779
2023-03-19,ID,5.597620985484176,-21.695911087478336
2023-03-20,GB,17.799221267574897,1.9021828393581455
2023-03-20,ID,4.594060442195099,-21.482959224012465
2023-03-21,GB,17.01557213124326,-0.8517295791281243
2023-03-21,ID,2.6675076993436693,-21.52186128831087
2023-03-22,GB,9.31469874972595,-7.786147018447773
2023-03-22,ID,1.5135792348955743,-25.75711126353158
2023-03-22,LF,32.04578790590619,-4.142514549905991
2023-03-23,AM,24.54441688991864,7.908880757511424
2023-03-23,GB,7.6239891876176635,-7.081840530698363
2023-03-23,ID,0.8939851082156842,-24.983886782647286
2023-03-23,LF,28.45945022379914,-6.1223283254115
2023-03-24,AM,25.894143793594115,4.61181353782839
2023-03-24,GB,7.270897112589985,-7.102343117061399
2023-03-24,ID,0.9406444600530243,-24.038244556677082
2023-03-24,LF,27.352324718486422,-7.738513691278994
2023-03-25,AM,23.038768571160787,3.978607654698764
2023-03-25,GB,8.002316102539744,-10.779805535743735
2023-03-25,ID,-3.095149349964535,-25.09580599730915
2023-03-25,LF,21.81191290671708,-11.893769137100358
2023-03-26,AM,23.248029071521923,1.026471545910668
2023-03-26,GB,7.523155811939846,-11.266181082137104
2023-03-26,ID,-0.0063010553888832215,-24.594035077615757
2023-03-26,LF,20.989181572928278,-13.075793194718477
2023-03-27,AM,28.998060792145672,3.4500320794301853
2023-03-27,GB,11.47879390400344,-9.29515691102818
2023-03-27,ID,0.7810956753445623,-24.194895123442464
2023-03-27,LF,28.245321903469467,-11.096323786213599
2023-03-28,AM,24.561802695344323,-0.7854650131844821
2023-03-28,GB,9.954637152615216,-8.829852806747667
2023-03-28,ID,-3.5312802642344505,-24.002750701765873
2023-03-28,LF,23.428447064167685,-11.036894787610946
2023-03-29,GB,19.969592808499325,-3.354524495562812
2023-03-29,ID,3.6142150497399332,-21.29603641029485
2023-03-30,GB,16.576968522246315,0.39578948990181523
2023-03-30,ID,2.5104518476403643,-20.519474704628028
2023-03-31,GB,16.147364083542143,-0.5053681473430749
2023-03-31,ID,2.6298107425382238,-20.992570135081934
2023-04-01,GB,13.010815414639511,-5.974701072447256
2023-04-01,ID,0.12256431452786073,-22.072800883672492
2023-04-01,LF,32.348620369292185,-8.798046555932913
2023-04-02,GB,12.544125861106084,-5.366795316954337
2023-04-02,ID,0.7250649058074845,-24.09405302286537
2023-04-03,GB,21.241786968635413,0.2603713600892161
2023-04-03,ID,-5.518794931860384,-26.360038503673664
2023-04-04,GB,16.324064738849696,-2.28657932667175
2023-04-04,ID,-2.1348141658957767,-25.805154206963497
2023-04-04,LF,33.27239716930953,-3.987934131013475
2023-04-05,GB,13.079202247075216,-5.290123177643424
2023-04-05,ID,-1.1399078646487102,-24.477692298810634
2023-04-06,GB,15.432580427203352,-5.890661129813908
2023-04-06,ID,-0.6381902048550518,-23.97303206482946
2023-04-07,GB,17.074664044845814,-4.228969604923686
2023-04-07,ID,2.5461516617450757,-24.010936207149
2023-04-08,GB,16.921842360451674,-1.6916402318192616
2023-04-08,ID,-2.8989124552926917,-21.413163338656712
2023-04-08,LF,14.436860750636322,-4.752186552619349
2023-04-09,ID,-0.92377884959969,-18.976673365024997
2023-04-10,ID,1.78899975923135,-19.31473992318432
2023-04-10,LF,33.863589533291744,12.587754126348496
2023-04-11,ID,3.4084322868185466,-19.481539210681333
2023-04-12,GB,29.42382259463086,8.712163449308882
2023-04-12,ID,7.1593035520796064,-18.706817529984864
2023-04-13,GB,18.648212937994955,-2.845236317739839
2023-04-13,ID,5.957814158748844,-18.691693932550397
2023-04-14,GB,17.728860799439175,-1.3211458032159233
2023-04-14,ID,5.348103594327754,-18.592460620247916
2023-04-15,GB,18.46540393828138,-2.3982413743304827
2023-04-15,ID,5.995202456478622,-18.26060337061092
2023-04-16,GB,17.342720869594245,-4.298798278345988
2023-04-16,ID,7.562980145721326,-18.926465451695837
2023-04-17,GB,23.743322514819432,0.6907584366322413
2023-04-17,ID,8.201267279931013,-17.754368435288168
2023-04-18,GB,24.823743275647985,5.561077698388269
2023-04-18,ID,6.627546630627684,-16.383263939301965
2023-04-19,GB,30.313899856642823,4.293757057261266
2023-04-19,ID,9.172463697463549,-16.745892002408596
2023-04-20,GB,23.425844347494394,2.2084419977799437
2023-04-20,ID,7.482330598263473,-17.199005100514352
2023-04-21,GB,23.423018733708446,1.9773276987908686
2023-04-21,ID,6.076241163835502,-17.693292689495653
2023-04-22,GB,20.999688702579846,-1.5775761607221233
2023-04-22,ID,6.094815241368315,-17.45183010505318
2023-04-23,GB,21.93106920165584,0.24440077612556071
2023-04-23,ID,6.472232804050481,-17.433672291499178
2023-04-24,AM,24.813507932736,22.455656285618833
2023-04-24,GB,23.66121241324572,1.1429135886108208
2023-04-24,ID,2.4354477047797465,-14.867183694586704
2023-04-24,LF,32.60088191167473,8.20870819506757
2023-04-25,GB,25.06669525349733,0.6876650239561102
2023-04-25,ID,4.683445362441754,-15.360058288756248
2023-04-26,GB,25.727657382136197,-1.4067481191661644
2023-04-26,ID,4.662207159601573,-17.11362988453406
2023-04-27,GB,27.907177021064232,-2.5921361837854655
2023-04-27,ID,3.656971140591716,-16.174478750468186
2023-04-28,GB,26.27829649442826,-2.09617106748928
2023-04-28,ID,5.226597478084102,-16.7309799879345
2023-04-29,GB,21.25429311496751,-2.31245843597565
2023-04-29,ID,1.436143187619874,-15.80585485927669
2023-04-30,AM,20.562037719809787,9.993954726123318
2023-04-30,GB,22.010493081564842,-1.9624349284373703
2023-04-30,ID,3.7895769879377057,-15.892527779310457
2023-04-30,LF,25.774443974521958,2.9203351210859996
2023-05-01,AM,27.00192562537986,16.018445931308054
2023-05-01,GB,28.269724832800314,1.369075748110038
2023-05-01,ID,5.243247050092917,-16.73996777245655
2023-05-02,AM,11.73682699833892,15.12763689818299
2023-05-02,GB,28.020457035070187,1.502077669857291
2023-05-02,ID,5.595134768475781,-16.45650700760222
2023-05-03,GB,28.465775685835354,3.229751895268159
2023-05-03,ID,7.402313352928231,-16.73644520060565
2023-05-04,GB,30.605132073116216,5.204066663935373
2023-05-04,ID,7.66307201736419,-21.159864148041898
2023-05-05,ID,8.810825178127212,-20.035701801410767
2023-05-06,GB,33.97330245346406,1.8014886310801919
2023-05-06,ID,7.904268116737476,-19.324413271231847
2023-05-07,GB,31.854885336547316,2.0255653333046815
2023-05-07,ID,7.597347848695062,-18.40498647670941
2023-05-08,GB,31.66307546373535,1.9169619096517159
2023-05-08,ID,7.391180429494266,-19.24314000122004
2023-05-09,ID,9.397749748309929,-20.174746483128803
2023-05-10,GB,33.09774653968505,-0.785052786706948
2023-05-10,ID,7.884387342630305,-19.126397355079106
2023-05-11,ID,10.432645639830142,-20.917784402146935
2023-05-12,ID,9.884689953277844,-21.797302478956624
2023-05-13,GB,28.988090350453827,-4.917547421268324
2023-05-13,ID,8.122174122331264,-18.899925486561806
2023-05-14,GB,29.390531655381658,-3.649410821986928
2023-05-14,ID,9.246955063857074,-17.905920573503224
2023-05-15,GB,31.17879632656545,-3.8681559971043096
2023-05-15,ID,10.07737257099386,-23.106357290976522
2023-05-16,GB,28.757561240119795,-3.5033736328228793
2023-05-16,ID,9.78000377136286,-21.383372032326065
2023-05-17,AM,29.923557197974805,21.427702525287415
2023-05-17,GB,29.949789273090506,-2.7300504228713707
2023-05-17,ID,9.386303422471372,-20.25020678892565
2023-05-18,AM,33.88466285030126,20.311530839494047
2023-05-18,GB,27.49809705765723,-1.8829215398014683
2023-05-18,ID,6.949010156991501,-17.013969208742225
2023-05-19,GB,28.39666919940447,-3.2236137754543983
2023-05-19,ID,10.54033231337409,-25.618491747216236
2023-05-20,GB,18.713684205947487,-5.296353496799048
2023-05-20,ID,13.219399360876121,-22.959315015908373
2023-05-21,GB,30.057512730474514,-6.081031781057376
2023-05-21,ID,9.290917302703884,-23.07050852598553
2023-05-22,GB,32.52529202290613,-3.4610141416417184
2023-05-22,ID,8.607188205013324,-16.8245754934415
2023-05-23,GB,27.972055995307038,-6.254786739274889
2023-05-23,ID,7.416985544439456,-23.452708104774892
2023-05-24,ID,8.505601952162667,-17.448604589502196
2023-05-25,ID,8.970307227408624,-20.307350114623837
2023-05-26,GB,28.1583375515918,-0.14969647593600294
2023-05-26,ID,3.4585488313617962,-17.062621467412292
2023-05-26,LF,28.40195852297649,13.499393658310376
2023-05-27,GB,28.457917729178426,2.5660691805510516
2023-05-27,ID,5.748000645108906,-20.040549486767762
2023-05-28,GB,26.980109413773473,1.320851315031666
2023-05-28,ID,4.979452022835453,-20.912832432564713
2023-05-29,GB,30.390221338670088,-2.13883574395537
2023-05-29,ID,7.276647151214926,-21.38413651673625
2023-05-30,GB,32.49723553324326,-4.170394006379136
2023-05-30,ID,8.174045081352782,-21.563940355787096
2023-05-31,ID,7.9044030380807,-21.376131592822137
2023-06-01,GB,26.246077359545268,-5.694945427545288
2023-06-01,ID,6.234138237292315,-20.818944704346706
2023-06-02,GB,30.56327063173591,-5.715218914579085
2023-06-02,ID,8.256257538783462,-21.7889168107459
2023-06-03,GB,23.785685554697103,-7.108904126461399
2023-06-03,ID,3.9914642075654116,-17.879510050990085
2023-06-04,GB,23.657348223285464,-6.929264860804704
2023-06-04,ID,1.7084755106810638,-14.43449182825643
2023-06-05,GB,29.687057876108348,-6.061726668437965
2023-06-05,ID,5.86859080150157,-17.36152474777842
2023-06-06,GB,25.745765562169552,-5.37132301739073
2023-06-06,ID,6.402910261743286,-17.84600444984731
2023-06-07,GB,26.145676456133316,-7.207248652434028
2023-06-07,ID,5.495236812892145,-18.61815525641926
2023-06-08,GB,20.883326706839824,-6.915987436958783
2023-06-08,ID,5.631239313976218,-18.02356517148592
2023-06-09,GB,14.569070819905368,-6.060948016408157
2023-06-09,ID,2.097472883414559,-16.86195363592082
2023-06-10,GB,26.841878416179295,-5.664558992953931
2023-06-10,ID,2.827479335822285,-13.960903602551472
2023-06-11,GB,23.014004562177696,-5.8991702582561905
2023-06-11,ID,5.314571254630579,-18.881225837150872
2023-06-12,GB,24.56495462192993,-5.201409429273646
2023-06-12,ID,4.324455796379488,-16.404527254405288
2023-06-13,GB,22.175649186548352,-6.59134304739098
2023-06-13,ID,5.2223885934998915,-17.322738686358985
2023-06-14,GB,25.79662383469135,-7.44495914236576
2023-06-14,ID,3.789724636648335,-17.169311468400576
2023-06-15,AM,29.264153422450164,22.5905430532287
2023-06-15,GB,16.71970397069771,-6.330838314784032
2023-06-15,ID,-2.4007755794158157,-13.979980187729788
2023-06-16,GB,28.419322683876064,-3.427931498066336
2023-06-16,ID,3.37013135430771,-14.07713686008182
2023-06-17,GB,21.385960047002982,-5.862227622502683
2023-06-17,ID,2.9468654722596694,-16.629741189194878
2023-06-18,GB,22.605115977637954,-6.325892542649536
2023-06-18,ID,4.370441669024555,-18.32139631899929
2023-06-19,GB,22.43883525670329,-5.452027048394857
2023-06-19,ID,3.6501352652346535,-16.664611027406906
2023-06-20,GB,23.897724147369892,-4.369156672359248
2023-06-20,ID,-2.468872826328602,-17.651170676672923
2023-06-21,GB,20.69361459940493,-3.045057173187341
2023-06-21,ID,-2.8506350050245435,-15.910126423938879
2023-06-21,LF,17.827370159005202,2.1795156779886824
2023-06-22,GB,14.864868365722794,-3.9771946386080486
2023-06-22,ID,-5.055657922348395,-15.702298765212248
2023-06-22,LF,13.17113296449392,5.958641041042455
2023-06-23,AM,21.483011899051977,36.60469041018404
2023-06-23,GB,20.192975290124046,-5.110510476633856
2023-06-23,ID,2.460524884325977,-18.674719694781984
2023-06-23,LF,22.433219061529158,1.8136572451628532
2023-06-24,AM,-2.295465319575051,4.7726115769957485
2023-06-24,GB,19.470694434644496,-7.889360620711494
2023-06-24,ID,3.411124341549807,-20.27879132440287
2023-06-24,LF,19.9301809734646,-4.071538491133176
2023-06-25,AM,-12.307118348748615,-3.4421434681141725
2023-06-25,GB,12.238177754691927,-10.156612065699948
2023-06-25,ID,-0.2894256044919798,-21.794560956022696
2023-06-25,LF,20.430603655215197,-0.6582037605078949
2023-06-26,AM,-10.850854707384451,-7.313438579798342
2023-06-26,GB,10.203267290711493,-12.55721117584043
2023-06-26,ID,-1.4294546543345028,-23.291409580107928
2023-06-26,LF,17.851680678542834,-3.009159877030401
2023-06-27,AM,-10.670425583124539,-10.711566566582697
2023-06-27,GB,2.831066623338183,-16.940030137930943
2023-06-27,ID,-3.1642425194518964,-23.738067482598904
2023-06-27,LF,9.926914778418274,-8.036111560587116
2023-06-28,AM,-16.319579456465764,-15.314061951650764
2023-06-28,GB,-3.3874959306921553,-20.07365720975291
2023-06-28,ID,-6.134446185290895,-23.586221005212973
2023-06-28,LF,4.848486441110185,-12.336399342192248
2023-06-29,AM,-16.8575847640444,-14.545277462780781
2023-06-29,GB,-2.473906647135381,-20.38828360686071
2023-06-29,ID,-8.937081848516046,-23.914272839705422
2023-06-29,LF,4.8912073202980615,-13.608587597196435
2023-06-30,AM,-15.796752471322124,-12.595989603365023
2023-06-30,GB,-2.778867813478644,-20.33137924462424
2023-06-30,ID,-8.812063524424095,-23.97466559137802
2023-06-30,LF,3.932504786364877,-14.825093413445769
2023-07-01,AM,-13.765000210050887,-8.9239450599842
2023-07-01,GB,-3.0048916137344133,-20.430728770898973
2023-07-01,ID,-8.892956785794043,-24.03046725753433
2023-07-01,LF,3.523687240760943,-15.961079071332751
2023-07-02,AM,-13.299560303831951,-8.97225402675871
2023-07-02,GB,-3.2760036981474574,-20.653225100526175
2023-07-02,ID,-8.524452275164663,-24.420460352741696
2023-07-02,LF,0.8634293579802619,-17.519965190040043
2023-07-03,AM,-12.159306501186943,-7.508489937007546
2023-07-03,GB,0.08631355758698156,-20.43926257759606
2023-07-03,ID,-8.484306982313901,-24.846714821556546
2023-07-03,LF,0.548754362771288,-18.67579783442687
2023-07-04,AM,-9.432679390167241,-4.929193120614852
2023-07-04,GB,-1.3423138480309722,-19.29002183531098
2023-07-04,ID,-8.414230978966687,-25.256595001306486
2023-07-04,LF,1.1395879349812554,-17.858924566427515
2023-07-05,AM,-3.7875746979037035,-4.079549674180566
2023-07-05,GB,1.5072362296272872,-18.011555265226924
2023-07-05,ID,-6.019397608508793,-25.36877635556016
2023-07-05,LF,3.351120995098422,-16.794729813997595
2023-07-06,AM,3.112331003438779,-2.2917938962537407
2023-07-06,GB,-0.08588025319248871,-17.717183319007738
2023-07-06,ID,-8.952353605395162,-25.306647594907258
2023-07-06,LF,3.8582460500032996,-16.049931599119777
2023-07-07,AM,10.03710664105298,-1.7511628982378156
2023-07-07,GB,0.6546640506240685,-17.315859345528313
2023-07-07,ID,-7.213048910849229,-26.561999513474536
2023-07-07,LF,1.727001964056329,-14.147548728693291
2023-07-08,AM,24.250563067726887,3.6149639635922872
2023-07-08,GB,2.14313097444826,-16.28669629749224
2023-07-08,ID,-6.175791067694761,-25.545176207626895
2023-07-08,LF,10.28847164487697,-11.402122838608566
2023-07-09,AM,30.91096524689263,12.679937602399642
2023-07-09,GB,1.4668024031379603,-15.86878596608761
2023-07-09,ID,-4.472930939265428,-25.346883340255317
2023-07-09,LF,9.685555275095734,-9.194156839168471
2023-07-10,AM,32.9604435844167,17.079126147823867
2023-07-10,GB,-1.3778481334601906,-16.253519942380702
2023-07-10,ID,-8.35475692048929,-23.21043499147508
2023-07-10,LF,5.452043395829545,-6.611474788921891
2023-07-11,GB,1.753308972492866,-16.475823605099425
2023-07-11,ID,-1.3151660143068316,-23.861619415234077
2023-07-11,LF,15.929615228972384,-3.6165252524213622
2023-07-12,GB,1.029192144978437,-17.03262662107609
2023-07-12,ID,0.47466640300654317,-22.601452061686825
2023-07-12,LF,22.748649400989883,0.3345032984417733
2023-07-13,GB,-0.05844311245262089,-18.050980159470896
2023-07-13,ID,4.4018037525058364,-22.723377499328766
2023-07-13,LF,29.53946937370006,3.107890752152697
2023-07-14,GB,-1.1378660222591703,-18.681349510470888
2023-07-14,ID,0.10902668827273904,-20.371269001202403
2023-07-14,LF,18.21865030826849,3.9905945155546947
2023-07-15,GB,-3.9388760644358864,-18.040197652850953
2023-07-15,ID,2.6959964068964863,-21.58734497942106
2023-07-15,LF,28.874110456617892,2.3437002427378846
2023-07-16,GB,-7.849887371652278,-18.64302416469284
2023-07-16,ID,-0.9340275197851597,-20.41692780440034
2023-07-16,LF,22.03307344186522,1.2030735822873644
2023-07-17,GB,-1.5677050571843894,-18.499825745251215
2023-07-17,ID,7.013814945873641,-19.730602388267414
2023-07-17,LF,31.7669563477388,2.5493069553145644
2023-07-18,GB,-1.327716298690391,-19.104276958314852
2023-07-18,ID,8.452651253623593,-20.714953532165413
2023-07-18,LF,29.294030090000252,2.82141289804058
2023-07-19,GB,-3.050433481614481,-19.70567040956492
2023-07-19,ID,7.219572699914749,-21.754240982288387
2023-07-19,LF,32.481691684050006,2.5004983524259012
2023-07-20,GB,-5.189935327248365,-20.31577404829718
2023-07-20,ID,6.487520605789456,-21.16291176880334
2023-07-20,LF,30.97946539575093,2.692121494501646
2023-07-21,GB,-6.571147852545458,-21.71856179080238
2023-07-21,ID,7.274021486990067,-21.490451213331514
2023-07-21,LF,31.717606778305466,3.1251833558049302
2023-07-22,GB,-9.389212542339662,-23.170320104268022
2023-07-22,ID,5.171134213509281,-21.26283298146439
2023-07-22,LF,32.262374068742865,3.56201614262471
2023-07-23,GB,-14.727459940036427,-25.50565070526444
2023-07-23,ID,-0.039029758632696164,-15.426032447878724
2023-07-23,LF,15.7110438123652,4.966742305807572
2023-07-24,GB,-10.39003420899927,-23.88781561649669
2023-07-24,ID,6.963006495783585,-18.639046328113594
2023-07-24,LF,32.0717432516651,4.912905004040141
2023-07-25,GB,-8.108951376158952,-23.261300075088684
2023-07-25,ID,8.02654735098921,-18.4011287396672
2023-07-25,LF,32.43869105802371,5.872131607720728
2023-07-26,GB,-9.226736066717374,-23.67980440065466
2023-07-26,ID,8.402054579660689,-19.760675098451227
2023-07-26,LF,29.609805929641297,5.4250765437407695
2023-07-27,GB,-7.265327936914636,-24.131141711680126
2023-07-27,ID,10.403735196963478,-18.729856997184633
2023-07-28,GB,-10.811735341651517,-24.43071321445662
2023-07-28,ID,3.0148368587729415,-17.19566983646915
2023-07-28,LF,26.507477412735984,5.422725080851678
2023-07-29,GB,-11.765545732485185,-23.688144084922605
2023-07-29,ID,4.099809885937823,-16.657040495996547
2023-07-29,LF,33.59380591157629,4.796615200191562
2023-07-30,GB,-8.638138924361275,-20.959618113917447
2023-07-30,ID,7.885719822041688,-18.77559997602599
2023-07-31,GB,-5.860501686727779,-21.46390177509015
2023-07-31,ID,6.315326463959454,-16.101499874362805
2023-08-01,GB,-5.001046679565409,-17.341252724786756
2023-08-01,ID,8.594489598676114,-18.86579701997687
2023-08-02,GB,-4.846101524401081,-19.570672974694908
2023-08-02,ID,8.65383463109191,-20.69044204444375
2023-08-03,GB,-8.04561037434001,-21.285705120468158
2023-08-03,ID,11.73375793094653,-20.813716624037205
2023-08-04,GB,-18.65917412664631,-27.936916696931124
2023-08-04,ID,3.97223047511952,-17.288056378694844
2023-08-04,LF,32.03614838538003,1.782061484105366
2023-08-05,GB,-26.591008479114493,-31.214201619763976
2023-08-05,ID,1.369314600793415,-19.5167884785052
2023-08-05,LF,24.409409696634313,-1.321633088987217
2023-08-06,ID,5.151095125213667,-22.917591588745285
2023-08-07,ID,3.440060787312747,-22.78816614641024
2023-08-07,LF,29.84433224303878,-0.70988213050598
2023-08-08,GB,-27.815473712355065,-30.93562727606013
2023-08-08,ID,3.8375177892637673,-22.873137092112724
2023-08-08,LF,28.402225391967086,0.40805371315792305
2023-08-09,GB,-26.065888983369632,-30.71439627885404
2023-08-09,ID,3.439646436652752,-23.20365454410894
2023-08-09,LF,28.914412185320526,0.9088915003547609
2023-08-10,GB,-24.560646784800618,-29.82410675743763
2023-08-10,ID,3.517476296264573,-22.960454424543634
2023-08-10,LF,29.28792232763653,1.8799221975903788
2023-08-11,GB,-22.069495383579586,-28.89849088846865
2023-08-11,ID,3.284842327610613,-22.21517120461548
2023-08-11,LF,32.83774390022761,1.696195299641403
2023-08-12,GB,-20.242394328844718,-28.390998707850358
2023-08-12,ID,4.5162698271134065,-23.940941753855558
2023-08-13,GB,-19.0607719022228,-27.620141670459045
2023-08-13,ID,6.672650467693673,-22.21314218482263
2023-08-14,GB,-20.312870704011985,-27.465739055940222
2023-08-14,ID,0.2336654472988356,-20.742701447486272
2023-08-14,LF,23.121162506288627,2.1557632004313736
2023-08-15,GB,-17.040426332734388,-26.372985013643472
2023-08-15,ID,-3.5789559659421917,-16.279575943003543
2023-08-15,LF,33.52889150745805,3.9983380206928865
2023-08-16,GB,-16.539799496565113,-26.065786015129632
2023-08-16,ID,4.496206534071838,-17.511460655109925
2023-08-17,GB,-13.276977522463552,-25.66010301429535
2023-08-17,ID,-0.28652326290012514,-20.178217917192498
2023-08-18,GB,-14.159041534196366,-25.803486508583866
2023-08-18,ID,8.062108107924992,-20.960326308153423
2023-08-19,GB,-15.323243292051185,-25.400744377322045
2023-08-19,ID,7.728282415692197,-20.070496402005993
2023-08-20,GB,-14.5886568909119,-25.033485440984737
2023-08-20,ID,8.513581095373533,-20.18479791547784
2023-08-21,GB,-13.27106844818768,-24.91978470778629
2023-08-21,ID,9.476414309127927,-19.877630093728865
2023-08-22,GB,-13.963141405308985,-24.69463423359428
2023-08-22,ID,8.850472769182202,-20.123719568670456
2023-08-23,GB,-11.885219483081306,-25.138968001513618
2023-08-23,ID,9.746500529762859,-19.87440703011862
2023-08-24,GB,-11.792512991508223,-24.421857906831065
2023-08-24,ID,10.045377897274523,-19.282822804417346
2023-08-25,GB,-10.838369490456627,-23.623318949318985
2023-08-25,ID,9.4066664768029291,-19.642625851591923
2023-08-26,GB,-9.875403789963213,-23.512970720304118
2023-08-26,ID,9.878683257600464,-19.364874358082478
2023-08-27,GB,-10.735415158110966,-22.874490855470725
2023-08-27,ID,12.766843005296288,-17.984460035301172
2023-08-28,GB,-7.865893559425305,-21.831209188805495
2023-08-28,ID,12.275425053682214,-17.038921920453806
2023-08-29,GB,-4.536098716340421,-22.101014425759864
2023-08-29,ID,13.61979021281208,-18.129963399256205
2023-08-30,AM,25.840581190006002,22.563423297725837
2023-08-30,GB,-12.234613136055003,-22.11095656762014
2023-08-30,ID,-2.000549737169321,-14.587021378888819
2023-08-30,LF,19.323696995139297,-3.7643029037803344
2023-08-31,GB,-5.023800322200187,-20.73096642669087
2023-08-31,ID,11.332344958968807,-17.026851484725718
2023-08-31,LF,20.313059032933285,-13.583496283776537
2023-09-01,GB,-6.343448784381602,-20.225505598386214
2023-09-01,ID,7.189259050612705,-16.60911972401652
2023-09-01,LF,29.11369870893896,-1.2267149857630835
2023-09-02,GB,-3.0116669844075385,-19.801907491223446
2023-09-02,ID,10.050772894403389,-18.18681660254535
2023-09-03,AM,13.142218401282799,1.261861153242364
2023-09-03,GB,-4.693511516268694,-19.84207498543814
2023-09-03,ID,5.4870301964136745,-20.03333849296722
2023-09-04,AM,-3.0344739575553734,-1.8842045181636788
2023-09-04,GB,-7.973038033443421,-20.344538846481374
2023-09-04,ID,3.745662750272989,-22.574288880504188
2023-09-04,LF,32.668221589701126,0.4086759511283324
2023-09-05,AM,-9.532064563548627,-1.9989735000787106
2023-09-05,GB,-4.459788765562413,-19.844031646253555
2023-09-05,ID,2.5923561899254186,-23.68372765393039
2023-09-05,LF,29.21934685185281,-0.7410950606915646
2023-09-06,AM,-11.014363155964286,-2.2653201976175237
2023-09-06,GB,-6.830604126634987,-20.742484429282154
2023-09-06,ID,-0.31674401512188355,-24.820115868660388
2023-09-06,LF,24.530520640196034,-3.207252006621038
2023-09-07,AM,-7.633643142659697,-0.7295153489139231
2023-09-07,GB,-7.862350583847323,-21.338023735322764
2023-09-07,ID,0.7433624457366487,-25.031128553790733
2023-09-07,LF,20.241886085135093,-5.482427256366014
2023-09-08,AM,-0.17708471521464852,-3.7278420209478886
2023-09-08,GB,-4.8028299734559194,-21.453158527611734
2023-09-08,ID,-1.2229549916324782,-24.87499012713243
2023-09-08,LF,21.94235348181846,-6.296857271655728
2023-09-09,AM,-2.0450460346217234,-3.0165976223188706
2023-09-09,GB,-7.8714380825064145,-20.89187011349142
2023-09-09,ID,-2.728402564120356,-24.60526560346307
2023-09-09,LF,18.531236685723844,-6.179177879640522
2023-09-10,AM,-0.501846035704012,-4.640679484503599
2023-09-10,GB,-6.394600482785192,-20.39634125296108
2023-09-10,ID,0.7024491327596664,-25.51472903173135
2023-09-10,LF,19.971247414218578,-6.507253267719859
2023-09-11,AM,5.300793339030884,-5.03350554101164
2023-09-11,GB,-4.0206070196283274,-19.705754034749205
2023-09-11,ID,-0.8315898693906622,-24.533257248701503
2023-09-11,LF,22.637889648384927,-6.861701337694257
2023-09-12,AM,11.569607357414812,-10.083635096558389
2023-09-12,GB,-5.065576059792454,-19.425964104977048
2023-09-12,ID,-0.35201075752422284,-25.094845242382817
2023-09-12,LF,22.8036182988076,-7.795041971316428
2023-09-13,AM,19.61707863344711,-2.862764810607491
2023-09-13,GB,-4.171590427728848,-19.773530776416067
2023-09-13,ID,1.4999805432186786,-24.84368604976085
2023-09-13,LF,24.290207210943894,-8.730447653341825
2023-09-14,AM,27.769147815461885,-0.8983064740945111
2023-09-14,GB,-4.114645874093272,-20.047301073420048
2023-09-14,ID,0.6145831938511747,-25.03726179313781
2023-09-14,LF,22.8690603023884,-7.731389148212463
2023-09-15,GB,-1.8628561029666926,-19.96597851542911
2023-09-15,ID,1.7508076766234755,-24.581146421139046
2023-09-15,LF,1.6299012378070077,-7.479533391820348
2023-09-16,GB,-3.1690988284924044,-19.25646638457328
2023-09-16,ID,3.031673607582899,-23.39789525227438
2023-09-17,GB,-3.650810104762094,-18.88682011450465
2023-09-17,ID,4.563103662991248,-22.719487378410804
2023-09-18,GB,-0.6366374401917286,-16.845014331131964
2023-09-18,ID,8.01290907770395,-21.44591586226003
2023-09-19,GB,0.843710306491272,-15.185373711752506
2023-09-19,ID,8.767837293447311,-23.634446261159063
2023-09-20,AM,33.28224350337911,10.63079697013173
2023-09-20,GB,-10.291890702710356,-14.3530096935216
2023-09-20,ID,-6.134802084291331,-16.11938728667633
2023-09-27,LF,32.91067913053439,3.488668841032077
2023-09-28,LF,27.576577185028412,3.9424543587932375
2023-09-29,LF,31.713624709482385,4.221181369769886
2023-09-30,LF,29.917204928881134,3.4232402591459192
2023-10-01,LF,24.74121710493845,4.212589297867534
2023-10-02,ID,16.00938444801456,-20.20841318647724
2023-10-02,LF,29.94345585662464,6.356068402417065
2023-10-03,ID,14.301234640751664,-15.434358907504361
2023-10-03,LF,30.193181876809376,7.167835916839803
2023-10-04,GB,11.365713609701263,-13.494280259370314
2023-10-04,ID,13.938675605613193,-15.889271827188239
2023-10-04,LF,28.59930467324341,6.553910945652754
2023-10-05,GB,7.040484447975277,-12.85053728157618
2023-10-05,ID,12.71713055237219,-15.026537016854512
2023-10-05,LF,25.087511715285842,6.38493621607422
2023-10-06,GB,9.059943151838677,-13.113981563469283
2023-10-06,ID,12.460596991207517,-14.936027296758764
2023-10-06,LF,25.80030661483173,6.890750613157303
2023-10-07,GB,6.56202555500954,-11.581794012191892
2023-10-07,ID,13.744547606200138,-14.204726257114212
2023-10-07,LF,23.753803381847643,8.027210576575202
2023-10-08,GB,13.210817429980258,-8.060136521287957
2023-10-08,ID,15.142652218046374,-12.330582977541
2023-10-09,GB,17.63839044265359,-4.442870434687448
2023-10-09,ID,14.716552880469543,-12.318364143308035
2023-10-10,GB,12.188811038492318,-7.199376014364882
2023-10-10,ID,14.226445300819348,-12.662590791747283
2023-10-11,AM,30.02931508628164,16.571144878173143
2023-10-11,GB,1.4603126181744885,-9.338634144836197
2023-10-11,ID,2.049558427132987,-10.993907533462066
2023-10-11,LF,20.455861197081926,7.886160742916632
2023-10-12,GB,2.4578592716627075,-10.800198553169972
2023-10-12,ID,4.450837829117284,-11.55069615140819
2023-10-12,LF,5.4921208402948976,-0.9925235961307565
2023-10-13,GB,5.914969271837296,-13.549805871236229
2023-10-13,ID,13.359379363668479,-13.611985915444981
2023-10-13,LF,21.897983047750742,-2.696052297494056
2023-10-14,GB,5.913563455957509,-12.113871978194926
2023-10-14,ID,11.667515258794744,-12.885328865659725
2023-10-14,LF,24.754907697865256,4.211127721430792
2023-10-15,GB,6.416578232136631,-10.418572119639249
2023-10-15,ID,12.29877372235685,-13.114687868080466
2023-10-15,LF,30.49379874297642,7.405293305173869
2023-10-16,GB,12.153381264048052,-7.3688899138920005
2023-10-16,ID,11.562366609338877,-12.231717049810435
2023-10-17,GB,10.734704504264,-7.239656953699656
2023-10-17,ID,11.35174506958583,-11.912665631206021
2023-10-18,GB,8.768580091064479,-7.448622693370632
2023-10-18,ID,10.268304602724044,-12.443676256678419
2023-10-18,LF,33.74899796703943,14.975333428958336
2023-10-19,GB,8.504374180125481,-9.044155196119963
2023-10-19,ID,10.295158630540902,-13.170184458766308
2023-10-20,GB,6.4103743359379175,-12.171577843040573
2023-10-20,ID,8.09410709162454,-14.264412948140736
2023-10-20,LF,26.732836972548775,10.152919749779667
2023-10-21,GB,3.383855492305152,-12.126326093555155
2023-10-21,ID,9.504289021417257,-14.515810663108464
2023-10-21,LF,23.16279677106455,9.707848144274132
2023-10-22,GB,10.236984095005583,-10.322467090319654
2023-10-22,ID,12.157611739346166,-14.747839951862883
2023-10-22,LF,30.14334413979579,12.81186880558958
2023-10-23,GB,10.818191562833066,-11.166321804629263
2023-10-23,ID,10.565025462324094,-14.179377861135746
2023-10-23,LF,30.201255197634136,10.643427349271622
2023-10-24,GB,6.33098550472476,-10.873860218046365
2023-10-24,ID,9.617369971381848,-13.860359310245133
2023-10-24,LF,29.08973255247853,10.95356892633871
2023-10-25,GB,8.108336744926419,-11.650789903716147
2023-10-25,ID,10.092748973473416,-13.866453317396902
2023-10-25,LF,28.64396762208009,8.536614402198747
2023-10-26,GB,11.17645640230312,-11.967614982691728
2023-10-26,ID,10.768712311860451,-13.580889035619908
2023-10-26,LF,32.07532819636675,4.79985259676424
2023-10-27,GB,11.066098410929689,-12.704131663270928
2023-10-27,ID,11.526011503179747,-13.758088349420857
2023-10-27,LF,31.33107959297003,5.447031480840632
2023-10-28,GB,9.67580072513216,-12.993394022050408
2023-10-28,ID,10.74423104582356,-12.961989179896126
2023-10-28,LF,30.402303419642475,5.775896938211956
2023-10-29,GB,10.504257217282063,-11.925809058973904
2023-10-29,ID,11.518990854673,-13.151936870818135
2023-10-29,LF,30.086419938338008,5.427669719152361
2023-10-30,GB,11.9847838393313,-10.850924661161297
2023-10-30,ID,11.137482388773517,-12.720098966865148
2023-10-30,LF,27.584098009397373,4.739123421728276
2023-10-31,GB,13.940330143187403,-8.967756505223374
2023-10-31,ID,11.43464065284744,-12.995084114597763
2023-10-31,LF,23.643586853912243,2.608448411211064
2023-11-01,ID,11.495781554933647,-11.760606264864718
2023-11-01,LF,24.691228472768135,11.713555536646583
2023-11-02,ID,10.173440626929258,-11.292919757961029
2023-11-02,LF,22.734941999771316,14.060413464183526
2023-11-03,GB,22.913782389160374,-5.413342593895624
2023-11-03,ID,10.58375098123102,-12.621357763153963
2023-11-03,LF,15.56515390267053,0.9371259640974087
2023-11-04,GB,22.21581535143073,-5.895510040052161
2023-11-04,ID,11.691088598593756,-13.171993736807421
2023-11-04,LF,22.477696914580346,13.505075763959445
2023-11-05,GB,17.522521655812305,-8.050982605675118
2023-11-05,ID,9.146677238613773,-12.030038565680432
2023-11-05,LF,27.147645887003513,17.70246509348164
2023-11-06,ID,9.339365249396446,-11.999569503279734
2023-11-06,LF,30.610643754508676,16.969462316784412
2023-11-07,ID,8.880823984069083,-12.216178017899
2023-11-07,LF,30.263965973127906,16.370965288737143
2023-11-08,ID,8.862671980400227,-12.247340425728156
2023-11-08,LF,30.421130485741934,15.117738687765682
2023-11-09,ID,9.435919489037587,-13.018333449799519
2023-11-09,LF,29.933088207948913,9.654775268832825
2023-11-10,ID,8.372564637482272,-12.933774559599112
2023-11-10,LF,29.85256776795974,7.26182167420648
2023-11-11,ID,9.109518468452613,-12.847568426217661
2023-11-11,LF,26.541191461466205,4.478129865905601
2023-11-12,ID,5.504577805858771,-11.798816572963583
2023-11-12,LF,21.75255275573716,8.731048427798589
2023-11-13,ID,7.556835510103085,-11.777652956916748
2023-11-13,LF,17.8536528533142,11.502350581476552
2023-11-14,AM,32.66196651904143,21.253285047298995
2023-11-14,ID,1.6457698818378486,-12.064923289763597
2023-11-15,AM,29.418060259554604,20.529170665861685
2023-11-15,ID,1.1170363254919862,-11.56747261809529
2023-11-15,LF,16.362697912239188,4.134894667762449
2023-11-16,AM,30.766517755658338,20.677635445513985
2023-11-16,ID,0.5513882795073027,-11.263910867871413
2023-11-16,LF,14.363454448572877,8.093027749865632
2023-11-17,ID,4.427726831558489,-12.114260072548717
2023-11-17,LF,22.30032968614395,9.346736362526709
2023-11-18,ID,6.664335306697953,-11.856238462635089
2023-11-18,LF,20.93655204058869,11.714838544863323
2023-11-19,ID,6.0203892990136545,-11.426845776424903
2023-11-19,LF,21.79006505149054,15.353965460316303
2023-11-20,ID,6.788837609722677,-11.712326084113961
2023-11-20,LF,21.283726444404717,14.633139701105568
2023-11-21,ID,6.900809654211715,-12.511954247860182
2023-11-21,LF,27.108674512080167,10.380084568682143
2023-11-22,ID,4.165435023327765,-10.733057889484954
2023-11-22,LF,22.696595876454513,8.86524184086771
2023-11-23,ID,7.311791366833295,-11.068798760757245
2023-11-23,LF,30.91604214262036,20.373601264447004
2023-11-24,ID,6.749871252059567,-11.377233945347827
2023-11-24,LF,22.669366101331963,15.428690766154052
2023-11-25,ID,6.685418778711337,-11.383540259445828
2023-11-25,LF,23.95901072167457,16.25285976809698
2023-11-26,ID,-4.469493194005173,-10.1932135590592
2023-11-26,LF,20.898695596716138,7.4216272093367
2023-11-27,ID,7.7669641433636984,-10.854305807210414
2023-11-27,LF,23.99698240343731,16.343892535373854
2023-11-28,ID,7.638594044076942,-10.629531871066737
2023-11-28,LF,21.97804925172601,23.245819874161157
2023-11-29,ID,6.273417416076773,-9.635022986709037
2023-11-29,LF,19.38066018001892,22.29091511698485
2023-11-30,ID,7.563029791374686,-10.690913078781577
2023-11-30,LF,21.538337542302443,20.142208868760388
2023-12-01,ID,7.793303290871703,-12.406235470978043
2023-12-01,LF,18.558240582036962,13.320215956670404
2023-12-02,AM,33.00173518263508,27.327244414430837
2023-12-02,ID,0.9584053744832963,-10.290169330657525
2023-12-02,LF,23.406701294351908,10.584045034964657
2023-12-03,ID,2.6927687237683524,-11.282399104735433
2023-12-03,LF,11.270865820449405,7.925132718559811
2023-12-04,ID,8.787530360777064,-11.846964808264056
2023-12-04,LF,24.12541498493562,13.600892935185115
2023-12-05,ID,9.69891774434817,-11.388728811837018
2023-12-05,LF,28.806233187492097,18.714268920168042
2023-12-06,ID,8.248848996136624,-10.636226971166193
2023-12-06,LF,22.806980009365912,19.9723130384695
2023-12-07,ID,7.739385637687745,-11.043019062466175
2023-12-07,LF,31.885003559130695,20.582062518968144
2023-12-08,ID,6.616282778659314,-13.48835182854512
2023-12-08,LF,29.771307506293283,9.185604336518528
2023-12-09,ID,6.817681086949985,-14.011945534398397
2023-12-09,LF,31.97494364927479,0.9745458175147671
2023-12-10,ID,2.2169870365719926,-15.184815689717636
2023-12-10,LF,26.23411548844329,-5.888629039517321
2023-12-11,ID,6.9407967118210445,-12.625685839383602
2023-12-12,ID,7.664506279275893,-12.77613624760037
2023-12-13,ID,8.383803195895716,-14.310223412925911
2023-12-13,LF,28.73836599151429,16.792088255504012
2023-12-14,GB,33.15355423851774,-0.6462454801424258
2023-12-14,ID,10.456857588575465,-10.819158033907064
2023-12-14,LF,29.23387441695925,15.75841159214861
2023-12-15,GB,27.664477984572944,-1.4789063650563625
2023-12-15,LF,30.77030896353745,10.724336238958287
2023-12-16,GB,9.631521674852587,-0.9644028569793935
2023-12-16,LF,9.83478926873199,16.27069497073452
2023-12-17,GB,4.044616919871035,-3.0449580946385164
2023-12-17,LF,13.120247645825932,2.6770890980344375
2023-12-18,GB,6.878984255938407,-12.346805456515732
2023-12-18,LF,15.086759118654113,2.6058459231282436
2023-12-19,AM,14.646801267406042,44.0831216724357
2023-12-19,GB,-17.22339131802905,-16.4476801706961
2023-12-19,LF,28.400638128705786,12.18899451948153
2023-12-20,LF,24.3441763795038,10.081725810999886
2023-12-21,LF,12.371805872977422,-1.4184682175828747
2023-12-22,LF,-1.2857218118951848,-12.74139411311661
2023-12-23,LF,-12.500529931472107,-18.83248587327093
2023-12-24,LF,-17.870027990676014,-24.086877128122428
2023-12-25,LF,-28.95749013835561,-31.899606769159664
2023-12-27,LF,-28.371412304949995,-31.784291024979716
2023-12-28,LF,-28.429536812488582,-30.923483368914983
2023-12-29,LF,-26.25392264418455,-28.01691697285018
2023-12-30,LF,-23.102342061442762,-25.461631724333106
2023-12-31,GB,-27.337323624805638,-28.23214733379863
2023-12-31,LF,-21.781134798778137,-24.28476673516854
2024-01-01,GB,-22.776336094396488,-28.168973006819748
2024-01-01,LF,-22.090073279768518,-25.4343076080119
2024-01-02,GB,-18.28027225912312,-26.4899712274821
2024-01-02,LF,-17.1598805316511,-22.837757570627335
2024-01-03,GB,-16.181303602572022,-26.184699248233844
2024-01-03,LF,-15.386363624840376,-22.523069784880313
2024-01-04,GB,-12.851268415600051,-25.12476729791873
2024-01-04,LF,-13.872897989531923,-21.865532954686795
2024-01-05,GB,-10.91817120980262,-23.772577674160413
2024-01-05,LF,-11.33637829114046,-19.618629797129838
2024-01-06,GB,-18.63385044179483,-27.689787662441244
2024-01-06,LF,-23.373121800274067,-26.073655424277977
2024-01-07,LF,-11.840912282755326,-21.928494329066613
2024-01-08,LF,-12.918534577500566,-18.625303011627402
2024-01-09,LF,-24.51203794722694,-26.3409010701115
2024-01-10,LF,-20.246328452973927,-24.691972581026175
2024-01-11,GB,-6.5822545391605125,-21.68448271910293
2024-01-11,ID,-16.626040698950384,-14.243845662766129
2024-01-11,LF,-16.69596598874767,-22.187399570636877
2024-01-12,GB,-17.04300908756715,-25.897390337441266
2024-01-12,LF,-25.192325369095517,-28.276353113068378
2024-01-13,GB,-5.651289111668204,-24.979534529844756
2024-01-13,LF,-18.626722438934717,-27.240972602592453
2024-01-14,GB,-9.058506111339485,-23.04439924009216
2024-01-14,LF,-14.30166080982087,-21.98074635935621
2024-01-15,GB,-13.237366366536582,-26.061403054888803
2024-01-15,LF,-21.548525939844094,-25.780583681363513
2024-01-16,GB,-23.534639251882233,-27.707658087563576
2024-01-16,LF,-30.0577253930703,-30.400688256769904
2024-01-17,GB,-7.167780810530827,-22.065338129415732
2024-01-17,LF,-17.29957557980907,-23.142569553895353
2024-01-18,GB,-13.478408352053956,-22.727504642626254
2024-01-18,LF,-22.78368114075436,-24.191286538185896
2024-01-19,GB,-8.29303369668558,-24.03449340855928
2024-01-20,GB,-4.4528975382319675,-20.232813709008223
2024-01-21,GB,0.6556418343354231,-17.816901025676525
2024-01-21,LF,-19.34523753415991,-23.233640211927966
2024-01-22,GB,0.05384211342545928,-20.59301748392031
2024-01-22,LF,-21.517184928085758,-24.386500282099753
2024-01-23,GB,-8.51432234589717,-24.772946904808496
2024-01-24,GB,-0.32695923134695043,-25.877437470057693
2024-01-25,GB,-1.6385101525567303,-26.877437534742747
2024-01-26,GB,-0.3556179452330337,-27.34010492064018
2024-01-27,GB,0.15942921428576975,-25.92152901477303
2024-01-28,GB,1.5043344155278702,-24.535009992275477
2024-01-28,LF,-28.814076470567592,-30.3481295979412
2024-01-29,GB,4.419790603564434,-19.152187511967085
2024-01-29,LF,-17.179985072794867,-27.179092470855245
2024-01-30,GB,3.8775449930511297,-18.24600863924113
2024-01-30,LF,-14.647297558502892,-24.384468673616464
2024-01-31,AM,-8.845017736755642,-6.269751989231288
2024-01-31,GB,3.075268796958585,-18.61170638430101
2024-01-31,LF,-15.414187070091927,-23.984327830681423
2024-02-01,AM,-3.6796696434408696,-5.3673661565864474
2024-02-01,GB,7.200030754458268,-18.17693414094858
2024-02-01,ID,-10.177496723865477,-30.521530929822752
2024-02-01,LF,-9.475957826060782,-22.20247032141346
2024-02-02,AM,3.8046292676200197,-4.599748765893744
2024-02-02,GB,5.825921107083411,-19.614408926547995
2024-02-02,ID,-1.2498363204521583,-23.39711813625779
2024-02-02,LF,-11.334060298279304,-22.743310970017586
2024-02-03,AM,7.504600679315544,-2.5776491827679053
2024-02-03,GB,7.599018992209352,-19.784700583904744
2024-02-03,ID,-0.47189008478472105,-24.449738943353793
2024-02-03,LF,-8.81149844381955,-22.1760368105637
2024-02-04,AM,3.159359916322968,-2.7473508115562657
2024-02-04,GB,-3.6640864095161283,-22.050727550270967
2024-02-04,ID,-12.905814286997906,-29.734329823501703
2024-02-04,LF,-16.395476722571463,-24.638924108375008
2024-02-05,AM,10.061338797538768,-0.8829308417191296
2024-02-05,GB,4.101783568171975,-19.32468961711433
2024-02-05,ID,-9.23361293480788,-26.87382031517506
2024-02-05,LF,-11.385523777733187,-21.58225466227064
2024-02-06,AM,21.214708414367855,3.8632644273468717
2024-02-06,GB,9.537628127008919,-16.544826002629698
2024-02-06,ID,0.09124389163956904,-24.57477664210728
2024-02-06,LF,-0.4174394141170339,-15.98375629854876
2024-02-07,AM,21.137989555045085,5.320254308580785
2024-02-07,GB,14.05796104233467,-13.296332707402032
2024-02-07,ID,2.3095186449517056,-23.75390802335252
2024-02-07,LF,7.8736225219552916,-9.578429450806695
2024-02-08,AM,21.46842945714674,4.913188494012198
2024-02-08,GB,14.047160268525934,-14.70389375241309
2024-02-08,ID,4.696703555373599,-23.26427683039912
2024-02-08,LF,5.767920873964469,-11.948958219662565
2024-02-09,AM,18.59932046568479,4.2445203386997745
2024-02-09,GB,13.77216512744417,-16.331943584741722
2024-02-09,ID,0.9166305014010343,-27.113949916400628
2024-02-09,LF,-1.7989356831973529,-16.194651796498803
2024-02-10,AM,14.72240660258791,2.776168544158036
2024-02-10,GB,12.254624003476232,-17.197767471693783
2024-02-10,ID,-4.147763406215338,-28.254513840018422
2024-02-10,LF,-6.332400021568268,-18.593281764660148
2024-02-11,AM,12.560245245416446,1.2946542202456617
2024-02-11,GB,18.682945353322825,-18.367234609631193
2024-02-11,ID,0.22500200591764405,-28.152189898340584
2024-02-11,LF,-8.435149273789422,-21.924559347939578
2024-02-12,AM,1.6728141588362504,-4.5137546177269785
2024-02-12,GB,9.460862109181376,-21.137292053303703
2024-02-12,ID,-14.011562016904335,-32.35177781623106
2024-02-12,LF,-14.78511861414649,-25.687244476904127
2024-02-13,AM,24.531400540887965,4.105677450961281
2024-02-13,GB,24.282180638426865,-13.870590567727346
2024-02-13,ID,1.0286492602068507,-27.792792805633322
2024-02-13,LF,4.1834892887448465,-16.7094964562029
2024-02-14,AM,21.424308563794295,0.4945515651158756
2024-02-14,GB,23.781804630083897,-9.369594529592558
2024-02-14,ID,0.29708188649769324,-26.53089992869012
2024-02-14,LF,11.776622251710519,-8.594752085381975
2024-02-15,AM,17.48256759125049,-2.4370605051699714
2024-02-15,GB,22.91172561092787,-11.61311498983714
2024-02-15,ID,-3.1111682151155757,-28.512472903486888
2024-02-15,LF,6.506111119327303,-10.77217675005292
2024-02-16,AM,15.418552673053217,0.7618173580985168
2024-02-16,GB,18.08861643933535,-12.825016574687343
2024-02-16,ID,-8.114644580229518,-29.409563488173653
2024-02-16,LF,2.330440598291795,-12.860163357641952
2024-02-17,AM,6.124921810739005,-2.7888284815896944
2024-02-17,GB,5.780599203908686,-15.632365467820359
2024-02-17,ID,-16.012940413512702,-29.079571916018192
2024-02-17,LF,-9.216769511867962,-17.791713704177962
2024-02-18,AM,13.261576664276397,-1.2960995026554825
2024-02-18,GB,4.415915349523917,-11.593324273659062
2024-02-18,ID,-17.90791409858677,-27.217615275850193
2024-02-18,LF,1.8476183416797625,-6.561513657573764
2024-02-19,AM,25.07072285255283,5.560917531033935
2024-02-19,GB,25.88892742685565,-7.5269913476329124
2024-02-19,ID,2.938664506474262,-22.02869876356264
2024-02-19,LF,19.07675421564652,-0.3102935733893304
2024-02-20,AM,19.53614042670417,4.0178034735408445
2024-02-20,GB,26.274374092904914,-7.6542221143878395
2024-02-20,ID,1.6310932544746166,-23.556587807686007
2024-02-20,LF,13.690536936726085,-3.6479801783989703
2024-02-21,AM,10.304532633253874,1.364119283471635
2024-02-21,GB,24.818158256264496,-8.83975219859698
2024-02-21,ID,3.713909308852992,-22.873436073613604
2024-02-21,LF,13.083311441513166,-5.0171090672656815
2024-02-22,AM,3.758593104484153,0.2688364444991586
2024-02-22,GB,22.3069737754528,-10.623713537916544
2024-02-22,ID,3.393739340889942,-24.32250355496843
2024-02-22,LF,8.553377919606785,-8.746143328917261
2024-02-23,AM,3.619045805040256,-1.6910724262071317
2024-02-23,GB,12.301083794284342,-16.30540307272947
2024-02-23,ID,-7.39395775318525,-26.380074427802167
2024-02-23,LF,-11.630492965411465,-19.3002426150124
2024-02-24,AM,-0.06521133030925216,-5.065101179459192
2024-02-24,GB,18.794372152276058,-15.566414877443288
2024-02-24,ID,1.4042019908431957,-25.2754896139752
2024-02-24,LF,-0.5609501989573313,-18.158755106819388
2024-02-25,AM,2.4186038773238727,-3.1608671066251572
2024-02-25,GB,19.556998108207154,-13.325546222930035
2024-02-25,ID,2.2476219517341853,-24.35078486839555
2024-02-25,LF,1.2429198945735445,-16.770472041652354
2024-02-26,AM,5.802551309022334,-1.4376635927401364
2024-02-26,GB,19.55765040940816,-13.248534745124132
2024-02-26,ID,3.3504842515213844,-23.510165039370886
2024-02-26,LF,-1.0923032759614457,-15.9610947173706
2024-02-27,AM,6.501739467173054,-0.5949413801049089
2024-02-27,GB,19.808667279310157,-15.033203736230847
2024-02-27,ID,3.0402220460268436,-24.23309069666221
2024-02-27,LF,-4.283231306028892,-18.70813429577032
2024-02-28,AM,9.902788811288456,-0.9244352061140592
2024-02-28,GB,20.780261074386857,-17.911492761073607
2024-02-28,ID,2.4207018417323,-25.953521560166084
2024-02-28,LF,-8.014558230271245,-22.7694410984662
2024-02-29,AM,16.99423846087845,0.7765509689039443
2024-02-29,GB,23.45073609006581,-18.614702070499558
2024-02-29,ID,0.3977533756373968,-25.634264115676675
2024-02-29,LF,-2.3426158121785345,-20.973617024405414
2024-03-01,AM,16.7090628828908,4.206185444609886
2024-03-01,GB,16.683807960193047,-18.24253842625802
2024-03-01,ID,-0.27456560560947924,-25.83273812357801
2024-03-01,LF,-7.206635577877307,-19.494580662487227
2024-03-02,AM,20.804032419453094,3.04507775880268
2024-03-02,GB,9.036923780339183,-22.54788080897446
2024-03-02,ID,-6.944134582719517,-29.39757639282244
2024-03-02,LF,-9.106891771172005,-22.265676426385593
2024-03-03,AM,29.341554147085468,4.956451071840054
2024-03-03,GB,10.820745309178976,-23.584532589479053
2024-03-03,ID,2.8514165909867426,-28.66850866956684
2024-03-03,LF,-3.787758057283739,-20.867044114926756
2024-03-04,GB,16.83883318369972,-20.47138079371461
2024-03-04,ID,6.523774625611731,-27.824651864840067
2024-03-04,LF,1.3523443811120721,-17.0682337562787
2024-03-05,AM,17.14266469504962,6.49321103308187
2024-03-05,GB,1.1807627167146448,-22.77997144726828
2024-03-05,ID,-12.140305988815836,-29.765940693602996
2024-03-05,LF,-5.665329032216575,-19.28438955585381
2024-03-06,AM,33.90271844766075,7.003672529856254
2024-03-06,GB,11.35508164670694,-22.374133965813648
2024-03-06,ID,0.5337976309934614,-29.678904566489926
2024-03-06,LF,2.566985915687734,-18.582401769478707
2024-03-07,GB,13.506032107759658,-19.98981725457958
2024-03-07,ID,3.868513421101056,-28.92945568885764
2024-03-07,LF,5.0801816043739665,-15.960815423896559
2024-03-08,AM,24.80190525310698,6.970355480987451
2024-03-08,GB,13.183192701190563,-21.069677324191897
2024-03-08,ID,2.316774834508181,-28.96307721581143
2024-03-08,LF,2.3319379371515523,-16.458711852304575
2024-03-09,AM,16.326661415449852,0.552965584799636
2024-03-09,GB,4.86890405652125,-25.793928351249033
2024-03-09,ID,-6.768468436865383,-31.05973446457745
2024-03-09,LF,-11.603682971916987,-22.910588988082797
2024-03-10,AM,29.44582407279866,8.07885302769314
2024-03-10,GB,9.278530282085532,-20.281691948058654
2024-03-10,ID,3.3332142997743794,-28.939388430198925
2024-03-10,LF,4.279371913766024,-14.64185683488191
2024-03-11,AM,21.20684250600769,6.5801994836959095
2024-03-11,GB,12.665330290096819,-15.013968801696793
2024-03-11,ID,6.794800103790257,-24.403337437502845
2024-03-11,LF,16.474775898465055,-4.751333513415937
2024-03-12,AM,4.346204181236817,-1.931517366151406
2024-03-12,GB,7.95883240849349,-16.812815066785397
2024-03-12,ID,3.915436594639684,-25.789478180226077
2024-03-12,LF,7.133810720215603,-7.45655515519301
2024-03-13,AM,-6.985005099259919,-7.9313858767293395
2024-03-13,GB,8.166260060779107,-18.724125120558483
2024-03-13,ID,-1.41966072020838,-27.84619970850208
2024-03-13,LF,0.09602132206409753,-13.878147044561935
2024-03-14,GB,7.643113747761309,-20.370302146746177
2024-03-14,ID,-1.3664262904431532,-27.210112804895505
2024-03-14,LF,-2.1887775286339144,-17.012272312313137
2024-03-15,GB,3.7015995900963015,-22.833084635265152
2024-03-15,ID,-5.038519364359212,-29.86827321320831
2024-03-15,LF,-7.34087930646145,-21.493427862555784
2024-03-16,GB,-2.0561343062819852,-25.601746159695775
2024-03-16,ID,-10.878820598975176,-30.710065992358082
2024-03-16,LF,-14.31689290734204,-26.87602877927599
2024-03-17,GB,-0.6306820121767935,-25.598124867292398
2024-03-17,ID,-10.537551680081872,-31.58890537920189
2024-03-17,LF,-14.327819732256,-28.787388928361693
2024-03-18,GB,-6.939787236457736,-23.725897587781038
2024-03-18,ID,-17.46431694850722,-31.749578404210663
2024-03-18,LF,-21.715087368457088,-27.57501463424976
2024-03-19,GB,2.721645961592973,-15.9476597533826
2024-03-19,ID,-7.6618573403352075,-25.406657906111136
2024-03-19,LF,-2.898512699875322,-16.780708940703846
2024-03-20,GB,4.253031544358898,-13.699383915059688
2024-03-20,ID,-7.243153500514193,-25.40378851827288
2024-03-20,LF,-3.474413467417801,-13.694045764728557
2024-03-21,GB,7.581588818816255,-15.634638062136048
2024-03-21,ID,-7.774761304921369,-26.207918262312518
2024-03-21,LF,-5.440705557588058,-17.75736247343361
2024-03-22,GB,-11.862337048844479,-21.503962405035494
2024-03-22,LF,-21.99504592505936,-27.9682117451152
2024-03-23,GB,4.5144688014859105,-19.14929135073463
2024-03-23,ID,-14.881025888952832,-29.097183165232156
2024-03-23,LF,-22.798760637277056,-28.999078477020625
2024-03-24,GB,6.963672771471621,-15.271854400069085
2024-03-24,ID,-10.133248243589103,-27.173913024639372
2024-03-24,LF,-12.769853489297754,-20.78436255001948
2024-03-25,GB,10.502458303549862,-15.585012421163785
2024-03-25,ID,-10.067458815927468,-26.848001130014083
2024-03-25,LF,-12.769954319743817,-20.413063263543414
2024-03-26,GB,7.760309241865713,-19.07167075945074
2024-03-26,ID,-14.179779398762625,-30.26472015143439
2024-03-26,LF,-19.293308066374152,-27.299836497136564
2024-03-27,GB,-14.585739642074852,-20.72203526352127
2024-03-27,LF,-29.2623645448529,-31.902460109353882
2024-03-28,GB,1.5277406703505687,-19.632684694527672
2024-03-28,ID,-15.677819648623082,-27.823606928656275
2024-03-28,LF,-23.832992834797345,-30.161697267802154
2024-03-29,GB,2.1274650507202546,-14.606258638858868
2024-03-29,ID,-14.475452976192775,-25.72778602085641
2024-03-29,LF,-14.675099175981634,-21.86951788412328
2024-03-30,GB,2.6827941541960714,-15.75657460175772
2024-03-30,ID,-11.374257549606511,-18.109692988897574
2024-03-30,LF,-16.584665840629686,-22.00022912582548
2024-03-31,GB,4.374190695407782,-16.91158668999009
2024-03-31,LF,-21.206437421092165,-25.943331176161507
2024-04-01,GB,5.949162399743182,-18.78018448270024
2024-04-01,LF,-24.879449833885495,-29.955724310759766
2024-04-02,GB,2.7834325807292704,-20.817365909668716
2024-04-03,GB,-13.390004282086522,-21.174108657040613
2024-04-04,GB,0.7901415257898562,-16.75595215071011
2024-04-05,GB,-0.353458548529402,-16.70562623831912
2024-04-06,GB,-3.105897068040238,-18.450656605399104
2024-04-07,GB,-5.415127114541896,-19.536149583140375
2024-04-08,GB,-4.479087185753589,-21.03983549598839
2024-04-09,GB,-2.8211525557216794,-22.592491425254778
2024-04-10,GB,-4.509912021975171,-24.63986755730136
2024-04-11,GB,-10.44742473893877,-24.48491845215866
2024-04-12,GB,-3.806188563632472,-20.455246960695348
2024-04-13,GB,-4.029829706710579,-18.611006125763282
2024-04-14,GB,-4.98975595512879,-19.101666035589805
2024-04-15,GB,-3.7551315605094207,-20.4706739679745
2024-04-16,GB,-2.6644710560320046,-20.813767258604862
2024-04-17,GB,-1.0486452815590226,-21.061845947135225
2024-04-18,GB,-0.18274513639341952,-22.35937864162599
2024-04-19,GB,-5.898073332421098,-22.395633493766695
2024-04-20,GB,-3.8106887663265527,-22.345979210907593
2024-04-21,GB,-7.200788850676184,-22.964344317121498
2024-04-22,GB,-5.124300144985788,-20.202993606239584
2024-04-23,GB,-4.7371247895819435,-18.38056025715492
2024-04-24,GB,-5.546523916318786,-19.473432813965427
2024-04-25,GB,-5.2824537532352664,-20.638236250381837
2024-04-26,GB,-5.800998902878932,-21.181553544278334
2024-04-27,GB,-6.564488585401061,-19.79024069555424
2024-04-28,GB,-2.9581011956970724,-18.87061831990717
2024-04-29,GB,-1.1355186689191377,-17.979655771325096
2024-04-30,GB,-1.2217911021364245,-17.267731173501637
2024-05-01,GB,5.432145032834099,-16.236930217100085
2024-05-02,GB,5.305752258612324,-15.765146470056646
2024-05-03,GB,5.248823595561087,-16.622580837115613
2024-05-04,GB,0.9230371116474285,-16.11876062232779
2024-05-05,GB,-1.6199755858515539,-15.962956902154882
2024-05-06,GB,3.3404447577357366,-16.92618749641387
2024-05-07,GB,-0.9823414394393245,-18.896209449715663
2024-05-08,GB,-0.10876615770868912,-19.889482363024594
2024-05-09,GB,2.607643822222435,-17.64803072290583
2024-05-10,GB,-4.026955863367271,-15.788619260568217
2024-05-11,GB,1.385941963117979,-14.123079630395793
2024-05-12,GB,0.6942111871328371,-11.892105385913744
2024-05-13,GB,-0.5687167854346562,-10.562937762294256
2024-05-14,GB,3.412149435758993,-13.972481778089445
2024-05-14,ID,-18.0095658846529,-32.69261927364496
2024-05-15,GB,-1.720953123649385,-13.502738770514444
2024-05-16,GB,1.3845723159050864,-12.695384391589014
2024-05-16,ID,-14.92267193715732,-26.516994238487353
2024-05-16,LF,-28.961111206083057,-33.512206846577996
2024-05-17,GB,-0.23716806639784568,-12.574232026878589
2024-05-17,LF,-29.18535477761128,-33.94747635817338
2024-05-18,GB,1.3655300703902362,-13.263392015961394
2024-05-19,GB,0.3456852653068216,-12.854142523319695
2024-05-20,GB,1.8827914277450348,-11.73998649387885
2024-05-21,GB,2.172588923975656,-10.89290414129238
2024-05-22,GB,3.1341168736017626,-11.508032483813158
2024-05-23,GB,5.172955439572183,-11.663569159626476
2024-05-24,GB,4.996456805687205,-12.00529859570457
2024-05-25,GB,1.0298608185464877,-14.35940447609598
2024-05-26,GB,0.7030106600464258,-12.5297765320581
2024-05-27,GB,0.7042812815741364,-11.926563875541724
2024-05-28,GB,1.569707671471272,-13.026715047324107
2024-05-29,GB,3.248887175864749,-11.279361166733345
2024-05-30,GB,5.215580342376076,-9.818510800092463
2024-05-31,GB,6.127926657289306,-9.618891362251295
2024-06-01,GB,7.5631860828688335,-9.68238336374586
2024-06-02,GB,1.4499429160566029,-9.700996580410362
2024-06-03,GB,5.532261003392336,-9.687709690587038
2024-06-04,GB,5.407557491560714,-10.224483235171213
2024-06-05,GB,5.858198087560588,-9.811093751008048
2024-06-06,GB,6.812351833419315,-10.135290604109413
2024-06-07,GB,6.212318251467904,-11.111802791869302
2024-06-08,GB,4.105150772345529,-10.607426411290772
2024-06-09,GB,3.0778332780937374,-9.578333166019002
2024-06-10,GB,5.339397347298938,-8.806154428997797
2024-06-11,AM,-12.741755938828723,-12.65778981487508
2024-06-11,GB,6.157118604059275,-9.240877957415053
2024-06-12,AM,-13.666132005475344,-14.283148097894466
2024-06-12,GB,6.279761111837355,-10.038283493753402
2024-06-13,AM,-13.624156393224435,-14.23669335030414
2024-06-13,GB,7.838135116415378,-9.594718385552978
2024-06-13,ID,-16.677250182505343,-30.71015220269806
2024-06-14,AM,-13.789730375479314,-14.76357836402548
2024-06-14,GB,6.65903452020568,-9.02293680595758
2024-06-14,ID,-16.297356943382557,-32.25049586628188
2024-06-15,AM,-15.505656928360809,-13.730381001804401
2024-06-15,GB,6.929257909253182,-9.332917306839812
2024-06-15,ID,-15.330327774894844,-33.052793071381515
2024-06-15,LF,-25.160078997853788,-32.396187188383514
2024-06-16,AM,-13.906801747581033,-13.672747223076195
2024-06-16,GB,6.040545808360973,-9.363916218027866
2024-06-16,LF,-23.24369116523802,-30.58710015334588
2024-06-17,AM,5.052262638439452,-2.0194913183398686
2024-06-17,GB,8.275003246862177,-8.315879543655901
2024-06-17,LF,-23.031420432737736,-27.61781930880716
2024-06-18,AM,17.194564780484022,14.728827800447634
2024-06-18,GB,8.872866678046755,-8.05409872607042
2024-06-18,LF,-17.612647316371664,-22.841398737080787
2024-06-19,AM,20.504731092279126,17.958781501555297
2024-06-19,GB,8.726834222219235,-8.005819125914204
2024-06-20,AM,23.498993879557883,21.668280289944796
2024-06-20,GB,8.71534009897727,-7.545070223605089
2024-06-21,AM,27.231795292507517,24.701284252162797
2024-06-21,GB,8.252661880929862,-7.345491125551077
2024-06-22,AM,30.326953421267383,26.662141624260023
2024-06-22,GB,6.800446285731652,-6.729042036802637
2024-06-23,AM,32.486725673898576,28.672841557839927
2024-06-23,GB,7.339952334669127,-8.912272649698318
2024-06-24,GB,8.91608637512857,-8.787351153128375
2024-06-25,GB,9.43605169447505,-8.405507818171612
2024-06-26,GB,8.9979316062853,-8.186092156019829
2024-06-27,GB,7.800975874135894,-7.371467966261568
2024-06-28,GB,8.487171375152293,-7.024592671275893
2024-06-29,GB,7.941080225433806,-6.68765248010231
2024-06-30,GB,11.049225136725644,-7.7157760634910915
2024-07-01,GB,7.80984903425351,-9.254645295839795
2024-07-02,GB,10.436300388441621,-9.472582057890442
2024-07-03,GB,9.980748826888716,-9.38850067124957
2024-07-04,GB,10.924658636583493,-9.60208098308411
2024-07-05,GB,7.524507360725465,-9.773044078584341
2024-07-06,GB,6.697384086558924,-9.262063630658202
2024-07-07,GB,5.210386265037282,-8.651724021225766
2024-07-08,GB,6.524920666848863,-9.370026732472974
2024-07-09,GB,13.382003163702048,-8.997830893728771
2024-07-10,GB,10.399384594158755,-9.240516329349337
2024-07-11,GB,11.8662683568266,-9.725295491083088
2024-07-12,GB,7.1238261515094905,-9.676334501694607
2024-07-13,GB,5.418477823116535,-9.639435025447018
2024-07-14,GB,5.341979018046192,-9.398513758928729
2024-07-15,GB,4.0407320349050995,-8.862515627793627
2024-07-16,AM,32.43252119751406,24.850715000433265
2024-07-16,GB,6.926249407330073,-8.520499325617285
2024-07-17,GB,9.547895559248795,-7.945438916889032
2024-07-18,GB,7.292275937517844,-8.099451667527532
2024-07-19,GB,10.965490482954554,-8.128617537159604
2024-07-20,GB,7.240266432882897,-8.936849005013228
2024-07-21,GB,6.953961549776964,-9.251362447805343
2024-07-22,GB,7.093729636271864,-8.730476601792466
2024-07-23,GB,9.915585178351266,-9.201374789816573
2024-07-24,GB,6.541945877090544,-9.852309167871862
2024-07-25,GB,10.729813949728511,-8.992732666757464
