ID,Date,Water_Temp_C,Depth_m,DO_mg_L
GB,1990-08-15T11:19:59Z,23,NA,4.8
GB,1992-11-13T15:17:59Z,21.2,0.3,5.5
GB,1992-12-08T15:09:59Z,22.3,0.5,5.3
GB,1993-06-08T14:46:59Z,22.6,0.5,5.4
GB,1993-07-15T16:11:00Z,22.7,0.5,5.5
GB,1993-08-10T16:32:59Z,22.4,0.45,5.5
GB,1993-09-07T13:56:00Z,22.5,0.4,5.1
GB,1994-06-10T09:49:00Z,22.6,0.5,5.4
GB,1994-07-11T15:24:00Z,22.6,0.5,5.6
GB,1994-08-16T11:14:00Z,22.4,0.55,4.4
GB,1994-09-13T09:58:00Z,22.4,0.5,4.8
GB,1995-06-15T13:43:00Z,22.7,0.5,5.6
GB,1995-07-05T11:06:00Z,22.6,0.5,5.1
GB,1995-08-16T16:52:59Z,22.8,0.5,5.5
GB,1995-09-13T16:05:59Z,22.6,0.6,5.3
GB,1996-06-20T14:06:59Z,22.8,0.55,5.4
GB,1996-07-25T14:57:59Z,22.5,0.62,5.3
GB,1996-08-21T14:10:00Z,22.6,0.5,5.5
GB,1997-06-17T11:28:59Z,22.5,0.55,5.4
GB,1997-07-02T14:28:59Z,22.7,0.5,5.8
GB,1997-08-20T11:10:00Z,22.5,0.5,5.4
GB,1997-08-20T11:12:00Z,22.5,0.5,5.4
GB,1998-04-27T08:30:00Z,22,0.55,4.7
GB,1998-06-02T14:51:59Z,22.5,0.6,5.5
GB,1998-07-22T09:44:00Z,22.3,0.55,5
GB,1998-12-15T13:05:00Z,22.3,0.45,5.3
GB,1999-03-22T14:15:59Z,22.7,0.5,6.6
GB,1999-04-19T09:29:59Z,22.1,0.5,5
GB,1999-06-21T09:22:00Z,22.3,0.5,5.6
GB,1999-11-16T09:20:00Z,22.2,0.5,4.4
GB,2000-05-22T15:35:00Z,22.7,NA,5.7
GB,2000-06-07T13:36:59Z,23.3,NA,7.9
GB,2000-06-14T10:59:59Z,22.5,0.5,5.1
GB,2000-06-30T13:57:00Z,22.7,NA,5.2
GB,2000-08-07T11:46:00Z,22.5,0.7,4.9
GB,2000-11-13T15:47:59Z,22.6,0.4,5.8
GB,2001-06-20T08:10:00Z,22.3,0.5,4
GB,2001-08-15T15:29:59Z,22.8,0.6,5
GB,2001-08-15T15:31:59Z,22.8,0.6,5
GB,2001-08-22T11:24:59Z,22.8,0.5,6.2
GB,2001-10-25T16:25:59Z,22.6,0.45,4.7
GB,2001-11-20T15:27:00Z,22.4,0.5,4.9
GB,2001-12-11T15:02:59Z,22.5,0.55,5.5
GB,2002-01-16T17:19:59Z,22.2,0.25,4.4
GB,2002-02-19T15:33:00Z,22.6,0.4,6
GB,2002-03-11T17:10:00Z,22.5,0.3,5
GB,2002-04-11T16:29:00Z,22.6,0.55,5.4
GB,2002-05-13T16:29:00Z,22.7,0.5,5
GB,2002-06-19T16:36:59Z,21.7,0.55,5.5
GB,2002-06-19T16:39:00Z,21.7,0.55,5.5
GB,2002-07-11T16:59:59Z,22.7,0.5,5.6
GB,2002-08-26T10:23:00Z,22.5,0.5,4.6
GB,2002-08-26T10:25:00Z,22.5,0.5,4.6
GB,2002-09-12T16:50:00Z,22.6,0.5,5.4
GB,2002-10-30T15:27:59Z,22.3,0.5,5.5
GB,2002-11-20T14:26:00Z,22.8,0.5,5.7
GB,2002-12-10T09:20:59Z,22.1,0.5,4.8
GB,2002-12-10T09:22:59Z,22.1,0.5,4.8
GB,2003-01-14T16:00:00Z,22.3,0.47,4.7
GB,2003-02-24T15:42:00Z,22.6,0.37,5.1
GB,2003-03-10T15:54:00Z,22.5,3.5,3
GB,2003-04-09T16:14:59Z,22.4,0.35,4.9
GB,2003-05-22T10:39:59Z,22.2,0.25,4.1
GB,2003-06-23T11:32:59Z,21.8,0.6,5.5
GB,2003-07-01T09:45:59Z,22.3,0.5,4.2
GB,2003-08-25T09:33:00Z,22.5,0.6,4
GB,2003-09-08T15:09:59Z,22.8,0.55,5.1
GB,2003-10-09T10:14:59Z,22.5,0.5,6.7
GB,2003-10-09T10:16:59Z,22.5,0.5,6.7
GB,2003-11-24T16:00:00Z,22.4,3,4.7
GB,2003-12-18T11:39:59Z,22,0.25,5.5
GB,2004-01-07T11:35:00Z,21.8,0.3,6.2
GB,2004-02-23T09:45:00Z,22,0.25,5.6
GB,2004-03-04T10:50:59Z,22.5,0.37,5.5
GB,2004-04-19T10:25:00Z,22,0.25,5.6
GB,2004-04-19T10:27:00Z,22,0.25,5.6
GB,2004-05-13T16:32:00Z,22.8,0.37,6.5
GB,2004-06-21T08:19:59Z,22.4,0.5,4.5
GB,2004-07-14T13:45:59Z,23.1,0.42,6
GB,2004-08-23T08:35:00Z,22.4,0.5,5.1
GB,2004-10-19T10:48:59Z,22.3,3.52,4.5
GB,2004-10-19T10:50:59Z,22.3,3.52,4.5
GB,2004-11-01T13:18:00Z,22.6,0.62,4.9
GB,2004-12-20T08:35:00Z,21.2,0.25,6.6
GB,2005-01-11T08:51:59Z,22.3,0.5,4.9
GB,2005-02-23T13:27:00Z,22.5,0.4,5.6
GB,2005-03-03T16:21:59Z,22.2,0.5,5.1
GB,2005-05-12T09:08:00Z,22.3,0.55,5.3
GB,2005-05-12T09:09:59Z,22.3,0.55,5.3
GB,2005-06-21T12:26:00Z,22.5,0.8,5
GB,2005-07-06T12:49:59Z,22.7,0.7,5.2
GB,2005-08-08T12:11:59Z,22.5,0.6,4.9
GB,2005-09-15T10:23:59Z,22.4,0.42,5.2
GB,2005-10-12T09:04:59Z,22.4,0.5,4.9
GB,2005-10-12T09:06:59Z,22.4,0.5,4.9
GB,2005-11-10T15:27:59Z,22.5,0.37,5.4
GB,2006-01-05T11:21:59Z,22.4,0.75,5
GB,2006-02-07T09:36:59Z,22.2,0.6,4.8
GB,2006-03-14T08:24:59Z,22.3,0.5,5
GB,2006-04-05T13:21:59Z,22.6,0.4,5.4
GB,2006-05-16T14:48:00Z,22.4,0.4,5.6
GB,2006-06-26T09:02:00Z,22.4,0.45,5.2
GB,2006-07-20T10:18:00Z,22.5,0.4,5.2
GB,2006-07-20T10:20:00Z,22.5,0.4,5.2
GB,2006-08-08T10:59:59Z,22.5,0.4,5.4
GB,2006-09-25T11:21:59Z,22.6,0.4,6
GB,2006-10-18T09:00:00Z,22.4,0.4,5
GB,2006-10-18T09:02:00Z,22.4,0.4,5
GB,2006-11-20T14:06:59Z,22,0.45,6.5
GB,2006-12-18T12:27:00Z,22.4,0.4,6.3
GB,2007-01-15T10:30:00Z,22.3,2.75,6.2
GB,2007-02-21T09:31:59Z,22.3,2.75,5.3
GB,2007-02-21T09:33:59Z,22.3,2.75,5.3
GB,2007-03-06T14:46:00Z,22.8,0.4,7.5
GB,2007-03-06T14:48:00Z,22.8,0.4,7.5
GB,2007-04-04T10:54:59Z,22.5,0.45,5.4
GB,2007-05-02T09:40:59Z,22.4,0.5,5.6
GB,2007-06-20T09:31:00Z,22.5,0.42,5.2
GB,2007-06-20T09:33:00Z,22.5,0.42,5.2
GB,2007-07-10T10:03:59Z,22.4,0.5,4.5
GB,2007-08-02T13:30:59Z,23,0.45,6.3
GB,2007-09-19T09:00:00Z,22.5,0.45,4.8
GB,2007-10-25T14:42:00Z,22.7,0.2,6.5
GB,2007-11-30T11:17:59Z,22.5,0.2,5.6
GB,2007-12-11T16:32:00Z,22.6,0.2,6.1
GB,2008-01-29T12:49:00Z,22.5,0.3,4.9
GB,2008-02-25T13:59:00Z,22.8,0.3,6.1
GB,2008-03-20T09:24:59Z,22.3,0.3,5.3
GB,2008-04-15T14:21:00Z,22.7,0.3,6.1
GB,2008-05-14T10:30:59Z,22.5,0.3,4.7
GB,2008-06-16T13:18:00Z,23.4,0.3,5.6
GB,2008-07-14T12:49:00Z,22.7,0.3,5
GB,2008-08-06T15:31:00Z,22.8,0.3,5.2
GB,2008-09-10T10:59:00Z,22.4,0.3,4.4
GB,2008-10-07T14:55:00Z,22.4,0.3,5.8
GB,2008-11-17T11:30:00Z,22.4,0.3,4.8
GB,2008-11-17T11:32:00Z,22.4,0.3,4.8
GB,2008-12-03T08:44:59Z,21.8,0.3,5.4
GB,2009-01-19T11:26:00Z,22.3,0.3,5.7
GB,2009-02-16T15:02:59Z,22.4,0.3,4.4
GB,2009-03-17T14:26:59Z,22.4,0.3,5.1
GB,2009-04-02T11:37:00Z,22.4,0.3,4.6
GB,2009-05-12T10:05:59Z,22.5,0.3,5
GB,2009-06-01T11:30:00Z,22.6,0.3,5.3
GB,2009-07-23T11:15:00Z,22.5,0.3,4.8
GB,2009-08-12T14:39:59Z,22.9,0.3,4.9
GB,2009-09-29T10:00:00Z,22.5,0.3,4.7
GB,2009-10-19T10:29:00Z,22.3,0.3,4.1
GB,2009-11-04T09:15:59Z,22.3,0.3,5
GB,2009-12-21T13:54:00Z,22.3,0.3,6.1
GB,2010-01-19T10:56:00Z,22.4,0.3,5.2
GB,2010-01-19T10:59:00Z,22.4,0.3,5.2
GB,2010-02-04T11:23:00Z,22.3,0.3,5
GB,2010-03-09T13:56:00Z,22.1,0.3,4
GB,2010-04-29T13:21:00Z,22.8,0.3,3.7
GB,2010-05-17T14:10:59Z,22.6,0.3,5.3
GB,2010-06-01T12:40:59Z,22.6,0.3,4.8
GB,2010-07-14T11:01:00Z,22.5,0.3,4.6
GB,2010-07-14T11:03:00Z,22.5,0.3,4.6
GB,2010-08-11T14:24:59Z,22.6,0.3,4.6
GB,2010-09-23T09:09:59Z,22.4,0.3,4.3
GB,2010-11-15T12:15:00Z,22.6,2.45,4.7
GB,2011-02-08T14:24:59Z,22.4,0.3,10.6
GB,2011-05-16T16:05:00Z,22.8,0.3,5.5
GB,2011-08-08T08:39:59Z,22.5,0.3,4.8
GB,2011-11-14T13:14:59Z,23,0.2,8.2
GB,2012-01-19T11:30:00Z,22.2,0.3,6.3
GB,2012-05-14T11:50:00Z,22.8,0.3,5.1
GB,2012-07-24T16:25:00Z,22.8,0.3,4.2
GB,2012-11-27T12:24:59Z,22.6,0.3,5.2
GB,2013-01-15T10:03:59Z,22.4,0.3,4.6
GB,2013-05-20T15:22:59Z,22.6,0.3,4.6
GB,2013-07-11T14:14:00Z,22.7,0.3,6.7
GB,2013-11-22T15:06:00Z,22.6,0.3,5.1
GB,2014-06-12T14:39:59Z,22.44,0.3,4.69
GB,2014-08-14T09:49:59Z,22.45,0.3,4.54
GB,2014-11-06T10:30:00Z,22.52,0.3,4.29
GB,2015-01-19T13:00:59Z,22.58,0.3,5.26
GB,2015-04-14T13:25:00Z,22.85,0.3,5.06
GB,2015-07-28T12:29:59Z,22.67,0.3,5.03
GB,2015-10-21T10:45:00Z,22.54,0.3,4.76
GB,2016-01-12T11:39:59Z,22.46,0.3,5.68
GB,2016-04-20T14:44:59Z,22.9,0.3,5.38
GB,2016-07-12T13:09:59Z,22.8,0.3,4.76
GB,2016-10-26T11:51:00Z,22.7,0.3,4.87
GB,2017-01-18T12:54:00Z,22.5,0.3,4.16
GB,2017-04-13T10:43:00Z,22.7,0.3,4.4
GB,2017-07-19T10:25:00Z,22.9,0.3,4.3
GB,2020-10-21T11:10:59Z,22.9,0.3,5.45
GB,2021-01-19T11:15:59Z,22.5,0.3,5.05
GB,2021-04-28T10:05:00Z,22.6,0.3,4.62
GB,2021-07-28T09:24:59Z,22.6,0.3,3.6
GB,2021-10-20T11:12:00Z,22.8,0.3,4.89
GB,2022-01-19T11:01:00Z,22.7,0.3,6.19
GB,2022-04-20T11:28:00Z,22.9,0.3,4.98
GB,2022-07-13T11:26:00Z,22.6,0.3,4.74
GB,2022-10-11T10:52:00Z,22.6,0.3,3.6
GB,2023-01-18T12:29:59Z,22.7,0.3,4.59
GB,2023-04-19T11:08:59Z,22.8,0.3,5.95
GB,2023-07-13T11:53:59Z,22.9,0.3,4.59
GB,2023-07-17T11:24:59Z,22.72,0.3,4.46
GB,2023-10-19T08:50:00Z,22.6,0.3,3.03
GB,2024-01-24T13:54:59Z,22.8,0.3,4.44
GB,2024-04-18T10:50:00Z,22.6,0.3,5.56
GB,2024-07-11T11:23:00Z,22.8,0.3,3.93
GB,2024-11-11T13:57:59Z,22.8,0.3,4.37
GB,2025-02-10T13:52:59Z,22.8,0.3,4.04
GB,2025-04-24T10:30:00Z,22.76,0.3,5.14
GB,2025-05-12T12:04:59Z,22.8,0.3,5.02
GB,2025-08-13T14:12:59Z,22.9,0.3,4.49
GB,2025-11-24T13:32:59Z,22.5,0.3,3.11
GB,2026-02-10T09:17:00Z,22.2,0.3,4
GB,2026-05-13T12:33:59Z,22.7,0.3,4.39
LF,1997-08-18T14:08:59Z,22.2,0.25,2.4
LF,2019-02-14T13:50:00Z,22.74,0.2,2.57
LF,2021-11-08T08:50:00Z,22.6,0.3,4.73
LF,2022-02-22T14:37:00Z,22.8,0.3,2.18
LF,2022-05-24T13:38:00Z,22.7,0.3,2.12
LF,2022-08-16T14:55:00Z,22.9,0.3,1.96
LF,2022-11-15T10:43:00Z,22.8,0.3,1.97
LF,2023-02-07T11:01:00Z,22.8,0.3,2.44
LF,2023-05-23T11:08:59Z,22.9,0.3,2
LF,2023-08-15T11:01:00Z,22.9,0.3,1.83
LF,2023-11-07T08:55:59Z,22.9,0.3,1.76
LF,2024-02-13T13:47:00Z,22.8,0.3,1.74
LF,2024-05-14T10:18:00Z,22.8,0.3,1.6
LF,2024-08-13T11:59:00Z,27.7,0.6,1.8
LF,2024-11-13T14:28:59Z,22.9,0.3,1.79
LF,2025-02-12T13:12:59Z,23,0.3,1.37
LF,2025-05-27T13:54:59Z,23,0.3,1.68
LF,2025-08-14T09:09:00Z,22.8,0.3,2.02
LF,2025-11-13T10:34:59Z,21.9,0.3,2.65
LF,2026-02-19T15:33:59Z,23.4,0.3,5.62
LF,2026-05-20T10:45:59Z,22.6,0.2,1.34
