ID,method,n_days,median_ER_two,median_ER_one,ER_gap,median_GPP_two,median_GPP_one
AM,M7_breakpoint_domain,231,-7.103090622243841,-9.479614304193529,2.3765236819496875,14.529378672255024,3.3163229143379254
AM,static_site_median,145,-10.92618591945669,-13.474543214385339,2.548357294928648,20.693107517703474,4.254410967249517
AM,M6_breakpoint_stat,235,-6.480717289382739,-9.50013137443186,3.01941408504912,15.015494235341384,3.2631359752836255
AM,M8_hybrid_calibrated,217,-5.85437398723257,-9.125926755762148,3.2715527685295775,14.429357950492081,3.009956015734679
GB,static_site_median,561,-10.041109384707534,-19.048866965298437,9.007757580590903,12.538988599446583,2.7982453536283094
GB,M6_breakpoint_stat,577,-9.10869628982925,-19.28826555028776,10.17956926045851,12.859304923631667,2.8482263966377643
GB,M8_hybrid_calibrated,555,-8.628226964020223,-19.12808718189388,10.499860217873655,12.915717685677075,2.8430308397322586
GB,M7_breakpoint_domain,581,-8.35692569636357,-19.356473108615457,10.999547412251887,12.976106555074155,2.8601842376458606
ID,static_site_median,405,-14.71569947695413,-19.965996801923826,5.250297324969695,12.490554434678813,8.200217273370306
ID,M6_breakpoint_stat,415,-14.337812086768672,-19.799356311199432,5.46154422443076,12.10040857383786,8.26566828414813
ID,M8_hybrid_calibrated,478,-12.192717233351516,-18.37966626797276,6.186949034621243,11.898050920478514,8.514340187902961
ID,M7_breakpoint_domain,435,-13.086072693427365,-19.275884920922245,6.18981222749488,12.233345603820752,8.39979769951249
LF,static_site_median,312,-7.197167577152001,-18.812280729173267,11.615113152021266,17.962477553352983,4.137729193419702
LF,M6_breakpoint_stat,342,-4.6777539198777305,-20.65066473438907,15.97291081451134,17.309128606708878,4.66636752262969
LF,M7_breakpoint_domain,301,-3.577030656016366,-21.498923983907346,17.92189332789098,16.614831291010123,4.556091774094584
LF,M8_hybrid_calibrated,302,-2.3320682092363336,-20.767496398207545,18.435428188971212,16.317820159856666,4.3232599622995425
