date,GPP,ER,depth,k600_source
2022-05-23,15.822431941633214,-11.339931487261854,0.5350429664657232,constant_mean
2022-05-24,16.38426129714339,-11.388181170289602,0.5378940929103845,constant_mean
2022-05-25,13.448181476292124,-12.272363821983898,0.5337509860561239,constant_mean
2022-05-26,12.287497855069589,-12.042652379390073,0.5287518365287117,constant_mean
2022-05-27,11.860284192639652,-10.943526757069584,0.5257792900678927,constant_mean
2022-05-28,12.171943972386897,-10.178651893568375,0.5220281787413363,constant_mean
2022-05-29,13.493808753696413,-9.799781232082536,0.517388629828796,constant_mean
2022-05-30,15.84796761038634,-8.734869222020741,0.512841544074592,constant_mean
2022-06-30,13.983642407642508,-8.247792432231257,0.47059766934818426,constant_mean
2022-07-01,14.409254968246268,-9.129600317048396,0.4725656646164016,constant_mean
2022-07-02,10.049900941268362,-9.08396320779826,0.4732880284762568,constant_mean
2022-07-03,6.85934174053828,-8.279948113760703,0.47405923491320967,constant_mean
2022-07-04,14.944374322197557,-8.188572506568207,0.4759824440786277,constant_mean
2022-07-05,14.615838657190803,-8.91297617680548,0.47908988620707177,constant_mean
2022-07-06,12.863386137238798,-8.100460680570261,0.48567879654237806,constant_mean
2022-07-07,17.7505781452612,-8.696966133297586,0.4943573232985006,constant_mean
2022-07-08,13.559399043232009,-9.371829883351811,0.4980399434464034,constant_mean
2022-07-09,14.70754143453303,-8.889839212816138,0.49581796334706996,constant_mean
2022-07-10,6.549126134636462,-9.724100278048304,0.49281224100375776,constant_mean
2022-07-11,8.343010816550336,-9.312601266879229,0.4934157730607556,constant_mean
2022-07-12,11.250368012005746,-9.791232204694001,0.49901911782301006,constant_mean
2022-07-13,10.432219599264075,-9.373341345573317,0.505965809458636,constant_mean
2022-07-14,12.897011190290574,-9.947691491023468,0.5100196774173992,constant_mean
2022-07-15,12.7926620915607,-9.013445024498639,0.5116048124742577,constant_mean
2022-07-16,11.297174226838349,-10.359599295134466,0.5118797548414126,constant_mean
2022-07-17,12.008458283654377,-9.676220095868079,0.5112270514790044,constant_mean
2022-07-18,5.81602665996887,-9.108465078255099,0.5098721480933421,constant_mean
2022-07-19,5.295851409467563,-9.984845501923132,0.5081490974306229,constant_mean
2022-07-20,9.420086113605576,-9.92295465181091,0.5078098141759191,constant_mean
2022-07-21,10.155517364268364,-9.435932299871533,0.5094129982855048,constant_mean
2022-07-22,8.733709233425419,-10.621449858951038,0.5107326594015164,constant_mean
2022-07-23,10.905395228594664,-10.214611369348331,0.5121222607040449,constant_mean
2022-07-24,12.558405747567054,-9.631328745409933,0.5173661585334396,constant_mean
2022-07-25,12.431580894172628,-10.331217048772139,0.5277030102306247,constant_mean
2022-07-26,10.052199056040616,-11.212708545395717,0.5426222772206193,constant_mean
2022-07-27,10.21910284150682,-12.37134085743521,0.5696640410918796,constant_mean
2022-07-28,7.259103297530109,-13.731302603470677,0.6048300951310628,constant_mean
2022-07-29,6.9424355185224575,-15.239993496930538,0.6201186399400316,constant_mean
2022-07-30,7.633255092287457,-14.15219669432737,0.6092071023187327,constant_mean
2022-07-31,8.450581502118627,-14.085276908269998,0.5926403334180579,constant_mean
2022-08-01,6.738682323091547,-12.324732170819956,0.5802953069478357,constant_mean
2022-08-02,9.194395895313727,-13.369866351446953,0.5694561160824296,constant_mean
2022-08-03,12.947562014121871,-11.789618588635063,0.5579716775254872,constant_mean
2022-08-04,11.234800355385918,-12.480890186286667,0.5483513615378363,constant_mean
2022-08-05,12.859461482882521,-11.818085680002135,0.5424648022314081,constant_mean
2022-08-07,12.541547178017058,-12.022071865374782,0.5394410807824378,constant_mean
2022-08-08,13.40170677635315,-12.582876770144518,0.5373574462938046,constant_mean
2022-08-09,7.236677594662884,-11.546711126903563,0.5344514895847384,constant_mean
2022-08-10,11.581419277460975,-10.660865223938368,0.5336855729795484,constant_mean
2022-08-11,7.696377630517511,-10.492237505895638,0.533001354788061,constant_mean
2022-08-12,13.808312967011108,-10.699788616094532,0.5298022276865852,constant_mean
2022-08-13,6.313273224645062,-10.740511391790166,0.5239128349203489,constant_mean
2022-08-14,11.32150806636421,-11.3960261268496,0.5214459952008036,constant_mean
2022-08-15,14.551804654219168,-10.249808123726037,0.522669761936244,constant_mean
2022-08-16,11.500906222363808,-10.025749114315284,0.5204273977065764,constant_mean
2022-08-17,14.157212250299173,-10.409552889084928,0.5161650880730058,constant_mean
2022-08-18,9.534244030157426,-10.050167513417216,0.514541807132141,constant_mean
2022-08-19,9.577469986848731,-9.565932711702867,0.5147658153946612,constant_mean
2022-08-20,10.197163522806257,-9.222048537776217,0.5158762135940388,constant_mean
2022-08-21,7.893804111442106,-10.400402529976285,0.5189916060050628,constant_mean
2022-08-22,10.967938364364269,-10.464343056305877,0.5215014791967263,constant_mean
2022-08-23,8.720560260020191,-10.850261292290394,0.5198089676016863,constant_mean
2022-08-24,8.804488155826729,-9.043290636596339,0.5163612035143208,constant_mean
2022-08-25,9.735689932433834,-10.66846555536465,0.5180864854779963,constant_mean
2022-08-26,7.147493255412844,-11.653967819300941,0.5423424585641005,constant_mean
2022-08-27,4.038648067862661,-13.52316236512675,0.5891795642939975,constant_mean
2022-10-04,2.679309733911432,-10.876797566589616,0.6328893951161444,constant_mean
2022-10-05,3.545263820620911,-9.885838540710724,0.6252803909234818,constant_mean
2022-10-06,2.721222315061433,-11.119852308354163,0.6169757055390959,constant_mean
2022-10-07,2.662516172509459,-11.598066161726209,0.6078012295247451,constant_mean
2022-10-08,3.7704860355870915,-11.095418848728524,0.5960566168863513,constant_mean
2022-10-09,5.191533722125932,-10.707758664859828,0.5873936136268971,constant_mean
2022-10-10,3.9575054018545233,-12.017502208425363,0.6229670720278754,constant_mean
2022-10-12,5.366845499603794,-15.183805832329288,0.6307113126486614,constant_mean
2022-10-14,6.1598026633081275,-12.39827822058925,0.6234312381895991,constant_mean
2022-10-15,6.436780845573583,-9.924187468460325,0.6141369444542768,constant_mean
2022-10-16,5.796994761754624,-10.051121182589593,0.606883412260617,constant_mean
2022-10-17,4.353051031432585,-11.819860952586401,0.6030113292675928,constant_mean
2022-10-18,9.298120475556592,-9.886156866521738,0.6032271138237149,constant_mean
2022-10-19,11.554868035792328,-3.606126923724033,0.5952525985560682,constant_mean
2022-10-20,9.212853838279099,-3.4008654881641105,0.5899541124798297,constant_mean
2022-10-21,9.251154003731543,-3.545572176454174,0.5865320511865244,constant_mean
2022-10-22,10.557907200185687,-4.029267821739208,0.5807301778170266,constant_mean
2022-10-23,9.841816917293007,-5.170539850572236,0.5747414891842447,constant_mean
2022-10-24,10.524224325708483,-6.231732614211873,0.5698808836552096,constant_mean
2022-10-25,9.499725826109785,-7.459971197331464,0.5691419314373277,constant_mean
2022-10-26,8.8881088428894,-9.394592869816275,0.5661061986902671,constant_mean
2022-10-27,11.515678671832804,-8.337672452568661,0.5627961791235385,constant_mean
2022-10-28,14.26155877950767,-9.817001554382738,0.5572301938790121,constant_mean
2022-11-07,15.024543594095631,-4.904798685039538,0.5355580688143977,constant_mean
2022-11-08,13.278750143604412,-2.4233395484168874,0.5318792991345153,constant_mean
2022-11-09,19.4257726193404,-1.4948384040970164,0.5348002668787804,constant_mean
2022-11-10,3.4513017799428916,-6.081352899103014,0.5416703621063005,constant_mean
2022-11-11,12.324499545084556,-7.689712643345275,0.5394870192888335,constant_mean
2022-11-12,14.57830003675131,-5.2012709577627545,0.5397900870644619,constant_mean
2022-11-13,11.060621162478515,-4.98243236258387,0.5474618899918411,constant_mean
2022-11-14,11.03553074131428,-5.319700491531112,0.5521234649313784,constant_mean
2022-11-15,9.347602978619626,-6.743640286231791,0.5553291873725162,constant_mean
2022-11-16,15.528688324860157,-6.029213726053138,0.5577300485947599,constant_mean
2022-11-17,9.217056317482967,-0.5788958821591071,0.5588607120896838,constant_mean
2022-11-19,9.53012257614325,-1.6568283814405638,0.5565597355520715,constant_mean
2022-11-20,6.947191430075723,-1.2202112976947384,0.5542164772723751,constant_mean
2022-11-21,10.292414891373504,-3.8328989996413774,0.5500489941711646,constant_mean
2022-11-22,14.680436493138975,-3.641796601271322,0.5476320633661624,constant_mean
2022-11-23,15.596064313344943,-4.336910374632379,0.5468559531685663,constant_mean
2022-11-24,13.155654801668307,-5.9531805107809,0.5447494892286031,constant_mean
2022-11-25,13.465625370205833,-7.161226869907995,0.5411074855482388,constant_mean
2022-11-26,11.518072628100457,-6.7763177697334385,0.5382063969509899,constant_mean
2022-11-27,12.111513277048854,-5.0206236224888565,0.5387426075786144,constant_mean
2022-11-28,8.57433575016028,-2.923953598971786,0.5360116300875469,constant_mean
2022-11-29,10.853285880993061,-3.41469388169389,0.532552399569301,constant_mean
2022-11-30,12.479356273838837,-3.715500338643617,0.5332211623809239,constant_mean
2022-12-01,10.54534379327917,-1.9596829267931128,0.5317100761148934,constant_mean
2022-12-02,10.256333457877492,-2.0235983910554123,0.529370549368219,constant_mean
2022-12-03,9.452558440670447,-1.945236395217941,0.5296627224508657,constant_mean
2022-12-04,15.99370250504359,-3.074876005355496,0.530902182105987,constant_mean
2022-12-05,14.509643218651991,-4.512499859491558,0.5291932974071122,constant_mean
2022-12-06,15.037680579651083,-3.232690669248389,0.5263438668994421,constant_mean
2022-12-07,12.454489718591919,-1.8288120880898011,0.5251140117668981,constant_mean
2022-12-08,10.503432344878176,-2.142662334215821,0.5247798580765763,constant_mean
2022-12-09,13.269563765875564,-1.1147758506688406,0.5236191885252922,constant_mean
2022-12-10,12.43282331863235,-2.2492466867016354,0.5214836607022887,constant_mean
2022-12-11,12.52580578766903,-1.6053649019558107,0.5211196746487997,constant_mean
2022-12-12,11.561494128480348,-1.739437769641097,0.5199957307101493,constant_mean
2022-12-13,9.458820670796278,-0.6328543421012585,0.5180204714314492,constant_mean
2022-12-14,10.496597380211126,-3.0806252510806584,0.5173002876052893,constant_mean
2022-12-15,8.303556614293791,-3.8987002181336745,0.5175358845682846,constant_mean
2022-12-23,16.322918299647434,-0.5793512658333823,0.5114528476165298,constant_mean
2022-12-30,12.41252142241695,-1.005002826568048,0.5019011256715994,constant_mean
2022-12-31,7.100857705692582,-1.1213672955377074,0.5009483303783091,constant_mean
2023-01-01,9.544154465357332,-2.0798860715854417,0.49986562233621684,constant_mean
2023-01-02,11.054415634391958,-1.5421168361817412,0.4983337273544363,constant_mean
2023-01-06,8.114400047212719,-10.14591505857206,0.5027028616108751,constant_mean
2023-01-07,6.621057789378849,-10.00455119138045,0.5032427603008082,constant_mean
2023-01-10,8.876132990041262,-13.80383906683226,0.5048411269483243,constant_mean
2023-01-11,6.489086092085306,-13.455436431099237,0.5022306716297602,constant_mean
2023-01-13,5.692627288020238,-17.826774916423044,0.5063942932118778,constant_mean
2023-01-14,12.063812832112008,-3.0742727722276553,0.5038998441255255,constant_mean
2023-01-15,14.316868059702285,-5.279687014381346,0.5025972658112176,constant_mean
2023-01-16,7.590555585525106,-9.4041051589489,0.503396461698851,constant_mean
2023-01-17,8.42377351499762,-10.431688017528185,0.5017057361895692,constant_mean
2023-01-18,11.002914584879656,-3.315536672059684,0.49763202358875286,constant_mean
2023-01-19,11.195245999217432,-7.420355035957435,0.4955313084518086,constant_mean
2023-01-20,14.105287428483413,-2.637442295239568,0.49587128590705437,constant_mean
2023-01-22,10.925317238708564,-6.404171849890861,0.49702350272571294,constant_mean
2023-01-23,19.267315877051292,-1.9504874769849596,0.49498101321581145,constant_mean
2023-01-25,13.37302575726547,-3.7414992970683842,0.4974581202168589,constant_mean
2023-01-26,21.323847505058424,-1.7110284820299295,0.4972686626824985,constant_mean
2023-01-29,12.761477521750209,-6.532547895105254,0.49472320436633926,constant_mean
2023-01-30,17.00727181998694,-4.346009508770464,0.49541545939129533,constant_mean
2023-01-31,20.649945939137623,-4.492590293763551,0.49453355141261,constant_mean
2023-02-01,20.631321125464105,-1.840951698220059,0.4924430234037507,constant_mean
2023-02-02,14.22378972949297,-4.6494532882743576,0.49202461965631206,constant_mean
2023-02-03,20.360283548999384,-6.8378614694168816,0.49282245602377667,constant_mean
2023-02-05,16.218669359725393,-1.1717337913665773,0.4942997234759536,constant_mean
2023-02-07,16.79061960895623,-0.702763535866028,0.49021984048003786,constant_mean
2023-02-08,15.429666335622292,-2.4153561484897543,0.4683963282027264,constant_mean
2023-02-09,13.87521764737686,-4.492293048047277,0.4546288086783383,constant_mean
2023-02-10,20.109444901995474,-6.73250567888898,0.45718061325689924,constant_mean
2023-02-11,7.833213361234497,-6.002104854612653,0.4537159447640483,constant_mean
2023-02-12,18.89006292269084,-3.3062761578090316,0.4600858705979011,constant_mean
2023-02-13,17.357423257879947,-1.0685144483490738,0.46755379353924437,constant_mean
2023-02-14,15.225272452120997,-2.7476077389885987,0.4707764258373441,constant_mean
2023-02-15,13.281516397648634,-6.364722516491829,0.47305888180167743,constant_mean
2023-02-16,18.915924498880837,-5.7906510270774785,0.47459552818051576,constant_mean
2023-02-17,15.903617047120667,-5.856964550983704,0.4834462999168165,constant_mean
2023-02-18,18.715332645592362,-0.022868746698915032,0.4888163151759652,constant_mean
2023-02-19,17.107183410866902,-5.683392249511691,0.48898604782624094,constant_mean
2023-02-20,17.11348744377956,-4.921844106462054,0.49067522305187367,constant_mean
2023-02-21,24.73128523135047,-6.492581300691975,0.4885645309454592,constant_mean
2023-02-22,23.552465420670714,-8.625625273768911,0.48450840930116884,constant_mean
2023-02-23,20.24522238733907,-6.436400746442703,0.48240708897012935,constant_mean
2023-02-24,22.082630611220566,-8.604712260474372,0.4816657572309825,constant_mean
2023-02-25,24.523682420700688,-5.907107496523484,0.4818356179042678,constant_mean
2023-03-03,8.646674334580412,-20.16196689322971,0.4749662629616408,constant_mean
2023-03-05,9.403024614488542,-18.357746669987996,0.47152004671912895,constant_mean
2023-03-06,12.648982575506684,-15.962444936218498,0.47161919922388856,constant_mean
2023-03-07,8.203052562879353,-18.27043116686404,0.47139216392816746,constant_mean
2023-03-08,15.268620698741195,-13.307982918927882,0.46847964488599997,constant_mean
2023-03-09,10.91745706426759,-9.956325689493763,0.4684952480509687,constant_mean
2023-03-10,8.564378199046171,-13.215233710963108,0.47067802099407574,constant_mean
2023-03-11,9.749533166319031,-11.852605698621607,0.4694173856191025,constant_mean
2023-03-12,6.791486930439204,-17.766327635800657,0.4691386147301942,constant_mean
2023-03-14,14.847400734594869,-5.908719464134424,0.4779897093821632,constant_mean
2023-03-15,17.184042708105718,-1.142263717306447,0.48930401412888913,constant_mean
2023-03-16,11.640304036829871,-3.6825351203299386,0.5040498904451391,constant_mean
2023-03-17,12.619977775648492,-5.954854862587444,0.5172541055314529,constant_mean
2023-03-18,4.224075559806822,-9.501724459175486,0.5256486227906817,constant_mean
2023-03-19,16.32865168897439,-2.016192071529226,0.5265501747587858,constant_mean
2023-03-20,11.736025423851222,-1.0029430958377028,0.526087022613912,constant_mean
2023-03-21,12.388104301490472,-6.434529668305927,0.5250732312554315,constant_mean
2023-03-22,14.378163946927181,-7.31145162543196,0.5229724774708382,constant_mean
2023-03-23,12.391602112533702,-7.0598637152238854,0.5110024858622843,constant_mean
2023-03-24,11.686045226388092,-6.8703776195469075,0.4978840242094999,constant_mean
2023-03-25,12.950698708552547,-9.536274399574564,0.4904250893860393,constant_mean
2023-03-26,14.34255627997754,-10.286131577006218,0.481771644168075,constant_mean
2023-03-27,16.944210604223198,-8.34517090008226,0.47582734014833583,constant_mean
2023-03-28,20.553355349610317,-7.77627810389106,0.4735481216518959,constant_mean
2023-03-29,21.875151486641894,-3.6157083464922977,0.46786626373638934,constant_mean
2023-03-30,13.016984866166588,-2.603452765173466,0.46006105491324123,constant_mean
2023-03-31,12.258982510484195,-4.97565221170852,0.4574054470161167,constant_mean
2023-04-01,14.45617338008638,-5.185688481184897,0.4574887855327787,constant_mean
2023-04-02,15.559985113255378,-5.373626149853926,0.45701101823895895,constant_mean
2023-04-03,14.811016538086077,-1.361490220280987,0.453462851620772,constant_mean
2023-04-04,13.083760648583905,-4.7178011349520315,0.4486980760851231,constant_mean
2023-04-05,14.456989907793853,-4.800136725695714,0.444788669479172,constant_mean
2023-04-06,17.11989289688702,-5.593024355413044,0.442090711381724,constant_mean
2023-04-07,18.654916633223962,-4.3105577388221885,0.44048896851741803,constant_mean
2023-04-08,12.354962648372103,-3.7028446953464536,0.4416698448941964,constant_mean
2023-04-09,29.890527882482967,-2.0432387015858557,0.44299033839443336,constant_mean
2023-04-12,24.155990113804986,-1.624267495346762,0.4377366388816502,constant_mean
2023-04-13,20.458542674821725,-2.797648618219059,0.4376326175528797,constant_mean
2023-04-14,19.3645110500508,-1.6252538428628949,0.43692553415090385,constant_mean
2023-04-15,13.164580388781511,-5.856253211342467,0.43506405449224683,constant_mean
2023-04-16,18.926129946810068,-4.203058939701219,0.4342579934238065,constant_mean
2023-04-17,18.104055709935235,-3.4095744791958364,0.43378547953635077,constant_mean
2023-04-19,19.31736545884257,-0.18017222254222887,0.424874036608977,constant_mean
2023-04-20,17.769246331514566,-1.8528662440969739,0.42308557654950374,constant_mean
2023-04-21,15.951323561513648,-1.9497351019237197,0.42377113779255665,constant_mean
2023-04-22,14.71761636187919,-4.640318948199945,0.4247733199950285,constant_mean
2023-04-23,15.573895949314291,-1.7477533122683035,0.4212097817698136,constant_mean
2023-04-24,16.179497450424904,-0.4711676110817331,0.41749586978599296,constant_mean
2023-04-25,17.67058234505914,-0.7056249776811707,0.4158675173948813,constant_mean
2023-04-26,17.95878705490315,-3.9791834806205215,0.414033357321945,constant_mean
2023-04-27,30.36369408758281,-2.2476863108184246,0.414104003176471,constant_mean
2023-04-28,26.600453333846918,-2.5801056839228873,0.4136100005907013,constant_mean
2023-04-29,21.52828007014768,-2.7039035484551026,0.41340345388731853,constant_mean
2023-04-30,22.903135375802893,-3.352252027273223,0.4163524850364388,constant_mean
2023-05-01,18.42562758404592,-0.9104086649747346,0.4135457546223939,constant_mean
2023-05-02,17.179757620354977,-0.3416937741640682,0.4103399347553924,constant_mean
2023-05-03,17.556780317356882,-0.023016014085973424,0.41025071777731237,constant_mean
2023-05-07,20.91606826893551,-0.8167668351013985,0.4004689186082694,constant_mean
2023-05-08,20.81434083636506,-0.9455907239615305,0.39990631665072623,constant_mean
2023-05-09,24.5074028014518,-1.1168963950762651,0.3996805480817245,constant_mean
2023-05-10,25.530270795035005,-1.6347931908307487,0.3990948769951153,constant_mean
2023-05-13,29.43076837506182,-5.9751189528009085,0.40047428508210975,constant_mean
2023-05-14,31.96391476440004,-3.3812525400072873,0.39893201114848514,constant_mean
2023-05-15,33.89254252520894,-3.682449667583131,0.3976586295657576,constant_mean
2023-05-16,31.31466509161542,-3.420155587144527,0.39869220314032866,constant_mean
2023-05-17,30.50516671762381,-3.3371473207372158,0.39914347091301605,constant_mean
2023-05-18,28.14763632135108,-2.8010457580960546,0.39628366651039904,constant_mean
2023-05-19,33.167357379445434,-2.4924864054712508,0.4100675834094282,constant_mean
2023-05-20,24.67647448146441,-4.720131603415778,0.4302076828081526,constant_mean
2023-05-21,32.73403105922781,-5.7371838149428935,0.41360315778606144,constant_mean
2023-05-25,31.268148691722626,-1.567385960020914,0.3955335148911741,constant_mean
2023-05-26,23.664618990824437,-2.0392436851122278,0.40092483536676177,constant_mean
2023-05-27,20.501563809134332,-1.4756892810020528,0.4072252254470494,constant_mean
2023-05-28,22.528314135818515,-2.1013278045445394,0.4112515868425021,constant_mean
2023-05-29,22.83282669308404,-5.243378864400543,0.4134755374766296,constant_mean
2023-05-30,32.502259677375214,-4.063310103437728,0.41545913459735473,constant_mean
2023-06-01,30.955830975111144,-5.089289224949326,0.41525021309986027,constant_mean
2023-06-02,33.12196758319368,-5.216036539132007,0.41318670961698595,constant_mean
2023-06-03,28.4684389561262,-6.548161566172757,0.4119144666762714,constant_mean
2023-06-04,28.209559235985193,-6.64535710812554,0.41139784091936904,constant_mean
2023-06-06,27.89092579831659,-4.92672193279913,0.40322273871903913,constant_mean
2023-06-08,25.07754285207146,-6.49355835535898,0.39894626348049783,constant_mean
2023-06-09,26.467567641342413,-6.4497190801695705,0.3941266403738885,constant_mean
2023-06-10,31.519522384423563,-4.680334676170807,0.3901929582041741,constant_mean
2023-06-11,29.761914857944554,-5.106914327247691,0.3886586031855049,constant_mean
2023-06-12,26.50865043012965,-4.626422565366819,0.3873046632279687,constant_mean
2023-06-13,24.153774909373166,-6.269822307545396,0.38524636544857793,constant_mean
2023-06-14,28.09017894749617,-6.794117044838222,0.38517006179944974,constant_mean
2023-06-15,22.437074966537242,-6.3851983698351935,0.3885992755594179,constant_mean
2023-06-16,28.424231235514313,-3.3819627645875894,0.390754592148631,constant_mean
2023-06-17,25.816932112046008,-5.398583640545116,0.39136618050942396,constant_mean
2023-06-18,26.769061599078235,-5.7336710771942965,0.39118591548230786,constant_mean
2023-06-19,24.4605863617121,-5.506359207604168,0.3925612298755329,constant_mean
2023-06-20,26.819064378884786,-5.113758267707219,0.39893177210124425,constant_mean
2023-06-21,21.423438377070426,-4.8437352060912255,0.40887158326760203,constant_mean
2023-06-22,15.863607085032367,-4.474709337732414,0.4196435543617395,constant_mean
2023-06-23,24.1646965874721,-4.796630340911125,0.42867376631349585,constant_mean
2023-06-24,23.516634035696867,-7.142982653500808,0.4445674365810176,constant_mean
2023-06-25,18.989069760322774,-8.420685518695137,0.470290790963708,constant_mean
2023-06-26,20.061705257504386,-10.63330977112707,0.5027775943453218,constant_mean
2023-06-27,12.747470083639207,-14.264025567000001,0.5435708760922047,constant_mean
2023-06-28,6.8252702808890255,-15.938787140118713,0.5832945252146112,constant_mean
2023-06-29,9.518002501770825,-16.410674289970384,0.6001335619179708,constant_mean
2023-06-30,8.006320071782945,-16.10684693057912,0.6027433495825952,constant_mean
2023-07-01,8.767260752337329,-16.56535021538796,0.6012315102781043,constant_mean
2023-07-02,9.110386835659344,-17.074427534706142,0.5946057450170081,constant_mean
2023-07-03,7.762185084198041,-16.5924243507528,0.5857281467801744,constant_mean
2023-07-04,12.803733640685937,-16.11387807216316,0.5737514329922336,constant_mean
2023-07-05,11.717502734550257,-14.224374226669012,0.5591257204560629,constant_mean
2023-07-06,13.722898864842804,-12.981510800313877,0.5477537021238776,constant_mean
2023-07-07,13.640667164488828,-13.70160079094552,0.5401071075652525,constant_mean
2023-07-08,12.792729811789515,-13.10355389729913,0.5310127069863884,constant_mean
2023-07-09,9.060074933206977,-13.192044901661106,0.5234776424185962,constant_mean
2023-07-10,6.9859295917035205,-11.336395253860777,0.5294697311647463,constant_mean
2023-07-11,10.143653596904242,-13.632562834905201,0.5391026017989565,constant_mean
2023-07-12,9.053141217411277,-13.868702545874706,0.5437725015401026,constant_mean
2023-07-13,11.242434610802235,-13.644038911456384,0.5565723713369349,constant_mean
2023-07-14,6.795504496596364,-13.991342904484021,0.5683347071535376,constant_mean
2023-07-17,8.71646171964549,-14.397277115731093,0.5822428788528309,constant_mean
2023-07-18,6.777631732800234,-15.045516710703309,0.581790468241018,constant_mean
2023-07-19,7.3004331767769735,-15.719636354272897,0.5795175634167782,constant_mean
2023-07-20,7.115053924423417,-16.321370538828315,0.5792042526810989,constant_mean
2023-07-21,6.546713922925278,-17.92346623625272,0.5821211686834511,constant_mean
2023-07-27,3.518779975583227,-18.954047610831477,0.5487707540194398,constant_mean
2023-08-01,6.997226045294644,-14.673563924440712,0.5698945205392495,constant_mean
2023-08-02,5.197104022723534,-16.39463910685675,0.5728225980731247,constant_mean
2023-08-29,3.1845971749165156,-17.64127860047231,0.6168245697156578,constant_mean
2023-09-02,7.789431975030051,-16.443361311224155,0.5959174710931668,constant_mean
2023-09-05,4.424749859142121,-16.48872191899309,0.6113004484982946,constant_mean
2023-09-11,4.61566105499814,-16.258686027556568,0.58589247067882,constant_mean
2023-09-13,4.736242292522741,-17.50485101862616,0.5824958726366328,constant_mean
2023-09-14,5.691891250073795,-16.77104543086555,0.5821607931206852,constant_mean
2023-09-15,6.438258909297896,-15.471162864283329,0.5768617587040477,constant_mean
2023-09-16,5.500730773115905,-16.817790922228053,0.5682719215718433,constant_mean
2023-09-17,4.212142109188936,-16.447117691858516,0.5614920089439653,constant_mean
2023-09-18,5.856158306827526,-14.92305400319894,0.5561940358664976,constant_mean
2023-09-19,9.194946362128624,-12.622912336509254,0.5506334640807817,constant_mean
2023-10-04,13.54760620452289,-12.499365838550958,0.49936640438162216,constant_mean
2023-10-05,13.787267846561189,-10.941874616386086,0.49415493544429806,constant_mean
2023-10-06,14.897998779099527,-11.831570509621217,0.4917589276218765,constant_mean
2023-10-07,11.17757630409454,-10.787152658257307,0.4896165068363901,constant_mean
2023-10-08,13.217799477768478,-8.09344937667263,0.48703784127208155,constant_mean
2023-10-09,17.645086653019522,-4.434947015640905,0.4829119593770264,constant_mean
2023-10-10,12.19564464386326,-7.3373028575951045,0.4784656064086178,constant_mean
2023-10-11,6.138378552702411,-7.6274817255550005,0.48102914091302656,constant_mean
2023-10-12,7.432760278982009,-10.610205966124447,0.4874974616828194,constant_mean
2023-10-13,13.18127232190795,-12.048000508169823,0.4860779519733703,constant_mean
2023-10-14,12.655744840859644,-10.702381950476616,0.4861922884486592,constant_mean
2023-10-15,12.577666922038475,-9.11774930809092,0.4933763954379819,constant_mean
2023-10-16,13.61049000541006,-6.943709357214718,0.5017983358469751,constant_mean
2023-10-17,14.68578278985278,-6.376611423224118,0.5073060945555437,constant_mean
2023-10-18,10.377852394241017,-7.136441688083153,0.5116805930177021,constant_mean
2023-10-19,12.959880685550916,-7.833131526657597,0.5164248605324808,constant_mean
2023-10-20,10.980918138868049,-10.647090866951801,0.5206432330890404,constant_mean
2023-10-21,9.794120440699908,-11.455643514134094,0.5192441719201546,constant_mean
2023-10-22,13.406045101999089,-9.312218975544601,0.5125786769749988,constant_mean
2023-10-23,14.102210552984912,-9.947589495050885,0.5056362484158246,constant_mean
2023-10-24,11.142461445464981,-10.092777965929114,0.4986746626294583,constant_mean
2023-10-25,13.429025296119336,-10.52809853867008,0.4935337621102562,constant_mean
2023-10-26,14.948419568059315,-10.326962926884256,0.48931257409522233,constant_mean
2023-10-27,13.302407372064097,-11.212318361626293,0.4850579438145134,constant_mean
2023-10-28,11.660226981092995,-11.27311897626025,0.4807623998449485,constant_mean
2023-10-29,15.673644820082203,-7.290182831988145,0.47755788195248255,constant_mean
2023-10-30,14.16690459044518,-8.127161380098777,0.47540740003017345,constant_mean
2023-10-31,16.12474906578562,-6.217547002239378,0.4739722370330188,constant_mean
2023-11-03,22.91993608226507,-5.53503431419327,0.46328279144655243,constant_mean
2023-11-04,25.213454686977915,-5.111251488258519,0.46163287015773313,constant_mean
2023-11-05,20.66801899571575,-6.244018257817301,0.46066628965154344,constant_mean
2023-11-06,20.977940910019544,-0.9149618829670558,0.4584657666080201,constant_mean
2023-11-07,21.14117603141321,-3.2762473617730947,0.45601577192435905,constant_mean
2023-11-08,21.018730182037885,-1.810750363942672,0.4539481864176455,constant_mean
2023-11-10,16.909781786317325,-3.464651845775517,0.4494929463700854,constant_mean
2023-11-11,18.02035622761858,-6.839252227544255,0.4482878866881549,constant_mean
2023-12-14,28.599491572790836,-0.8015905188691708,0.47112598895587754,constant_mean
2023-12-15,21.421474497211022,-1.9224318977242705,0.4718838522846499,constant_mean
2023-12-16,11.801908969862966,-3.3507602063721103,0.49180012535625905,constant_mean
2023-12-17,9.43027053017918,-11.290477395134017,0.53250204224804,constant_mean
2023-12-18,11.590148032686901,-10.765826527128208,0.59609664993678535,constant_mean
2024-01-21,7.644798769152421,-14.778982188105813,0.7960593229430122,constant_mean
2024-01-22,7.720783330184322,-16.782626722872287,0.7849926035380361,constant_mean
2024-01-24,12.257765807209369,-21.002870914765555,0.7627700756702055,constant_mean
2024-01-25,7.979064780489193,-23.008344183148505,0.7527384288984822,constant_mean
2024-01-26,11.210555817084549,-23.810231278754145,0.7470463399274484,constant_mean
2024-01-27,8.544809630194186,-23.123133240085547,0.745500156495742,constant_mean
2024-01-28,10.554190557547393,-22.55762727723812,0.7518778465469377,constant_mean
2024-01-29,11.68141070560491,-16.69041228151619,0.7571862667807608,constant_mean
2024-01-30,11.186827762852833,-16.02334910112811,0.7594788572673828,constant_mean
2024-01-31,10.587964561518097,-16.595614102302545,0.7612177837973485,constant_mean
2024-02-01,15.131764208347288,-15.385265416232185,0.7590711226583929,constant_mean
2024-02-02,12.259684984501687,-18.090661625521793,0.7541203954067219,constant_mean
2024-02-03,13.96888739575493,-17.608212379172535,0.7431309443024161,constant_mean
2024-02-04,7.26397790212738,-19.200029116484046,0.731159544828377,constant_mean
2024-02-05,11.91808222637512,-17.153919097522536,0.7197991797227495,constant_mean
2024-02-06,16.8998750451087,-15.088592772449374,0.704423047729711,constant_mean
2024-02-07,20.77993462070829,-11.636819015769806,0.6898164218434054,constant_mean
2024-02-08,18.819609553443897,-13.424983138951001,0.6827502054771785,constant_mean
2024-02-09,20.961202263599787,-14.301484267426561,0.6790146419075144,constant_mean
2024-02-10,20.192253241644217,-15.585526041526212,0.6731117391846945,constant_mean
2024-02-11,27.852123636605583,-15.73054759335615,0.6647378796480782,constant_mean
2024-02-12,20.19715814149826,-18.54454408405251,0.6558988344942148,constant_mean
2024-02-13,27.589830523280817,-14.026284911006718,0.6452198965652384,constant_mean
2024-02-14,26.480539068955345,-9.033984633864106,0.6333372042586365,constant_mean
2024-02-15,26.063657149947282,-11.130873881283739,0.626583442811952,constant_mean
2024-02-16,26.844359482854582,-11.341007030848642,0.6229797468612611,constant_mean
2024-02-17,14.873672846260785,-14.182225966696672,0.62047835641639415,constant_mean
2024-02-18,10.051997812536088,-10.483863906089502,0.6189773672852218,constant_mean
2024-02-19,28.517292939436132,-7.224079060353341,0.6184159576362938,constant_mean
2024-02-20,28.92554793946914,-6.988174030574363,0.624222942854797,constant_mean
2024-02-21,27.493608817736728,-8.226848094666163,0.6353962999995444,constant_mean
2024-02-22,27.728352487685875,-9.283050503860078,0.6500024977428,constant_mean
2024-02-23,17.022173997175635,-14.92077599131817,0.6638641540556407,constant_mean
2024-02-24,23.96113828157355,-14.27428917570016,0.6680661269169442,constant_mean
2024-02-25,24.765604569559045,-12.20006030395659,0.66554707490928,constant_mean
2024-02-26,24.721181732404617,-11.85223230146744,0.6640635473258141,constant_mean
2024-02-27,22.67186008979475,-14.444629663544127,0.6607661083090242,constant_mean
2024-02-28,26.853791171923593,-16.031025457256924,0.6534769073194121,constant_mean
2024-02-29,30.149781497339564,-17.352446638891653,0.6425914639378749,constant_mean
2024-03-01,22.194004529977427,-16.616123357789114,0.6335762265645307,constant_mean
2024-03-02,20.029731027955982,-19.96868146999095,0.6273852328219158,constant_mean
2024-03-03,27.44460219089066,-20.320852899689932,0.6204349155519403,constant_mean
2024-03-04,27.578892170216974,-18.685534709580445,0.6121064455144828,constant_mean
2024-03-05,10.99169960944841,-19.467461954497807,0.6123888747407116,constant_mean
2024-03-06,23.442454688006112,-20.250968574645224,0.6211153445789408,constant_mean
2024-03-07,22.16914993562799,-18.51205250484025,0.628003507933881,constant_mean
2024-03-08,25.629354922223424,-18.493618467599838,0.6327842749206636,constant_mean
2024-03-09,16.549373460468242,-22.891095418640663,0.638374836787599,constant_mean
2024-03-10,19.606565772404448,-18.835122690532543,0.6427906796285733,constant_mean
2024-03-11,22.4563991474403,-13.039183291697949,0.6423034816929674,constant_mean
2024-03-12,20.250491767612743,-14.375808381499994,0.6501110687576994,constant_mean
2024-03-13,17.37619312787586,-16.543963300331985,0.67006199002056,constant_mean
2024-03-14,17.115116108954016,-17.90607132491862,0.6878138643699467,constant_mean
2024-03-15,15.337160418813857,-19.545017131423595,0.698068026228063,constant_mean
2024-03-16,9.094752364114717,-21.394043435591275,0.7011002086126777,constant_mean
2024-03-17,11.836461937066842,-21.481736235121737,0.6978984530740548,constant_mean
2024-03-19,11.366993586015829,-14.485013443660577,0.6759106908702518,constant_mean
2024-03-20,16.106399750175136,-11.60109379987772,0.6612577017331671,constant_mean
2024-03-21,15.12356712265611,-13.206825966471154,0.6489710808770753,constant_mean
2024-03-23,14.772168306273809,-16.528108735269296,0.635301448637581,constant_mean
2024-03-24,14.812982889436121,-13.823276355403458,0.6257190062547524,constant_mean
2024-03-25,19.646375459904302,-13.380877494935586,0.6179108011196941,constant_mean
2024-03-26,17.018504338375863,-16.78137291688344,0.6199248929191408,constant_mean
2024-03-28,15.994691858731496,-17.714126358081494,0.6309342261059494,constant_mean
2024-03-29,12.892552503386199,-12.670519019478533,0.6284537471392341,constant_mean
2024-03-30,15.317704251891648,-13.74769425343011,0.6287918191651759,constant_mean
2024-03-31,16.677602022051026,-13.730647299142998,0.6322426430699019,constant_mean
2024-04-01,13.061348653279053,-16.079500769910815,0.6316497313944168,constant_mean
2024-04-02,11.664789469719437,-17.33679889904235,0.6292288767297045,constant_mean
2024-04-04,11.513883360721369,-14.622985240927257,0.6405421619052365,constant_mean
2024-04-05,10.063110004961556,-14.596715606872383,0.6531511590883157,constant_mean
2024-04-06,7.508415250667317,-15.527984619215818,0.676681991158156,constant_mean
2024-04-09,6.480909538047798,-19.028047703736423,0.7057572946384243,constant_mean
2024-04-10,6.425116885052713,-19.959168823816448,0.7040919869620231,constant_mean
2024-04-13,7.309538238214722,-16.269016230258796,0.678809225666153,constant_mean
2024-04-16,8.019995571439567,-16.851140729155205,0.6867614849958374,constant_mean
2024-04-17,9.145300447937483,-17.72028107712838,0.6843139859541945,constant_mean
2024-04-18,7.828497496267141,-19.142629666275834,0.6826480152991743,constant_mean
2024-04-20,6.397829070012494,-18.181015163223638,0.6845652454180975,constant_mean
2024-04-22,4.928435887466871,-16.715843505901848,0.6984590938412358,constant_mean
2024-04-23,6.528935293055404,-15.527927386331571,0.6995494877364472,constant_mean
2024-04-24,4.389252353331136,-16.198693228649557,0.6988073456791394,constant_mean
2024-04-29,9.22337272188469,-14.80037157254084,0.6143451484287094,constant_mean
2024-04-30,10.608095308307142,-13.735607034989261,0.5948409749695178,constant_mean
2024-05-01,13.4469380912383,-13.433119441392536,0.5764802232348547,constant_mean
2024-05-02,13.714700354126848,-13.437605670081977,0.5606982314785482,constant_mean
2024-05-03,14.956456891567496,-12.844092887775101,0.5458597892165771,constant_mean
2024-05-04,14.883264246826476,-12.673922032605311,0.5335917912266587,constant_mean
2024-05-05,8.004616253708166,-12.36153394255896,0.5256500382534278,constant_mean
2024-05-06,13.492397692509755,-13.771492660251115,0.5190744411276306,constant_mean
2024-05-07,12.863714045220712,-14.972259767739812,0.5146503496326401,constant_mean
2024-05-08,11.75012514062202,-16.17137828674874,0.5098531837714942,constant_mean
2024-05-09,13.1008134368938,-14.9334169794187,0.5046414998071207,constant_mean
2024-05-10,6.405804205704394,-13.583921023100064,0.503033982948468,constant_mean
2024-05-11,15.031784728353035,-11.458790400811253,0.5008040375668467,constant_mean
2024-05-13,6.191698083608328,-10.70894053223678,0.4958920223445348,constant_mean
2024-05-14,8.054179884371262,-12.071050252783698,0.4988153795591896,constant_mean
2024-05-15,6.097928990019538,-10.077641063021519,0.4975173838549177,constant_mean
2024-05-16,10.888422439384389,-10.801925248575271,0.4965798535083658,constant_mean
2024-05-17,9.552857107018491,-10.315825198500162,0.4952444478549542,constant_mean
2024-05-18,7.0988674969772845,-10.607503125582712,0.4937469845534716,constant_mean
2024-05-19,9.847332288468671,-11.427028350142523,0.49333824339385923,constant_mean
2024-05-20,10.493525631773561,-9.717442355418942,0.4922878084404141,constant_mean
2024-05-21,10.680371005172416,-8.994676461683277,0.49004193954917746,constant_mean
2024-05-22,9.497502388834755,-10.413752282692355,0.4874789300358476,constant_mean
2024-05-23,13.775960716060537,-9.579869048397132,0.4850773235279566,constant_mean
2024-05-24,15.569867649641422,-9.368976962945009,0.48533032365036916,constant_mean
2024-05-25,12.002324460138675,-11.132796071205616,0.4858367159484387,constant_mean
2024-05-26,13.088791824212894,-9.553529852009532,0.48551575352258985,constant_mean
2024-05-27,10.17616098008419,-9.39128228772182,0.4862685629457286,constant_mean
2024-05-28,9.911883636574476,-10.474071253833484,0.48731090247006253,constant_mean
2024-05-29,13.947189474371353,-9.847826391556012,0.48709430985594043,constant_mean
2024-05-30,16.23101881749246,-8.13844077236285,0.48357238050837614,constant_mean
2024-05-31,16.454459666782434,-7.420264564047626,0.47865514121799846,constant_mean
2024-06-01,15.103849782749617,-8.33416880179757,0.47416573426545616,constant_mean
2024-06-02,5.506143938590901,-8.522560656915816,0.4708341106251469,constant_mean
2024-06-03,14.850522460074634,-7.179554499796593,0.4676632758355899,constant_mean
2024-06-04,14.723120375513057,-7.609009313594566,0.4642203074125547,constant_mean
2024-06-05,10.45143192004635,-8.651018720177063,0.46082386791586305,constant_mean
2024-06-06,15.572962613586848,-8.092807314241798,0.45839808800137444,constant_mean
2024-06-07,15.92666874435095,-9.456002358633091,0.45539533638081076,constant_mean
2024-06-08,14.289419952234807,-8.776226155385178,0.4515849277194344,constant_mean
2024-06-09,12.750774792060728,-8.43736380493496,0.44879114347148813,constant_mean
2024-06-10,12.832305177864033,-7.164552449514418,0.4464864731377836,constant_mean
2024-06-11,12.837506573378308,-7.986615148844319,0.4439282709245131,constant_mean
2024-06-12,12.227516920361905,-8.26617944393273,0.44279621951071657,constant_mean
2024-06-13,13.419915850592451,-8.611069814370913,0.44128174329970105,constant_mean
2024-06-14,13.196234688680642,-7.752532426521947,0.43874482879454435,constant_mean
2024-06-15,14.364368209818883,-6.882871525118813,0.4390855991206549,constant_mean
2024-06-16,12.80822082988879,-8.3240146138271065,0.45123314076118126,constant_mean
2024-06-17,13.454685690757756,-7.361414652635108,0.46282046400293925,constant_mean
2024-06-18,14.09745296339569,-6.8395857632894055,0.4626640261616212,constant_mean
2024-06-19,12.293540604703045,-7.267062813064762,0.4603107546454814,constant_mean
2024-06-20,13.962162102958484,-6.685849729603692,0.4595613080228255,constant_mean
2024-06-21,16.226375470635443,-5.356716085807488,0.4601217676464994,constant_mean
2024-06-22,12.952399257463695,-7.046966294229674,0.45889891845145475,constant_mean
2024-06-23,13.5015384234013,-7.384439430966259,0.4571189198125161,constant_mean
2024-06-24,14.56315136191478,-7.709292027005919,0.45728745608423416,constant_mean
2024-06-25,14.827098014461045,-7.1904811500867085,0.4569804961444316,constant_mean
2024-06-26,14.214836401027204,-6.955675923531378,0.4549087103376819,constant_mean
2024-06-27,10.57491225040192,-6.3008177915661845,0.4520349185133961,constant_mean
2024-06-28,12.930801742290267,-5.805934206137729,0.45040193021121117,constant_mean
2024-06-29,12.496718299384973,-5.774091789797887,0.4514344055335572,constant_mean
2024-06-30,14.822682747288374,-6.419420690607658,0.4562125430439841,constant_mean
2024-07-01,13.216306488882408,-8.158285800668953,0.46078491329920557,constant_mean
2024-07-02,14.70981070003965,-8.500497835640841,0.45997585386605166,constant_mean
2024-07-03,16.039283792231142,-8.018449098033852,0.4590888690389632,constant_mean
2024-07-04,15.128166497423615,-8.550306150166733,0.46094792148064495,constant_mean
2024-07-05,12.561145156623626,-8.393142395344777,0.4613659234101646,constant_mean
2024-07-06,14.796798968266664,-7.3648846458517685,0.45953701525393365,constant_mean
2024-07-07,10.811106897558908,-7.399744964479609,0.45663554492331504,constant_mean
2024-07-08,12.244620711886798,-8.79513144695909,0.4546544211966407,constant_mean
2024-07-09,18.306113736682892,-8.078828179972376,0.4563449296857381,constant_mean
2024-07-10,18.55555856885604,-7.531598610529448,0.46066333273418186,constant_mean
2024-07-11,16.715869211000083,-8.83909710485254,0.4673152296999442,constant_mean
2024-07-12,13.476592898440586,-7.866486118752059,0.47444899912150795,constant_mean
2024-07-13,15.182712460477624,-7.447266605110538,0.47843841411164995,constant_mean
2024-07-14,15.568508980740676,-7.554611927252771,0.4781260099165402,constant_mean
2024-07-15,13.746367924331572,-7.571887218782861,0.4731303063673438,constant_mean
2024-07-16,15.019723741777133,-6.774096687984218,0.46646855624149364,constant_mean
2024-07-17,14.78490845674341,-6.73977945476477,0.4614553001785814,constant_mean
2024-07-18,15.658426564500044,-6.4549177842533,0.4586728949555999,constant_mean
2024-07-19,15.222089139775617,-7.34697029435289,0.456725005073302,constant_mean
2024-07-20,10.89734770331299,-8.187329938026595,0.45432094968330383,constant_mean
2024-07-21,13.55573439559763,-7.790548835118324,0.45196244957046705,constant_mean
2024-07-22,15.086265889080478,-6.811829551014609,0.4490914931668423,constant_mean
2024-07-23,17.625949494141416,-7.248098103262864,0.44596612464464724,constant_mean
2024-07-24,20.02029448639452,-7.0718478284949935,0.44430248528883676,constant_mean
2024-07-25,15.13935216105486,-8.329841924183405,0.4452832772605801,constant_mean
2022-05-23,14.978910598001452,-12.38897906575154,0.5350429664657232,constant_median
2022-05-24,15.543756537558112,-12.439963959408907,0.5378940929103845,constant_median
2022-05-25,12.591192903886872,-13.324811530738575,0.5337509860561239,constant_median
2022-05-26,11.422897299525507,-13.084481470152976,0.5287518365287117,constant_median
2022-05-27,10.997840682349764,-11.972923685970954,0.5257792900678927,constant_median
2022-05-28,11.320988921457255,-11.196418477909729,0.5220281787413363,constant_median
2022-05-29,14.784214118551175,-10.211147542745165,0.517388629828796,constant_median
2022-05-30,15.040729651555212,-9.727072219965457,0.512841544074592,constant_median
2022-06-30,15.155413135903345,-8.610357992030762,0.47059766934818426,constant_median
2022-07-01,17.680662939721522,-8.927063455534899,0.4725656646164016,constant_median
2022-07-02,9.251051263623491,-10.008312622495643,0.4732880284762568,constant_median
2022-07-03,6.039472187766178,-9.200228666232832,0.47405923491320967,constant_median
2022-07-04,14.182596861853106,-9.110905638329134,0.4759824440786277,constant_median
2022-07-05,13.843830560862617,-9.846160088725897,0.47908988620707177,constant_median
2022-07-06,13.79512369723592,-8.507779110358522,0.48567879654237806,constant_median
2022-07-07,16.978738149511123,-9.654733942565393,0.4943573232985006,constant_median
2022-07-08,12.748131905988895,-10.340883079796987,0.4980399434464034,constant_median
2022-07-09,13.911331372634397,-9.851910952684127,0.49581796334706996,constant_median
2022-07-10,6.452620415665673,-10.041136579497755,0.49281224100375776,constant_median
2022-07-11,8.644973224854432,-9.698077704227675,0.4934157730607556,constant_median
2022-07-12,10.42836258144193,-10.764295923802145,0.49901911782301006,constant_median
2022-07-13,9.59118532042795,-10.355600654157964,0.505965809458636,constant_median
2022-07-14,12.06897094458828,-10.94156143972671,0.5100196774173992,constant_median
2022-07-15,11.96189827503821,-10.004092137579594,0.5116048124742577,constant_median
2022-07-16,11.80019381402796,-10.672159769921603,0.5118797548414126,constant_median
2022-07-17,11.170544010462871,-10.67069595690239,0.5112270514790044,constant_median
2022-07-18,4.9320319576386895,-10.096653426733162,0.5098721480933421,constant_median
2022-07-19,4.413216812868521,-10.975874025812574,0.5081490974306229,constant_median
2022-07-20,9.700837066058764,-10.262888335439253,0.5078098141759191,constant_median
2022-07-21,11.299030326316128,-9.910186667462943,0.5094129982855048,constant_median
2022-07-22,7.875998197403347,-11.62119656226525,0.5107326594015164,constant_median
2022-07-23,10.063623834835886,-11.214071934430068,0.5121222607040449,constant_median
2022-07-24,11.716474819208292,-10.636016417512552,0.5173661585334396,constant_median
2022-07-25,11.578404838524683,-11.357726158468074,0.5277030102306247,constant_median
2022-07-26,10.731986703016345,-11.604288244049778,0.5426222772206193,constant_median
2022-07-27,9.287150112433297,-13.4841928377381,0.5696640410918796,constant_median
2022-07-28,6.264955652842498,-14.911294632320729,0.6048300951310628,constant_median
2022-07-29,7.16623437901137,-15.60652345174801,0.6201186399400316,constant_median
2022-07-30,6.638634258976575,-15.344967901952783,0.6092071023187327,constant_median
2022-07-31,7.4848563667863806,-15.249385172074312,0.5926403334180579,constant_median
2022-08-01,5.772095153825206,-13.454196531589782,0.5802953069478357,constant_median
2022-08-02,10.095124348139963,-13.773591847010701,0.5694561160824296,constant_median
2022-08-03,12.05849072273488,-12.878142001846406,0.5579716775254872,constant_median
2022-08-04,10.347046870543805,-13.558353079544185,0.5483513615378363,constant_median
2022-08-05,11.991691322061893,-12.880379954671003,0.5424648022314081,constant_median
2022-08-07,11.674461312909738,-13.080604629466366,0.5394410807824378,constant_median
2022-08-08,12.54352649126363,-13.643072933167252,0.5373574462938046,constant_median
2022-08-09,7.418977811906309,-11.904875181256296,0.5344514895847384,constant_median
2022-08-10,10.709133707605607,-11.700508997140924,0.5336855729795484,constant_median
2022-08-11,6.790776287692875,-11.53020995136338,0.533001354788061,constant_median
2022-08-12,12.957475631556031,-11.732994373217876,0.5298022276865852,constant_median
2022-08-13,6.381776727296352,-11.132138693848457,0.5239128349203489,constant_median
2022-08-14,10.466967624377276,-12.419378935545133,0.5214459952008036,constant_median
2022-08-15,13.721408015942258,-11.267658934474555,0.522669761936244,constant_median
2022-08-16,10.64676245430362,-11.038821467173484,0.5204273977065764,constant_median
2022-08-17,13.334066399299736,-11.417106196043894,0.5161650880730058,constant_median
2022-08-18,8.674791878083283,-11.053442085924619,0.514541807132141,constant_median
2022-08-19,8.716286550643416,-10.565580697278921,0.5147658153946612,constant_median
2022-08-20,9.347180772520046,-10.219851074433876,0.5158762135940388,constant_median
2022-08-21,10.123311122280215,-10.28918618325202,0.5189916060050628,constant_median
2022-08-22,10.110775389665289,-11.481155242654774,0.5215014791967263,constant_median
2022-08-23,7.848752513423341,-11.867393859227246,0.5198089676016863,constant_median
2022-08-24,7.942264626635778,-10.041109384707534,0.5163612035143208,constant_median
2022-08-25,8.876446405325563,-11.679234691961712,0.5180864854779963,constant_median
2022-08-26,6.2362521111767535,-12.714140576622173,0.5423424585641005,constant_median
2022-08-27,3.824857192102262,-13.949980525121646,0.5891795642939975,constant_median
2022-10-08,2.7504828418544762,-12.247457223503101,0.5960566168863513,constant_median
2022-10-09,4.197958707229976,-11.843567508713111,0.5873936136268971,constant_median
2022-10-12,5.367419740278272,-15.612259872270302,0.6307113126486614,constant_median
2022-10-14,5.117679899898894,-13.606476076168791,0.6234312381895991,constant_median
2022-10-15,5.408225277285449,-11.099066894739027,0.6141369444542768,constant_median
2022-10-16,4.7730963580903465,-11.215159101699161,0.606883412260617,constant_median
2022-10-17,4.937531918989846,-11.699632937253394,0.6030113292675928,constant_median
2022-10-18,8.297098212600458,-11.04392504495673,0.6032271138237149,constant_median
2022-10-19,10.575786831953394,-4.712573969703426,0.5952525985560682,constant_median
2022-10-20,10.342073072479664,-3.967282955066904,0.5899541124798297,constant_median
2022-10-21,10.436682881649617,-4.109854411021692,0.5865320511865244,constant_median
2022-10-22,9.591820241266225,-5.114258778755836,0.5807301778170266,constant_median
2022-10-23,10.181282765229186,-5.897594375086156,0.5747414891842447,constant_median
2022-10-24,9.578691807965603,-7.311379800876399,0.5698808836552096,constant_median
2022-10-25,9.789670964049487,-8.052006823491194,0.5691419314373277,constant_median
2022-10-26,7.935694368849768,-10.487472987763143,0.5661061986902671,constant_median
2022-10-27,10.586378258851736,-9.418712188666381,0.5627961791235385,constant_median
2022-10-28,15.615053172561575,-9.829022062187363,0.5572301938790121,constant_median
2022-11-07,14.157446645082787,-5.9148092450695815,0.5355580688143977,constant_median
2022-11-08,13.829440220166713,-3.2205568562012483,0.5318792991345153,constant_median
2022-11-09,20.436835989529577,-2.3166823071421585,0.5348002668787804,constant_median
2022-11-10,2.4890349757244157,-7.113677649378545,0.5416703621063005,constant_median
2022-11-11,11.428649584992431,-8.726551208324883,0.5394870192888335,constant_median
2022-11-12,13.700082436531735,-6.22289520007239,0.5397900870644619,constant_median
2022-11-13,11.010405718166572,-5.545810023468836,0.5474618899918411,constant_median
2022-11-14,10.101806148914699,-6.365617042974801,0.5521234649313784,constant_median
2022-11-15,9.554804779153539,-7.361387942242031,0.5553291873725162,constant_median
2022-11-16,14.626778443514334,-7.086060456254295,0.5577300485947599,constant_median
2022-11-17,11.812232022500913,-0.9537812869283601,0.5588607120896838,constant_median
2022-11-18,8.516310717385014,-0.36286426849497744,0.558383253690376,constant_median
2022-11-19,8.575119413661769,-2.686449560540567,0.5565597355520715,constant_median
2022-11-20,9.93758420111298,-1.549965350631039,0.5542164772723751,constant_median
2022-11-21,9.35575883009073,-4.862023336823063,0.5500489941711646,constant_median
2022-11-22,13.783651995500238,-4.668322920862316,0.5476320633661624,constant_median
2022-11-23,16.40328273042244,-5.043841435434497,0.5468559531685663,constant_median
2022-11-24,12.257421301534905,-6.987479539532687,0.5447494892286031,constant_median
2022-11-25,12.578169395557612,-8.194882164411116,0.5411074855482388,constant_median
2022-11-26,10.61692276506303,-7.803700231238614,0.5382063969509899,constant_median
2022-11-27,11.218725306551372,-6.039170130558022,0.5387426075786144,constant_median
2022-11-28,9.68260269100428,-3.0686793397618226,0.5360116300875469,constant_median
2022-11-29,13.032235755387445,-3.5410348183600595,0.532552399569301,constant_median
2022-11-30,11.589896283506679,-4.719958327838959,0.5332211623809239,constant_median
2022-12-01,11.543062597713982,-2.0581399359043435,0.5317100761148934,constant_median
2022-12-02,9.346544865875044,-3.012691908306491,0.529370549368219,constant_median
2022-12-03,11.211493524711589,-2.3809047257166895,0.5296627224508657,constant_median
2022-12-04,15.13232643386081,-4.072455714526222,0.530902182105987,constant_median
2022-12-05,13.639915172104486,-5.514339783128989,0.5291932974071122,constant_median
2022-12-06,14.177850358742667,-4.222610107840565,0.5263438668994421,constant_median
2022-12-07,12.814859521563173,-2.6567859383742167,0.5251140117668981,constant_median
2022-12-08,11.180760653686006,-2.6663390173330006,0.5247798580765763,constant_median
2022-12-09,13.606489661063778,-1.9987282954401886,0.5236191885252922,constant_median
2022-12-10,13.43013769230335,-2.7568809487184116,0.5214836607022887,constant_median
2022-12-11,14.40406409492897,-2.3373517239250474,0.5211196746487997,constant_median
2022-12-12,11.964559399441585,-2.018815058536731,0.5199957307101493,constant_median
2022-12-13,9.480300861686414,-1.124917850907917,0.5180204714314492,constant_median
2022-12-14,10.202705039638367,-3.5408776736574947,0.5173002876052893,constant_median
2022-12-15,8.824143831207325,-4.19241075550439,0.5175358845682846,constant_median
2022-12-17,13.127117053972707,-0.5257519945079885,0.513825242481808,constant_median
2022-12-21,9.90654523104991,-0.8649264106821271,0.5119899217570132,constant_median
2022-12-22,10.362752999204519,-0.29145411416248734,0.5120570231442538,constant_median
2022-12-23,19.223924717737503,-0.9702061789124115,0.5114528476165298,constant_median
2022-12-29,14.620001362442519,-0.8408275894160138,0.502360314202143,constant_median
2022-12-30,12.127183603834798,-1.4867521951414329,0.5019011256715994,constant_median
2022-12-31,7.5951539654176505,-1.5112923361102366,0.5009483303783091,constant_median
2023-01-01,12.03922078743548,-0.9806425615364229,0.49986562233621684,constant_median
2023-01-02,10.772352375582187,-2.1056650272650748,0.4983337273544363,constant_median
2023-01-06,9.158990402516638,-10.268919647207214,0.5027028616108751,constant_median
2023-01-07,6.083073990907332,-10.67746597145159,0.5032427603008082,constant_median
2023-01-10,8.3554409559089855,-14.49226454620285,0.5048411269483243,constant_median
2023-01-11,5.957358541068625,-14.1377893772913,0.5022306716297602,constant_median
2023-01-14,11.485436072933,-3.7468444209537197,0.5038998441255255,constant_median
2023-01-15,13.739263978237075,-5.950560110757089,0.5025972658112176,constant_median
2023-01-16,7.623792131026238,-9.28306573600189,0.503396461698851,constant_median
2023-01-17,9.25170917040346,-10.503875369997173,0.5017057361895692,constant_median
2023-01-18,10.735781340829645,-3.27973172958314,0.49763202358875286,constant_median
2023-01-19,10.37645149704403,-8.338722067673642,0.4955313084518086,constant_median
2023-01-20,14.041709191661772,-2.978129970096321,0.49587128590705437,constant_median
2023-01-22,12.399948449709788,-5.307776445118622,0.49702350272571294,constant_median
2023-01-23,19.419902364402926,-2.2925879457898897,0.49498101321581145,constant_median
2023-01-24,24.215642066863794,-0.5568374968355734,0.49392570543757497,constant_median
2023-01-25,12.58756602839586,-4.65703555916971,0.4974581202168589,constant_median
2023-01-26,20.527812805610804,-2.6245551816153654,0.4972686626824985,constant_median
2023-01-29,11.954032231324394,-7.4460074873288935,0.49472320436633926,constant_median
2023-01-30,16.263973336329016,-5.256386151371553,0.49541545939129533,constant_median
2023-01-31,19.9309710834207,-5.401402757270021,0.49453355141261,constant_median
2023-02-01,19.895181368009524,-2.740410664067544,0.4924430234037507,constant_median
2023-02-02,21.85248250982957,-3.424040879133486,0.49202461965631206,constant_median
2023-02-03,19.566076913839595,-7.752726396450988,0.49282245602377667,constant_median
2023-02-05,15.417844569628269,-2.0731078241489564,0.4942997234759536,constant_median
2023-02-06,14.636642231862155,-0.2713122436857187,0.49494062296530694,constant_median
2023-02-07,16.729310909794428,-0.8564801168986378,0.49021984048003786,constant_median
2023-02-08,14.674862512718548,-3.2534493993737845,0.4683963282027264,constant_median
2023-02-09,14.057551167693061,-4.790927943642248,0.4546288086783383,constant_median
2023-02-10,21.64980679383148,-7.113327478909973,0.45718061325689924,constant_median
2023-02-11,7.0711915358751884,-6.850126585749585,0.4537159447640483,constant_median
2023-02-12,20.66986177163967,-3.3701761367993877,0.4600858705979011,constant_median
2023-02-13,16.60230290529791,-1.9283455019305356,0.46755379353924437,constant_median
2023-02-14,16.959334317709473,-2.0618056157282334,0.4707764258373441,constant_median
2023-02-15,12.51849283886591,-7.2417449096557425,0.47305888180167743,constant_median
2023-02-16,20.290281211826304,-6.26048118513904,0.47459552818051576,constant_median
2023-02-17,15.166056195589562,-6.755930519319744,0.4834462999168165,constant_median
2023-02-18,18.76617778514026,-0.7500630964489208,0.4888163151759652,constant_median
2023-02-19,16.32823095511241,-6.593281372107262,0.48898604782624094,constant_median
2023-02-20,17.489599866223628,-5.277453165888094,0.49067522305187367,constant_median
2023-02-21,24.038565693581283,-7.402159337645076,0.4885645309454592,constant_median
2023-02-22,22.864450418535274,-9.532713480209615,0.48450840930116884,constant_median
2023-02-23,19.53925664084592,-7.336292851345518,0.48240708897012935,constant_median
2023-02-24,21.393222448139475,-9.506089301468593,0.4816657572309825,constant_median
2023-02-25,23.82840420560546,-6.80496521489268,0.4818356179042678,constant_median
2023-03-03,8.058751210902265,-20.952210890931095,0.4749662629616408,constant_median
2023-03-05,8.820479984204743,-19.138438934887382,0.47152004671912895,constant_median
2023-03-06,14.512256521391699,-15.854286379509626,0.47161919922388856,constant_median
2023-03-07,7.625456193448677,-19.04316618735744,0.47139216392816746,constant_median
2023-03-08,14.701741829324527,-14.072684896631879,0.46847964488599997,constant_median
2023-03-09,10.276929901782367,-10.711089920322591,0.4684952480509687,constant_median
2023-03-10,9.018135148003326,-13.145644213449016,0.47067802099407574,constant_median
2023-03-11,12.346216053260271,-11.277333412022681,0.4694173856191025,constant_median
2023-03-12,6.114603533164055,-18.523838880654083,0.4691386147301942,constant_median
2023-03-14,14.219845835411991,-6.670186317601102,0.4779897093821632,constant_median
2023-03-15,16.358967382423803,-2.0731010323001904,0.48930401412888913,constant_median
2023-03-16,11.461241436299952,-4.0895329591574985,0.5040498904451391,constant_median
2023-03-17,11.771545112333692,-6.937824189892406,0.5172541055314529,constant_median
2023-03-18,3.2974574718027965,-10.516806335768187,0.5256486227906817,constant_median
2023-03-19,15.473755456048723,-2.9951047695468045,0.5265501747587858,constant_median
2023-03-20,12.118255003988367,-1.5108425603858182,0.526087022613912,constant_median
2023-03-21,12.178543452985608,-6.283780178337172,0.5250732312554315,constant_median
2023-03-22,15.30325566877103,-7.8250200794516855,0.5229724774708382,constant_median
2023-03-23,11.55459519209171,-8.03321709531128,0.5110024858622843,constant_median
2023-03-24,10.866617841559473,-7.82118550714818,0.4978840242094999,constant_median
2023-03-25,12.15170798676391,-10.486038638707406,0.4904250893860393,constant_median
2023-03-26,15.518751895068975,-10.567535071275906,0.481771644168075,constant_median
2023-03-27,16.19389896532365,-9.260849683839547,0.47582734014833583,constant_median
2023-03-28,19.823799622615702,-8.687164342805541,0.4735481216518959,constant_median
2023-03-29,21.148085292037795,-4.504029407340305,0.46786626373638934,constant_median
2023-03-30,13.047171876208411,-3.1207506258243307,0.46006105491324123,constant_median
2023-03-31,12.17906949240076,-5.048658441944949,0.4574054470161167,constant_median
2023-04-01,13.715500925580242,-6.058823843360804,0.4574887855327787,constant_median
2023-04-02,16.741932428487623,-5.859121752686714,0.45701101823895895,constant_median
2023-04-03,14.907618038172378,-1.9454516253448841,0.453462851620772,constant_median
2023-04-04,13.205402060763769,-5.0243149541860515,0.4486980760851231,constant_median
2023-04-05,13.758260604951776,-5.646433561016357,0.444788669479172,constant_median
2023-04-06,18.154046907754104,-6.032432259047158,0.442090711381724,constant_median
2023-04-07,17.97371143950719,-5.148167936667809,0.44048896851741803,constant_median
2023-04-08,14.191273012104437,-3.304763084802596,0.4416698448941964,constant_median
2023-04-09,29.15407814579875,-2.892155523890856,0.44299033839443336,constant_median
2023-04-12,23.447507762841944,-2.439047897306345,0.4377366388816502,constant_median
2023-04-13,21.578307255143795,-3.34236921232375,0.4376326175528797,constant_median
2023-04-14,22.49414763710763,-2.147733004415198,0.43692553415090385,constant_median
2023-04-15,12.441792256108648,-6.6826408272746605,0.43506405449224683,constant_median
2023-04-16,21.96087054782446,-4.358107059509333,0.4342579934238065,constant_median
2023-04-17,18.474280344118473,-3.733536815517896,0.43378547953635077,constant_median
2023-04-19,19.506757433567742,-0.7389837105372274,0.424874036608977,constant_median
2023-04-20,18.039016743328943,-2.2133936487526866,0.42308557654950374,constant_median
2023-04-21,16.903998406170384,-1.7978182061314363,0.42377113779255665,constant_median
2023-04-22,16.72436892671133,-3.5540908895399066,0.4247733199950285,constant_median
2023-04-23,16.674958391575956,-1.9123079668931147,0.4212097817698136,constant_median
2023-04-24,16.319469839769205,-1.0337938342597817,0.41749586978599296,constant_median
2023-04-25,19.01821674670655,-1.099929557850242,0.4158675173948813,constant_median
2023-04-26,19.35365645913447,-3.461997335925048,0.414033357321945,constant_median
2023-04-27,29.767038047893816,-3.0251204624011243,0.414104003176471,constant_median
2023-04-28,25.987282699694426,-3.357753601544137,0.4136100005907013,constant_median
2023-04-29,22.637957055166964,-3.2016409249094946,0.41340345388731853,constant_median
2023-04-30,24.137961158137834,-3.81068679377082,0.4163524850364388,constant_median
2023-05-01,18.6696564675554,-1.3669419511284313,0.4135457546223939,constant_median
2023-05-02,20.25262135414018,-0.5771400993098151,0.4103399347553924,constant_median
2023-05-03,17.665211545335453,-0.47285577235363974,0.41025071777731237,constant_median
2023-05-05,23.86174100832245,-0.305013867930624,0.40432913309948226,constant_median
2023-05-06,21.292369928999545,-0.5053651804441609,0.40163547606992206,constant_median
2023-05-07,21.31466612902837,-1.2329546449560373,0.4004689186082694,constant_median
2023-05-08,21.227109995583625,-1.4127041113609278,0.39990631665072623,constant_median
2023-05-09,25.17893375769933,-1.559254539918027,0.3996805480817245,constant_median
2023-05-10,30.33425000219577,-1.738917415197661,0.3990948769951153,constant_median
2023-05-13,28.857968849952577,-6.745957658624654,0.40047428508210975,constant_median
2023-05-14,31.409503425262685,-4.134898800425797,0.39893201114848514,constant_median
2023-05-15,33.34789670889382,-4.435125530859145,0.3976586295657576,constant_median
2023-05-16,30.75511095768685,-4.173078341896481,0.39869220314032866,constant_median
2023-05-17,29.93931217129043,-4.0904814444386846,0.39914347091301605,constant_median
2023-05-18,27.56979035678862,-3.5485001211136105,0.39628366651039904,constant_median
2023-05-19,32.598095999230644,-3.2556335836822807,0.4100675834094282,constant_median
2023-05-20,24.077649347258436,-5.52248881518603,0.4302076828081526,constant_median
2023-05-21,32.172386666539126,-6.524537035075174,0.41360315778606144,constant_median
2023-05-26,26.161929039434117,-2.2434444234185444,0.40092483536676177,constant_median
2023-05-27,19.858587212604284,-2.242654654781754,0.4072252254470494,constant_median
2023-05-28,21.89024573606571,-2.8728114616313274,0.4112515868425021,constant_median
2023-05-29,22.19701717525029,-6.033657902866764,0.4134755374766296,constant_median
2023-05-30,31.921265006946353,-4.849739199187575,0.41545913459735473,constant_median
2023-06-01,30.36714775772009,-5.879141665195929,0.41525021309986027,constant_median
2023-06-02,32.5469542154348,-6.005643045527195,0.41318670961698595,constant_median
2023-06-03,27.87222870465535,-7.341808216450134,0.4119144666762714,constant_median
2023-06-04,27.612340137400867,-7.437938522918308,0.41139784091936904,constant_median
2023-06-06,29.629796592791614,-5.27181400590419,0.40322273871903913,constant_median
2023-06-07,33.72844376121823,-7.117293873607801,0.4011861736338331,constant_median
2023-06-08,24.489523299758815,-7.262389553064736,0.39894626348049783,constant_median
2023-06-09,25.88824962072672,-7.209621576133911,0.3941266403738885,constant_median
2023-06-10,30.97149306613087,-5.425065767525726,0.3901929582041741,constant_median
2023-06-11,29.210766493308657,-5.848225468115744,0.3886586031855049,constant_median
2023-06-12,25.938438892585012,-5.364972890882987,0.3873046632279687,constant_median
2023-06-13,23.58174839791175,-7.010796275144616,0.38524636544857793,constant_median
2023-06-14,27.53621325486728,-7.537805378994847,0.38517006179944974,constant_median
2023-06-15,21.838828763821247,-7.13722679722355,0.3885992755594179,constant_median
2023-06-16,27.85660374186554,-4.121551726123073,0.390754592148631,constant_median
2023-06-17,25.240617690048097,-6.147374940172249,0.39136618050942396,constant_median
2023-06-18,26.201191299691136,-6.482270804589227,0.39118591548230786,constant_median
2023-06-19,23.871025424576196,-6.256390880672717,0.3925612298755329,constant_median
2023-06-20,26.233961610027308,-5.872576645897322,0.39893177210124425,constant_median
2023-06-21,20.783261311695444,-5.618654661355653,0.40887158326760203,constant_median
2023-06-22,15.179961270757014,-5.269404712861914,0.4196435543617395,constant_median
2023-06-23,23.520017435137312,-5.607367096390898,0.42867376631349585,constant_median
2023-06-24,22.848677927163482,-7.992830448673969,0.4445674365810176,constant_median
2023-06-25,18.259432364747948,-9.321924204320045,0.470290790963708,constant_median
2023-06-26,19.290185385968492,-11.604675453420697,0.5027775943453218,constant_median
2023-06-27,13.600325299049313,-14.436697057895746,0.5435708760922047,constant_median
2023-06-28,5.875169973619799,-17.07927505540598,0.5832945252146112,constant_median
2023-06-29,8.557441427428465,-17.58791159052348,0.6001335619179708,constant_median
2023-06-30,7.034154801474618,-17.28723775403455,0.6027433495825952,constant_median
2023-07-01,9.48256960094799,-16.844069655724535,0.6012315102781043,constant_median
2023-07-02,9.88201364146662,-17.312423556711042,0.5946057450170081,constant_median
2023-07-03,6.807568676677784,-17.74835868545983,0.5857281467801744,constant_median
2023-07-04,11.902766665798064,-17.244738911063383,0.5737514329922336,constant_median
2023-07-05,10.824043043907055,-15.316611907651478,0.5591257204560629,constant_median
2023-07-06,12.859704318493531,-14.043845832021947,0.5477537021238776,constant_median
2023-07-07,12.784634211784118,-14.757055204651278,0.5401071075652525,constant_median
2023-07-08,14.047126114394695,-13.392142394483011,0.5310127069863884,constant_median
2023-07-09,8.191874389135887,-14.217086051876098,0.5234776424185962,constant_median
2023-07-11,9.256639639706181,-14.686102385578469,0.5391026017989565,constant_median
2023-07-12,8.159346474257147,-14.932307844217585,0.5437725015401026,constant_median
2023-07-13,10.351809988559893,-14.726266046050668,0.5565723713369349,constant_median
2023-07-14,5.846523397951114,-15.097279478571146,0.5683347071535376,constant_median
2023-07-17,7.769630304896517,-15.529904814303777,0.5822428788528309,constant_median
2023-07-18,6.7961805323984255,-15.287938595948216,0.581790468241018,constant_median
2023-07-19,7.745278687053409,-16.00377479847648,0.5795175634167782,constant_median
2023-07-20,6.163838698395386,-17.463081940197583,0.5792042526810989,constant_median
2023-07-21,5.589583995968411,-19.08137316471544,0.5821211686834511,constant_median
2023-07-27,2.5818569055177005,-20.060827836189823,0.5487707540194398,constant_median
2023-08-01,6.057306598907241,-15.786711487266324,0.5698945205392495,constant_median
2023-08-02,5.144112696255544,-16.618782455513678,0.5728225980731247,constant_median
2023-09-02,6.813685195302417,-17.617728644320312,0.5959174710931668,constant_median
2023-09-05,3.4046776533156824,-17.69066000937433,0.6113004484982946,constant_median
2023-09-15,5.4792026098685405,-16.605069324150346,0.5768617587040477,constant_median
2023-09-17,3.9537789956654104,-16.64953021196874,0.5614920089439653,constant_median
2023-09-18,5.848516848011861,-15.166437345042784,0.5561940358664976,constant_median
2023-09-19,8.289052845799556,-13.695122160148703,0.5506334640807817,constant_median
2023-10-04,12.740461801157823,-13.474200120926142,0.49936640438162216,constant_median
2023-10-05,12.988920111160784,-11.903546002562049,0.49415493544429806,constant_median
2023-10-06,14.107395641076707,-12.794644237749058,0.4917589276218765,constant_median
2023-10-07,11.885435914929772,-11.066421111510232,0.4896165068363901,constant_median
2023-10-08,12.410391798550037,-9.042734400337032,0.48703784127208155,constant_median
2023-10-09,16.870733363683037,-5.351215362391399,0.4829119593770264,constant_median
2023-10-10,12.92054113703488,-7.1816648451234375,0.4784656064086178,constant_median
2023-10-12,6.600820159687474,-11.55760918826061,0.4874974616828194,constant_median
2023-10-13,12.39282578854875,-13.001168862664706,0.4860779519733703,constant_median
2023-10-14,11.857428057063325,-11.650645804878,0.4861922884486592,constant_median
2023-10-15,11.763661276722557,-10.073462335605349,0.4933763954379819,constant_median
2023-10-16,12.784488308526685,-7.903967358606431,0.5017983358469751,constant_median
2023-10-17,13.86094624119568,-7.343391665715637,0.5073060945555437,constant_median
2023-10-18,10.806703434499681,-7.549517888166942,0.5116805930177021,constant_median
2023-10-19,12.116468809430748,-8.821531087676853,0.5164248605324808,constant_median
2023-10-20,11.614792052419864,-10.993236159864225,0.5206432330890404,constant_median
2023-10-21,10.564504149785678,-11.825557331563813,0.5192441719201546,constant_median
2023-10-22,12.569990815382969,-10.302780077703236,0.5125786769749988,constant_median
2023-10-23,13.282424359290022,-10.928983131898816,0.5056362484158246,constant_median
2023-10-24,11.868227888015277,-10.445305060704618,0.4986746626294583,constant_median
2023-10-25,12.624566868512607,-11.489959821275264,0.4935337621102562,constant_median
2023-10-26,14.159654977081479,-11.279978231848554,0.48931257409522233,constant_median
2023-10-27,12.510300124097819,-12.157590660826568,0.4850579438145134,constant_median
2023-10-28,10.867231751317261,-12.21143063279205,0.4807623998449485,constant_median
2023-10-29,14.910280876821506,-8.194671545434497,0.47755788195248255,constant_median
2023-10-30,13.399835105820012,-9.03599649275877,0.47540740003017345,constant_median
2023-10-31,15.370267787415626,-7.113113442663216,0.4739722370330188,constant_median
2023-11-03,22.208319774415134,-6.415673577086921,0.46328279144655243,constant_median
2023-11-04,24.514044499892613,-5.990191496324031,0.46163287015773313,constant_median
2023-11-05,19.946131022530523,-7.123359985313549,0.46066628965154344,constant_median
2023-11-06,20.2652001298944,-1.7572763966377902,0.4584657666080201,constant_median
2023-11-07,20.434144753566926,-4.1272314817601625,0.45601577192435905,constant_median
2023-11-08,20.31490133283864,-2.6493532909865998,0.4539481864176455,constant_median
2023-11-10,16.190473544988357,-4.302875772707591,0.4494929463700854,constant_median
2023-11-11,17.310894422739466,-7.692291005182688,0.4482878866881549,constant_median
2023-12-14,27.90267627466602,-1.6793069369227418,0.47112598895587754,constant_median
2023-12-15,26.97024432284207,-2.264566219852777,0.4718838522846499,constant_median
2023-12-16,10.965285848955078,-4.268904378385167,0.49180012535625905,constant_median
2023-12-17,9.240473330606726,-11.277210083220407,0.53250204224804,constant_median
2023-12-18,10.62417260777844,-11.91115994362894,0.59609664993678535,constant_median
2024-01-21,6.570755130452847,-16.238152884118804,0.7960593229430122,constant_median
2024-01-22,6.652268259898406,-18.256025612452557,0.7849926035380361,constant_median
2024-01-24,11.246025612924525,-22.49833188912752,0.7627700756702055,constant_median
2024-01-25,8.470215012119484,-23.271267609700867,0.7527384288984822,constant_median
2024-01-26,10.175993938348208,-25.316671608346592,0.7470463399274484,constant_median
2024-01-27,7.470841333611682,-24.619984682135158,0.745500156495742,constant_median
2024-01-28,9.510233101361164,-24.05942964502597,0.7518778465469377,constant_median
2024-01-29,10.647108416796272,-18.131651699090554,0.7571862667807608,constant_median
2024-01-30,10.14698784646661,-17.46168426031122,0.7594788572673828,constant_median
2024-01-31,9.548025586476834,-18.042893883868835,0.7612177837973485,constant_median
2024-02-01,14.141014556894618,-16.81525457141608,0.7590711226583929,constant_median
2024-02-02,12.876185693528543,-18.4130738451541,0.7541203954067219,constant_median
2024-02-03,12.953850587639284,-19.045784820858486,0.7431309443024161,constant_median
2024-02-04,6.165728649945416,-20.633075316019767,0.731159544828377,constant_median
2024-02-05,10.87306740968174,-18.550611444660714,0.7197991797227495,constant_median
2024-02-06,15.914378014979443,-16.441408616386568,0.704423047729711,constant_median
2024-02-07,19.832817330528886,-12.935461021759057,0.6898164218434054,constant_median
2024-02-08,17.859499886522734,-14.727242999517951,0.6827502054771785,constant_median
2024-02-09,20.027800836720335,-15.603630278549687,0.6790146419075144,constant_median
2024-02-10,19.254606977156257,-16.89064790897278,0.6731117391846945,constant_median
2024-02-11,26.993939771262315,-17.02239456521579,0.6647378796480782,constant_median
2024-02-12,19.264510591998825,-19.844756522380955,0.6558988344942148,constant_median
2024-02-13,26.721136238991974,-15.277335445115208,0.6452198965652384,constant_median
2024-02-14,25.609065190361576,-10.229521178880082,0.6333372042586365,constant_median
2024-02-15,25.194959509569625,-12.329143199938446,0.626583442811952,constant_median
2024-02-16,25.983422190509646,-12.532988322853175,0.6229797468612611,constant_median
2024-02-17,13.91006669260577,-15.391623987411139,0.62047835641639415,constant_median
2024-02-18,10.646358074863336,-11.050490876412397,0.6189773672852218,constant_median
2024-02-19,27.67026180166137,-8.380819983676558,0.6184159576362938,constant_median
2024-02-20,28.079106107441895,-8.153440834148178,0.624222942854797,constant_median
2024-02-21,26.628102029381843,-9.418109884273848,0.6353962999995444,constant_median
2024-02-22,26.862899799549837,-10.503371751526387,0.6500024977428,constant_median
2024-02-23,16.0507713032737,-16.206775049709396,0.6638641540556407,constant_median
2024-02-24,23.05719171820455,-15.563268352454251,0.6680661269169442,constant_median
2024-02-25,23.868063971455726,-13.468998524082583,0.66554707490928,constant_median
2024-02-26,23.825467004815398,-13.114471146132257,0.6640635473258141,constant_median
2024-02-27,21.760345567314506,-15.724267615161125,0.6607661083090242,constant_median
2024-02-28,25.98978877244568,-17.309532836477196,0.6534769073194121,constant_median
2024-02-29,29.30752988692583,-18.62465264000247,0.6425914639378749,constant_median
2024-03-01,24.016021351364934,-16.779606167783506,0.6335762265645307,constant_median
2024-03-02,19.11539996704889,-21.231662947947644,0.6273852328219158,constant_median
2024-03-03,26.60201250302174,-21.574035878029033,0.6204349155519403,constant_median
2024-03-04,26.744787755701793,-19.913336809508806,0.6121064455144828,constant_median
2024-03-05,10.012925554248627,-20.69908070995146,0.6123888747407116,constant_median
2024-03-06,22.56357676996711,-21.50379486922814,0.6211153445789408,constant_median
2024-03-07,23.958719501211924,-18.539141341410065,0.628003507933881,constant_median
2024-03-08,24.76483801518463,-19.75241304922335,0.6327842749206636,constant_median
2024-03-09,15.599111797859582,-24.19475404207857,0.638374836787599,constant_median
2024-03-10,18.67824443244001,-20.11688659987885,0.6427906796285733,constant_median
2024-03-11,21.546191096185623,-14.275348318017336,0.6423034816929674,constant_median
2024-03-12,19.321356928406413,-15.633773098132323,0.6501110687576994,constant_median
2024-03-13,16.408722239546638,-17.849985838435494,0.67006199002056,constant_median
2024-03-14,16.143250789176435,-19.254229913998316,0.6878138643699467,constant_median
2024-03-15,14.344620543129778,-20.923677187995224,0.698068026228063,constant_median
2024-03-16,8.03284768893398,-22.7939828015832,0.7011002086126777,constant_median
2024-03-17,10.809303007412055,-22.87692379165444,0.6978984530740548,constant_median
2024-03-19,12.232784188135598,-14.972969192209732,0.6759106908702518,constant_median
2024-03-20,15.129348756566532,-12.853018082259036,0.6612577017331671,constant_median
2024-03-21,14.147267962382355,-14.454159576281295,0.6489710808770753,constant_median
2024-03-23,13.808465798766731,-17.77522253231293,0.635301448637581,constant_median
2024-03-24,15.954916854486559,-14.204976207106428,0.6257190062547524,constant_median
2024-03-25,18.73589610145631,-14.576897857720661,0.6179108011196941,constant_median
2024-03-26,16.087187337199904,-18.003844329823256,0.6199248929191408,constant_median
2024-03-28,15.050000439523464,-18.96374681993082,0.6309342261059494,constant_median
2024-03-29,11.915070884260118,-13.879063656549496,0.6284537471392341,constant_median
2024-03-30,14.361602316421223,-14.965196570057437,0.6287918191651759,constant_median
2024-03-31,15.731984657245123,-14.95070964037341,0.6322426430699019,constant_median
2024-04-01,12.086868920403308,-17.316933368453434,0.6316497313944168,constant_median
2024-04-02,10.6793058401667,-18.578735380626746,0.6292288767297045,constant_median
2024-04-04,10.513163217037501,-15.866649210817412,0.6405421619052365,constant_median
2024-04-05,11.051035455692404,-15.079069428089799,0.6531511590883157,constant_median
2024-04-06,6.4421564139304275,-16.83491156594765,0.676681991158156,constant_median
2024-04-09,6.574416897024832,-19.36514832100134,0.7057572946384243,constant_median
2024-04-16,6.963531880250885,-18.182018465917242,0.6867614849958374,constant_median
2024-04-17,8.099987261701623,-19.05531843730474,0.6843139859541945,constant_median
2024-04-18,7.983791704009725,-19.37761915296901,0.6826480152991743,constant_median
2024-04-20,5.324590628836816,-19.518522352756037,0.6845652454180975,constant_median
2024-04-22,3.8262161840270243,-18.064537548483248,0.6984590938412358,constant_median
2024-04-29,8.241035144503263,-15.996068127865813,0.6143451484287094,constant_median
2024-04-30,9.651512766838596,-14.888578889053008,0.5948409749695178,constant_median
2024-05-01,12.538988599446583,-14.554365960367047,0.5764802232348547,constant_median
2024-05-02,12.82846689992468,-14.531136548040244,0.5606982314785482,constant_median
2024-05-03,14.096423084966892,-13.90639833449117,0.5458597892165771,constant_median
2024-05-04,14.033465288353447,-13.714318896631905,0.5335917912266587,constant_median
2024-05-05,7.122584867733433,-13.38604427545226,0.5256500382534278,constant_median
2024-05-06,14.807226046469742,-13.986668094276562,0.5190744411276306,constant_median
2024-05-07,12.032036758915618,-15.993561863713623,0.5146503496326401,constant_median
2024-05-08,10.91834502734897,-17.192205579384446,0.5098531837714942,constant_median
2024-05-09,12.285299056875367,-15.937252905473372,0.5046414998071207,constant_median
2024-05-10,5.540067992598197,-14.575927393849174,0.503033982948468,constant_median
2024-05-11,14.231990819259257,-12.433694406852565,0.5008040375668467,constant_median
2024-05-13,6.21277913194185,-11.033631149683728,0.4958920223445348,constant_median
2024-05-14,9.410701823331635,-11.569725225836173,0.4988153795591896,constant_median
2024-05-15,5.240304919873027,-11.03804351894142,0.4975173838549177,constant_median
2024-05-16,10.07014864287458,-11.76572675057427,0.4965798535083658,constant_median
2024-05-17,8.723117223387753,-11.274714987843277,0.4952444478549542,constant_median
2024-05-18,6.256517913077492,-11.564959100494399,0.4937469845534716,constant_median
2024-05-19,9.026273061842017,-12.388434269071011,0.49333824339385923,constant_median
2024-05-20,11.308168418210483,-10.08270741454854,0.4922878084404141,constant_median
2024-05-21,9.868633442604256,-9.937500279139625,0.49004193954917746,constant_median
2024-05-22,8.681097061226424,-11.359760453657797,0.4874789300358476,constant_median
2024-05-23,14.866834759402746,-9.905420159127694,0.4850773235279566,constant_median
2024-05-24,14.797493715894959,-10.303886934611429,0.48533032365036916,constant_median
2024-05-25,11.207406972639776,-12.079087204080574,0.4858367159484387,constant_median
2024-05-26,12.304277763459552,-10.4892832710891,0.48551575352258985,constant_median
2024-05-27,9.37088481603733,-10.328037871281794,0.4862685629457286,constant_median
2024-05-28,10.738455651612632,-10.82362278619055,0.48731090247006253,constant_median
2024-05-29,13.163831659046691,-10.789059416279391,0.48709430985594043,constant_median
2024-05-30,15.465048522524834,-9.064940659588297,0.48357238050837614,constant_median
2024-05-31,15.695137595408896,-8.333707202006503,0.47865514121799846,constant_median
2024-06-01,14.340922719953133,-9.24586829548202,0.47416573426545616,constant_median
2024-06-02,5.297974095007396,-8.85223521928767,0.4708341106251469,constant_median
2024-06-03,14.098223920924246,-8.071779329248818,0.4676632758355899,constant_median
2024-06-04,13.974627867813435,-8.496852857217041,0.4642203074125547,constant_median
2024-06-05,10.838284400623744,-8.952243723797412,0.46082386791586305,constant_median
2024-06-06,17.020588892713718,-8.469714539994392,0.45839808800137444,constant_median
2024-06-07,15.201097234589788,-10.337426204431832,0.45539533638081076,constant_median
2024-06-08,13.562602161915978,-9.647121418845469,0.4515849277194344,constant_median
2024-06-09,12.019722461489366,-9.302350886220957,0.44879114347148813,constant_median
2024-06-10,12.102449426340893,-8.018942961278443,0.4464864731377836,constant_median
2024-06-11,12.109851867335886,-8.84074347954615,0.4439282709245131,constant_median
2024-06-12,11.496112064765853,-9.119784999724503,0.44279621951071657,constant_median
2024-06-13,12.699550807316825,-9.463706035053233,0.44128174329970105,constant_median
2024-06-14,12.479412854066927,-8.595803176899489,0.43874482879454435,constant_median
2024-06-15,13.656607425213178,-7.721850550034703,0.4390855991206549,constant_median
2024-06-16,12.082384357228001,-9.190744500143365,0.45123314076118126,constant_median
2024-06-17,14.17358411472683,-7.721665303797642,0.46282046400293925,constant_median
2024-06-18,13.361884229568496,-7.717721380671394,0.4626640261616212,constant_median
2024-06-19,12.77317936665925,-7.613816813966984,0.4603107546454814,constant_median
2024-06-20,13.228061857071113,-7.557218867303882,0.4595613080228255,constant_median
2024-06-21,15.504999008641946,-6.220028076993292,0.4601217676464994,constant_median
2024-06-22,13.612527918669771,-7.412352929772844,0.45889891845145475,constant_median
2024-06-23,14.468270399763284,-7.787606561596539,0.4571189198125161,constant_median
2024-06-24,15.3873234067031,-8.013906244922183,0.45728745608423416,constant_median
2024-06-25,14.105708106447173,-8.058840253685485,0.4569804961444316,constant_median
2024-06-26,13.490382580795682,-7.8195432158667915,0.4549087103376819,constant_median
2024-06-27,9.826998306510447,-7.1567945864486955,0.4520349185133961,constant_median
2024-06-28,12.201700251020592,-6.656087326506899,0.45040193021121117,constant_median
2024-06-29,11.760843368958904,-6.625402953677168,0.4514344055335572,constant_median
2024-06-30,14.10024069512545,-7.281854895877407,0.4562125430439841,constant_median
2024-07-01,12.474418219974835,-9.0392974394131,0.46078491329920557,constant_median
2024-07-02,15.400960732665974,-8.726042551292236,0.45997585386605166,constant_median
2024-07-03,17.03267858106406,-8.307571511038796,0.4590888690389632,constant_median
2024-07-04,14.400222735266189,-9.4338448679446,0.46094792148064495,constant_median
2024-07-05,11.817129605643599,-9.27675713364057,0.4613659234101646,constant_median
2024-07-06,16.121521810876473,-7.770422584155358,0.45953701525393365,constant_median
2024-07-07,11.362862324065029,-7.774899594826801,0.45663554492331504,constant_median
2024-07-08,14.524876353084785,-8.530964066977695,0.4546544211966407,constant_median
2024-07-09,17.604644742590033,-8.952140269784673,0.4563449296857381,constant_median
2024-07-10,17.848628312089534,-8.409082023709445,0.46066333273418186,constant_median
2024-07-11,15.98577626077205,-9.735748157322849,0.4673152296999442,constant_median
2024-07-12,12.719759900446467,-8.770365858823325,0.47444899912150795,constant_median
2024-07-13,14.432279864625748,-8.354620293250512,0.47843841411164995,constant_median
2024-07-14,14.82281088255001,-8.461679613808236,0.4781260099165402,constant_median
2024-07-15,12.988391794078701,-8.471918847930477,0.4731303063673438,constant_median
2024-07-16,14.281197514468682,-7.6572499727410746,0.46646855624149364,constant_median
2024-07-17,14.049863166105508,-7.615033397159991,0.4614553001785814,constant_median
2024-07-18,14.937053651354464,-7.322554938430044,0.4586728949555999,constant_median
2024-07-19,14.499451496510654,-8.217265846223164,0.456725005073302,constant_median
2024-07-20,10.151918855774518,-9.058912181283175,0.45432094968330383,constant_median
2024-07-21,12.833445618735823,-8.654750398562378,0.45196244957046705,constant_median
2024-07-22,14.37825124126497,-7.665349493705325,0.4490914931668423,constant_median
2024-07-23,16.937927169728663,-8.098887547464816,0.44596612464464724,constant_median
2024-07-24,19.349698922416497,-7.918176761615296,0.44430248528883676,constant_median
2024-07-25,14.42914378697838,-9.185671148300505,0.4452832772605801,constant_median
