ID,Date,K600_1.d_daily
AM,2022-05-12T00:00:00Z,2.4189097451169825
AM,2022-05-13T00:00:00Z,2.44106708427861
AM,2022-05-14T00:00:00Z,2.4817030388516392
AM,2022-05-15T00:00:00Z,2.4869328499630727
AM,2022-05-16T00:00:00Z,2.504229937881308
AM,2022-05-17T00:00:00Z,2.538010041623469
AM,2022-05-18T00:00:00Z,2.5452120950187616
AM,2022-05-19T00:00:00Z,2.572900066233886
AM,2022-05-20T00:00:00Z,2.5741609332510715
AM,2022-05-21T00:00:00Z,2.5685458461544597
AM,2022-05-22T00:00:00Z,2.586455130107391
AM,2022-07-01T00:00:00Z,2.5856474170099735
AM,2022-07-02T00:00:00Z,2.690363438344094
AM,2022-07-03T00:00:00Z,2.6495216922365
AM,2022-07-04T00:00:00Z,2.655791162494109
AM,2022-07-05T00:00:00Z,2.638338369352185
AM,2022-07-06T00:00:00Z,2.683906793128832
AM,2022-07-07T00:00:00Z,2.673380439114203
AM,2022-07-08T00:00:00Z,2.682100040529998
AM,2022-07-09T00:00:00Z,2.638643090963555
AM,2022-07-10T00:00:00Z,2.635929261505457
AM,2022-07-11T00:00:00Z,2.6125163135245
AM,2022-07-12T00:00:00Z,2.6145511598041775
AM,2022-07-13T00:00:00Z,2.5884550937659485
AM,2022-07-14T00:00:00Z,2.51158230523426
AM,2022-07-15T00:00:00Z,2.484435755682546
AM,2022-07-16T00:00:00Z,2.432199577180852
AM,2022-07-17T00:00:00Z,2.2916002189743327
AM,2022-07-21T00:00:00Z,0.3250612948314391
AM,2022-07-22T00:00:00Z,0.3260691075614455
AM,2022-07-23T00:00:00Z,0.3261099297701715
AM,2022-07-24T00:00:00Z,0.32584466298826764
AM,2022-07-25T00:00:00Z,0.32484179940947494
AM,2022-07-26T00:00:00Z,0.3265185632691986
AM,2022-07-27T00:00:00Z,0.3259422188225215
AM,2022-07-29T00:00:00Z,1.7783407768265207
AM,2022-07-30T00:00:00Z,2.0086257181322913
AM,2022-07-31T00:00:00Z,2.080317144884976
AM,2022-08-01T00:00:00Z,2.0431652541510816
AM,2022-08-02T00:00:00Z,2.230785525952783
AM,2022-08-03T00:00:00Z,2.38657269927685
AM,2022-08-04T00:00:00Z,2.372002977791439
AM,2022-08-05T00:00:00Z,2.4751540911456864
AM,2022-08-06T00:00:00Z,2.358312674395936
AM,2022-08-07T00:00:00Z,2.523854045802733
AM,2022-08-08T00:00:00Z,2.4990525801964023
AM,2022-08-09T00:00:00Z,2.421576867032905
AM,2022-08-10T00:00:00Z,2.4386374849355867
AM,2022-08-11T00:00:00Z,2.4234379082032467
AM,2022-08-12T00:00:00Z,2.4286954092006803
AM,2022-08-13T00:00:00Z,2.3644593952641837
AM,2022-08-14T00:00:00Z,2.471408200803184
AM,2022-08-15T00:00:00Z,2.4670869598769283
AM,2022-08-16T00:00:00Z,2.3848265481493667
AM,2022-08-17T00:00:00Z,2.4821089614198804
AM,2022-08-18T00:00:00Z,2.491768366736771
AM,2022-08-19T00:00:00Z,2.536878639568017
AM,2022-08-20T00:00:00Z,2.537907308471599
AM,2022-08-21T00:00:00Z,2.604068556127663
AM,2022-08-22T00:00:00Z,2.6093453191162648
AM,2022-08-23T00:00:00Z,2.569214316678353
AM,2022-08-24T00:00:00Z,2.604528170475313
AM,2022-08-25T00:00:00Z,2.5397791919211974
AM,2022-08-26T00:00:00Z,2.4959874648936693
AM,2022-08-27T00:00:00Z,2.4628373868226676
AM,2022-08-28T00:00:00Z,2.200028324561376
AM,2022-08-30T00:00:00Z,0.32356093116808693
AM,2022-08-31T00:00:00Z,0.3276259680884664
AM,2022-09-02T00:00:00Z,0.32136933036378473
AM,2022-09-03T00:00:00Z,0.3238431403602792
AM,2022-09-04T00:00:00Z,0.32335766646108755
AM,2022-09-05T00:00:00Z,0.324105310054806
AM,2022-09-06T00:00:00Z,0.32490116800874147
AM,2022-09-09T00:00:00Z,0.32560977152626486
AM,2022-09-11T00:00:00Z,0.3243225541764374
AM,2022-09-18T00:00:00Z,0.32364504604319083
AM,2022-09-19T00:00:00Z,0.32547593532021135
AM,2022-09-20T00:00:00Z,0.3242019713190584
AM,2022-09-22T00:00:00Z,0.7246497485627396
AM,2022-09-27T00:00:00Z,2.339178753568166
AM,2022-09-28T00:00:00Z,2.2134474856098776
AM,2022-09-29T00:00:00Z,2.4213020734789565
AM,2022-09-30T00:00:00Z,2.411555494615892
AM,2022-10-01T00:00:00Z,2.471392131944442
AM,2022-10-02T00:00:00Z,2.4501352315583804
AM,2022-10-03T00:00:00Z,2.3653981930664982
AM,2022-10-04T00:00:00Z,2.6474083439996443
AM,2022-10-05T00:00:00Z,2.4624219982851394
AM,2022-10-06T00:00:00Z,2.53802444638278
AM,2022-10-07T00:00:00Z,2.5805434234612856
AM,2022-10-08T00:00:00Z,2.620823618395706
AM,2022-10-09T00:00:00Z,2.697739222155204
AM,2022-10-10T00:00:00Z,2.727105016805231
AM,2022-10-11T00:00:00Z,2.671438585186239
AM,2022-10-12T00:00:00Z,2.7310161553131
AM,2022-10-13T00:00:00Z,2.709083998684093
AM,2022-10-14T00:00:00Z,2.6886455757590806
AM,2022-10-15T00:00:00Z,2.700987291639512
AM,2022-10-16T00:00:00Z,2.711799278415046
AM,2022-10-17T00:00:00Z,2.763155210292565
AM,2022-10-18T00:00:00Z,2.7330536852578247
AM,2022-10-19T00:00:00Z,2.730322600166772
AM,2022-10-20T00:00:00Z,2.7391507846110614
AM,2022-10-21T00:00:00Z,2.7113786838887397
AM,2022-10-22T00:00:00Z,2.715429742143945
AM,2022-10-23T00:00:00Z,2.707032210641977
AM,2022-10-24T00:00:00Z,2.7322014270752693
AM,2022-10-25T00:00:00Z,2.7007568764151335
AM,2022-10-27T00:00:00Z,2.728374986333968
AM,2022-10-28T00:00:00Z,2.759032456212501
AM,2022-10-29T00:00:00Z,2.717518132848895
AM,2022-10-30T00:00:00Z,2.729023797486388
AM,2022-10-31T00:00:00Z,2.7445143889960013
AM,2022-11-01T00:00:00Z,2.734930161805571
AM,2022-11-02T00:00:00Z,2.742458856518857
AM,2022-11-03T00:00:00Z,2.706922949149382
AM,2022-11-04T00:00:00Z,2.7382185648941517
AM,2022-11-05T00:00:00Z,2.744347457112828
AM,2022-11-09T00:00:00Z,2.756284068112828
AM,2022-11-10T00:00:00Z,2.5713098535562335
AM,2022-11-11T00:00:00Z,2.675515091162569
AM,2022-11-12T00:00:00Z,2.6993701158971226
AM,2022-11-13T00:00:00Z,2.762371031528704
AM,2022-11-14T00:00:00Z,2.7321283326325907
AM,2022-11-15T00:00:00Z,2.6659521378159257
AM,2022-11-16T00:00:00Z,2.7698570916094756
AM,2022-11-17T00:00:00Z,2.8090336995027787
AM,2022-11-18T00:00:00Z,2.759852358012125
AM,2022-11-19T00:00:00Z,2.751178873538723
AM,2022-11-20T00:00:00Z,2.644030771524168
AM,2022-11-21T00:00:00Z,2.74077544977291
AM,2022-11-22T00:00:00Z,2.770470131886699
AM,2022-11-23T00:00:00Z,2.7690752495301787
AM,2022-11-24T00:00:00Z,2.8047106512821336
AM,2022-11-25T00:00:00Z,2.7694455906808795
AM,2022-11-26T00:00:00Z,2.740877098652201
AM,2022-11-27T00:00:00Z,2.642975233242381
AM,2022-11-28T00:00:00Z,2.5305694411359005
AM,2022-11-29T00:00:00Z,2.7966264011177646
AM,2022-11-30T00:00:00Z,2.6559745991511705
AM,2022-12-01T00:00:00Z,2.7616538968582662
AM,2022-12-02T00:00:00Z,2.747246158341204
AM,2022-12-03T00:00:00Z,2.7807844055426965
AM,2022-12-04T00:00:00Z,2.7931375371919613
AM,2022-12-05T00:00:00Z,2.7870562514590445
AM,2022-12-07T00:00:00Z,2.790383680310729
AM,2022-12-08T00:00:00Z,2.7853736811961385
AM,2022-12-09T00:00:00Z,2.812208725155517
AM,2022-12-15T00:00:00Z,2.7513262052861633
AM,2022-12-20T00:00:00Z,2.7075092292970786
AM,2022-12-21T00:00:00Z,2.732968169941151
AM,2023-01-04T00:00:00Z,2.657855757894912
AM,2023-01-21T00:00:00Z,2.65339244851969
AM,2023-02-10T00:00:00Z,1.7911454786725964
AM,2023-02-11T00:00:00Z,1.31651182439544
AM,2023-02-15T00:00:00Z,0.3261667138581263
AM,2023-02-16T00:00:00Z,0.32507623413304454
AM,2023-02-17T00:00:00Z,0.3254513620262897
AM,2023-02-18T00:00:00Z,0.32534823571819066
AM,2023-02-19T00:00:00Z,0.3255560688641749
AM,2023-02-20T00:00:00Z,0.32637533965451926
AM,2023-02-21T00:00:00Z,0.32651764184446763
AM,2023-02-22T00:00:00Z,0.3248030816487645
AM,2023-02-23T00:00:00Z,0.32592619932585404
AM,2023-02-24T00:00:00Z,0.3238350790589124
AM,2023-02-26T00:00:00Z,0.32364119939069064
AM,2023-03-01T00:00:00Z,0.3244685595969759
AM,2023-03-02T00:00:00Z,0.3238165581089915
AM,2023-03-03T00:00:00Z,0.322568957949686
AM,2023-03-05T00:00:00Z,0.5551319832787048
AM,2023-03-06T00:00:00Z,0.7233926010387717
AM,2023-03-07T00:00:00Z,0.8609738547142448
AM,2023-03-10T00:00:00Z,1.8736514908925632
AM,2023-03-16T00:00:00Z,2.171205890279167
AM,2023-03-18T00:00:00Z,1.697101319472808
AM,2023-03-20T00:00:00Z,1.718784192801505
AM,2023-03-21T00:00:00Z,1.1334433202815812
AM,2023-03-22T00:00:00Z,1.3334284187635392
AM,2023-03-23T00:00:00Z,0.93414997842068
AM,2023-03-24T00:00:00Z,1.15373815351539
AM,2023-03-25T00:00:00Z,1.0171542849827488
AM,2023-03-26T00:00:00Z,0.9717428672676796
AM,2023-03-27T00:00:00Z,1.4974243316343128
AM,2023-03-28T00:00:00Z,1.710612099254042
AM,2023-04-01T00:00:00Z,2.0640791181947056
AM,2023-04-06T00:00:00Z,2.682335935305088
AM,2023-04-08T00:00:00Z,2.1565152701826245
AM,2023-04-09T00:00:00Z,1.7475546087682687
AM,2023-04-11T00:00:00Z,2.7439004269598577
AM,2023-04-14T00:00:00Z,1.4603973659211205
AM,2023-04-18T00:00:00Z,1.660740181644894
AM,2023-04-19T00:00:00Z,1.62278978290533
AM,2023-04-20T00:00:00Z,1.6887027425680772
AM,2023-04-21T00:00:00Z,1.676520496419997
AM,2023-04-23T00:00:00Z,1.734350423599287
AM,2023-04-24T00:00:00Z,2.146984887737666
AM,2023-04-25T00:00:00Z,2.6362352469118626
AM,2023-04-27T00:00:00Z,2.5054466979484924
AM,2023-04-28T00:00:00Z,2.7268942541379975
AM,2023-04-29T00:00:00Z,2.2932672536739465
AM,2023-04-30T00:00:00Z,1.7637223023305946
AM,2023-05-01T00:00:00Z,1.7821192776737238
AM,2023-05-02T00:00:00Z,1.942289925921996
AM,2023-05-06T00:00:00Z,2.7540281991385505
AM,2023-05-07T00:00:00Z,2.6918623884867
AM,2023-05-17T00:00:00Z,2.61282408282285
AM,2023-05-26T00:00:00Z,2.7671188137671083
AM,2023-06-15T00:00:00Z,2.5630737907172714
AM,2023-06-16T00:00:00Z,2.707177340905973
AM,2023-06-17T00:00:00Z,2.4674757618562446
AM,2023-06-18T00:00:00Z,2.330190959832508
AM,2023-06-19T00:00:00Z,2.068963896916693
AM,2023-06-20T00:00:00Z,1.4192511719866736
AM,2023-06-21T00:00:00Z,1.8297569815180268
AM,2023-06-27T00:00:00Z,0.32465770810381755
AM,2023-06-29T00:00:00Z,0.3258059345356319
AM,2023-07-01T00:00:00Z,0.3263611061909151
AM,2023-07-02T00:00:00Z,0.32469678401774166
AM,2023-07-03T00:00:00Z,0.3248700203277943
AM,2023-07-04T00:00:00Z,0.3239936575829925
AM,2023-07-05T00:00:00Z,0.32314141846649713
AM,2023-07-07T00:00:00Z,0.92235964652142
AM,2023-07-08T00:00:00Z,1.055734904008676
AM,2023-07-09T00:00:00Z,1.3768777297402448
AM,2023-07-10T00:00:00Z,1.6649835278952618
AM,2023-07-11T00:00:00Z,1.922423293600981
AM,2023-07-12T00:00:00Z,2.0671603377367767
AM,2023-07-13T00:00:00Z,2.2742538003971924
AM,2023-07-14T00:00:00Z,2.2175788031293844
AM,2023-07-15T00:00:00Z,2.2879606852793213
AM,2023-07-16T00:00:00Z,2.1154005265271754
AM,2023-07-17T00:00:00Z,2.3902542293158504
AM,2023-07-18T00:00:00Z,2.5027535009391504
AM,2023-07-19T00:00:00Z,2.6277765431967635
AM,2023-07-22T00:00:00Z,2.463746102007593
AM,2023-07-23T00:00:00Z,2.392320364765077
AM,2023-07-24T00:00:00Z,2.5716421285686835
AM,2023-07-26T00:00:00Z,2.6497431833111778
AM,2023-07-27T00:00:00Z,2.7236653778637394
AM,2023-07-29T00:00:00Z,2.6022405658876124
AM,2023-08-05T00:00:00Z,2.263959524815853
AM,2023-08-09T00:00:00Z,2.498194248185966
AM,2023-08-10T00:00:00Z,2.2979528948171346
AM,2023-08-11T00:00:00Z,2.4464584445310043
AM,2023-08-13T00:00:00Z,2.6257628793682737
AM,2023-08-14T00:00:00Z,2.359090540467362
AM,2023-08-15T00:00:00Z,2.1982634195863837
AM,2023-08-17T00:00:00Z,2.5040175630674115
AM,2023-08-18T00:00:00Z,2.5121533207478572
AM,2023-08-19T00:00:00Z,2.552550475469283
AM,2023-08-20T00:00:00Z,2.6144317702543947
AM,2023-08-21T00:00:00Z,2.6138475553238925
AM,2023-08-22T00:00:00Z,2.6014021026329948
AM,2023-08-23T00:00:00Z,2.6713441845498975
AM,2023-08-24T00:00:00Z,2.6682191955279673
AM,2023-08-25T00:00:00Z,2.665107905276863
AM,2023-08-26T00:00:00Z,2.6455185049107843
AM,2023-08-27T00:00:00Z,2.647790742535347
AM,2023-08-28T00:00:00Z,2.677760922397149
AM,2023-08-29T00:00:00Z,2.7086337489133876
AM,2023-08-30T00:00:00Z,2.1216793396506866
AM,2023-08-31T00:00:00Z,2.2892189353313097
AM,2023-09-01T00:00:00Z,1.70370018385104
AM,2023-09-02T00:00:00Z,1.4209979798751842
AM,2023-09-03T00:00:00Z,0.6368110326351082
AM,2023-09-04T00:00:00Z,0.6486246981519034
AM,2023-09-06T00:00:00Z,0.32476818349562886
AM,2023-09-08T00:00:00Z,0.7801916143107748
AM,2023-09-09T00:00:00Z,0.6050629227584929
AM,2023-09-10T00:00:00Z,0.6427919462374715
AM,2023-09-11T00:00:00Z,0.6471115284026998
AM,2023-09-12T00:00:00Z,0.7900237678842914
AM,2023-09-13T00:00:00Z,0.8926608991973908
AM,2023-09-14T00:00:00Z,1.212504569831544
AM,2023-09-15T00:00:00Z,1.636420465046977
AM,2023-09-16T00:00:00Z,1.877633074071969
AM,2023-09-17T00:00:00Z,2.076952761968597
AM,2023-09-18T00:00:00Z,2.2835185749223235
AM,2023-09-19T00:00:00Z,2.465227282756975
AM,2023-10-04T00:00:00Z,2.8457001125294084
AM,2023-10-05T00:00:00Z,2.7250701743648773
AM,2023-10-06T00:00:00Z,2.639475771503246
AM,2023-10-07T00:00:00Z,2.859533387695514
AM,2023-10-08T00:00:00Z,2.8542973903413023
AM,2023-10-09T00:00:00Z,2.699624302462657
AM,2023-10-10T00:00:00Z,2.6275382321660534
AM,2023-10-11T00:00:00Z,2.3271210564963045
AM,2023-10-12T00:00:00Z,2.4079077269827875
AM,2023-10-13T00:00:00Z,2.521273606048065
AM,2023-10-14T00:00:00Z,2.3586997827399983
AM,2023-10-15T00:00:00Z,2.4410704674010604
AM,2023-10-16T00:00:00Z,2.470384341569759
AM,2023-10-17T00:00:00Z,2.4381171908333026
AM,2023-10-18T00:00:00Z,2.430051855536292
AM,2023-10-19T00:00:00Z,2.4250162634994847
AM,2023-10-20T00:00:00Z,2.4265924405598445
AM,2023-10-21T00:00:00Z,2.4992848103848786
AM,2023-10-22T00:00:00Z,2.595855918192163
AM,2023-10-23T00:00:00Z,2.5838335516139437
AM,2023-10-24T00:00:00Z,2.498965004175139
AM,2023-10-25T00:00:00Z,2.366582865676064
AM,2023-10-26T00:00:00Z,2.5108921553974186
AM,2023-10-27T00:00:00Z,2.5055670462350945
AM,2023-10-28T00:00:00Z,2.535047984724337
AM,2023-10-29T00:00:00Z,2.513298106438562
AM,2023-10-30T00:00:00Z,2.5596548546750486
AM,2023-10-31T00:00:00Z,2.5303141884158395
AM,2023-11-01T00:00:00Z,2.5826521868308774
AM,2023-11-02T00:00:00Z,2.607120019432483
AM,2023-11-03T00:00:00Z,2.4972901503290372
AM,2023-11-04T00:00:00Z,2.559386345843215
AM,2023-11-05T00:00:00Z,2.561145209603988
AM,2023-11-06T00:00:00Z,2.58077933697193
AM,2023-11-07T00:00:00Z,2.571182489962282
AM,2023-11-08T00:00:00Z,2.5720878248653203
AM,2023-11-09T00:00:00Z,2.613180886300768
AM,2023-11-10T00:00:00Z,2.5814128920105612
AM,2023-11-11T00:00:00Z,2.553916630259096
AM,2023-11-12T00:00:00Z,2.611026636502367
AM,2023-11-13T00:00:00Z,2.6133339701246556
AM,2023-11-14T00:00:00Z,2.5723689189962804
AM,2023-11-15T00:00:00Z,2.562467452078316
AM,2023-12-01T00:00:00Z,2.7533919177607533
AM,2023-12-02T00:00:00Z,2.4389583548467653
AM,2023-12-03T00:00:00Z,2.48034129098421
AM,2023-12-04T00:00:00Z,2.529017118841822
AM,2023-12-05T00:00:00Z,2.480901131139637
AM,2023-12-06T00:00:00Z,2.3382772775613048
AM,2023-12-07T00:00:00Z,2.2781312020297775
AM,2023-12-08T00:00:00Z,2.2298997589495935
AM,2023-12-09T00:00:00Z,2.310462074586983
AM,2023-12-10T00:00:00Z,2.0398066570168507
AM,2023-12-11T00:00:00Z,2.4262145566972477
AM,2023-12-12T00:00:00Z,2.313116461124246
AM,2023-12-13T00:00:00Z,2.046697305286614
AM,2023-12-15T00:00:00Z,1.8299137713628928
AM,2023-12-16T00:00:00Z,1.83621341116078
AM,2023-12-17T00:00:00Z,1.0865912281860786
AM,2023-12-19T00:00:00Z,0.32546150618471154
AM,2023-12-21T00:00:00Z,0.3242098254250489
AM,2023-12-25T00:00:00Z,0.32091233630503724
AM,2023-12-27T00:00:00Z,0.32537460644020855
AM,2023-12-28T00:00:00Z,0.3251062778594117
AM,2023-12-29T00:00:00Z,0.32225839751772317
AM,2023-12-30T00:00:00Z,0.3255577727030738
AM,2023-12-31T00:00:00Z,0.326996453663327
AM,2024-01-01T00:00:00Z,0.3272504289878616
AM,2024-01-03T00:00:00Z,0.3202362227022886
AM,2024-01-04T00:00:00Z,0.32246862601370396
AM,2024-01-05T00:00:00Z,0.32398935858902905
AM,2024-01-07T00:00:00Z,0.3247464180296614
AM,2024-01-10T00:00:00Z,0.3254820281598473
AM,2024-01-11T00:00:00Z,0.32362556890878036
AM,2024-01-13T00:00:00Z,0.32648527533945004
AM,2024-01-16T00:00:00Z,0.3254718804465182
AM,2024-01-18T00:00:00Z,0.3259991498929722
AM,2024-01-20T00:00:00Z,0.32593807796253454
AM,2024-01-21T00:00:00Z,0.32564243946912175
AM,2024-01-22T00:00:00Z,0.3242370547658048
AM,2024-01-23T00:00:00Z,0.3226418426962628
AM,2024-01-24T00:00:00Z,0.32418478661220584
AM,2024-01-26T00:00:00Z,0.3255142045305181
AM,2024-01-27T00:00:00Z,0.3255434434792798
AM,2024-01-29T00:00:00Z,0.32238379911899606
AM,2024-01-30T00:00:00Z,0.32272332557279154
AM,2024-01-31T00:00:00Z,0.3243421795357715
AM,2024-02-01T00:00:00Z,0.3241716849482761
AM,2024-02-02T00:00:00Z,0.32324762807666446
AM,2024-02-03T00:00:00Z,0.3224674272649517
AM,2024-02-04T00:00:00Z,0.32335880909568193
AM,2024-02-05T00:00:00Z,0.32370286910282225
AM,2024-02-06T00:00:00Z,0.32395133048082075
AM,2024-02-08T00:00:00Z,0.32269752683836206
AM,2024-02-09T00:00:00Z,0.32485594529748096
AM,2024-02-10T00:00:00Z,0.32373360673966056
AM,2024-02-11T00:00:00Z,0.3232607070557076
AM,2024-02-12T00:00:00Z,0.3240548178566122
AM,2024-02-13T00:00:00Z,0.3240149880385521
AM,2024-02-15T00:00:00Z,0.3255201807453135
AM,2024-02-16T00:00:00Z,0.3257073755931513
AM,2024-02-17T00:00:00Z,0.3248683353819071
AM,2024-02-18T00:00:00Z,0.32454172772686907
AM,2024-02-19T00:00:00Z,0.3253760923387813
AM,2024-02-20T00:00:00Z,0.32432255719870845
AM,2024-02-21T00:00:00Z,0.32513190226108707
AM,2024-02-22T00:00:00Z,0.3246289518807113
AM,2024-02-23T00:00:00Z,0.32613292112467174
AM,2024-02-24T00:00:00Z,0.32187367114905585
AM,2024-02-25T00:00:00Z,0.32340281141185295
AM,2024-02-26T00:00:00Z,0.3225972922675598
AM,2024-02-27T00:00:00Z,0.32364264086900896
AM,2024-02-28T00:00:00Z,0.3233197784435388
AM,2024-02-29T00:00:00Z,0.32427725480886993
AM,2024-03-01T00:00:00Z,0.3238824569425346
AM,2024-03-02T00:00:00Z,0.32588982506484954
AM,2024-03-04T00:00:00Z,1.397565953663586
AM,2024-03-05T00:00:00Z,1.19963043799875
AM,2024-03-06T00:00:00Z,1.4597135810434254
AM,2024-03-07T00:00:00Z,1.4520038127942767
AM,2024-03-09T00:00:00Z,0.32590340003523055
AM,2024-03-10T00:00:00Z,0.32605660408566994
AM,2024-03-11T00:00:00Z,0.32359682224375425
AM,2024-03-12T00:00:00Z,0.32477545099542393
AM,2024-03-13T00:00:00Z,0.3245284060153751
AM,2024-03-14T00:00:00Z,0.32581012225488554
AM,2024-03-15T00:00:00Z,0.32544018051369855
AM,2024-03-16T00:00:00Z,0.32628876338498997
AM,2024-03-17T00:00:00Z,0.32527129639395874
AM,2024-03-19T00:00:00Z,0.32535464956392607
AM,2024-03-20T00:00:00Z,0.3263977077786785
AM,2024-03-23T00:00:00Z,0.326139539510412
AM,2024-03-24T00:00:00Z,0.32525630586830073
AM,2024-03-25T00:00:00Z,0.3261634128287837
AM,2024-03-28T00:00:00Z,0.3270199074646041
AM,2024-03-29T00:00:00Z,0.32428921091105406
AM,2024-03-30T00:00:00Z,0.32690617269306294
AM,2024-04-01T00:00:00Z,0.3243966120410856
AM,2024-04-02T00:00:00Z,0.32715119800869213
AM,2024-04-03T00:00:00Z,0.3262327785163751
AM,2024-04-05T00:00:00Z,0.32195912023375833
AM,2024-04-06T00:00:00Z,0.32416006630881866
AM,2024-04-07T00:00:00Z,0.32291896772821127
AM,2024-04-08T00:00:00Z,0.32253362465465973
AM,2024-04-09T00:00:00Z,0.32165315821650486
AM,2024-04-10T00:00:00Z,0.32435074739469616
AM,2024-04-12T00:00:00Z,0.3261717926217244
AM,2024-04-17T00:00:00Z,0.3207875495706356
AM,2024-04-25T00:00:00Z,0.3196216783875342
AM,2024-04-26T00:00:00Z,0.3212752118586215
AM,2024-04-28T00:00:00Z,0.32224730418203906
AM,2024-04-30T00:00:00Z,0.32235663618807336
AM,2024-05-01T00:00:00Z,0.32265271008063795
AM,2024-05-02T00:00:00Z,0.32226830110240123
AM,2024-05-03T00:00:00Z,0.3254618053116187
AM,2024-05-04T00:00:00Z,0.3242281045134718
AM,2024-05-05T00:00:00Z,0.322795580119986
AM,2024-05-06T00:00:00Z,0.32378031531148876
AM,2024-05-07T00:00:00Z,0.32252737538800075
AM,2024-05-08T00:00:00Z,0.3246458797644518
AM,2024-05-10T00:00:00Z,0.32327116425065106
AM,2024-05-11T00:00:00Z,0.323880917764734
AM,2024-05-12T00:00:00Z,0.3236034678788994
AM,2024-05-13T00:00:00Z,0.3239401644667477
AM,2024-05-14T00:00:00Z,0.3227474507580137
AM,2024-05-15T00:00:00Z,0.32300081546973675
AM,2024-05-16T00:00:00Z,0.32357552315714877
AM,2024-05-17T00:00:00Z,0.32436268253572237
AM,2024-05-18T00:00:00Z,0.3244434749646772
AM,2024-05-19T00:00:00Z,0.324730693637187
AM,2024-05-20T00:00:00Z,0.32380630681111566
AM,2024-05-21T00:00:00Z,0.3238985873212754
AM,2024-05-22T00:00:00Z,0.3238590833617656
AM,2024-05-23T00:00:00Z,0.3223847301155065
AM,2024-05-24T00:00:00Z,0.3231548216145973
AM,2024-05-25T00:00:00Z,0.32279814059221074
AM,2024-05-26T00:00:00Z,0.32174010690555005
AM,2024-05-27T00:00:00Z,0.32270849696677895
AM,2024-05-28T00:00:00Z,0.3217165209794923
AM,2024-05-29T00:00:00Z,0.3222934392694996
AM,2024-05-30T00:00:00Z,0.3224128908904703
AM,2024-05-31T00:00:00Z,0.32205739718671506
AM,2024-06-02T00:00:00Z,0.32286048689280583
AM,2024-06-03T00:00:00Z,0.32361585354930017
AM,2024-06-04T00:00:00Z,0.3251863246517123
AM,2024-06-05T00:00:00Z,0.3228608513359596
AM,2024-06-06T00:00:00Z,0.3236307760939864
AM,2024-06-07T00:00:00Z,0.3235696187822474
AM,2024-06-08T00:00:00Z,0.3229634357226531
AM,2024-06-09T00:00:00Z,0.32316047337205916
AM,2024-06-10T00:00:00Z,0.3262809714638906
AM,2024-06-12T00:00:00Z,0.3234573529816277
AM,2024-06-13T00:00:00Z,0.3261292351408182
AM,2024-06-14T00:00:00Z,0.32572532210000454
AM,2024-06-15T00:00:00Z,0.3265096664067769
AM,2024-06-17T00:00:00Z,1.2555654027607246
AM,2024-06-18T00:00:00Z,1.4854047261965322
AM,2024-06-19T00:00:00Z,1.5594230523870227
AM,2024-06-20T00:00:00Z,1.6786822650474191
AM,2024-06-21T00:00:00Z,1.741816980937278
AM,2024-06-22T00:00:00Z,1.7841746452536045
AM,2024-06-23T00:00:00Z,1.8978196083796857
AM,2024-06-24T00:00:00Z,1.9741974373494011
AM,2024-06-25T00:00:00Z,1.613235069255004
AM,2024-06-26T00:00:00Z,2.0920088942160664
AM,2024-06-27T00:00:00Z,2.1224544306309183
AM,2024-06-28T00:00:00Z,2.1439220055210124
AM,2024-06-29T00:00:00Z,2.197557334325855
AM,2024-06-30T00:00:00Z,2.1788756358360204
AM,2024-07-04T00:00:00Z,2.0513835498924733
AM,2024-07-05T00:00:00Z,1.9938213060121712
AM,2024-07-06T00:00:00Z,1.865917224555624
AM,2024-07-07T00:00:00Z,1.823682881896212
AM,2024-07-08T00:00:00Z,1.853254802679404
AM,2024-07-09T00:00:00Z,1.823198921204911
AM,2024-07-10T00:00:00Z,1.892687506251849
AM,2024-07-11T00:00:00Z,1.910441179754038
AM,2024-07-12T00:00:00Z,1.8387288064611755
AM,2024-07-13T00:00:00Z,1.734670737136841
AM,2024-07-14T00:00:00Z,1.657628078136124
AM,2024-07-15T00:00:00Z,1.6717335238424034
AM,2024-07-16T00:00:00Z,1.625049339849811
AM,2024-07-17T00:00:00Z,1.7208100665697357
AM,2024-07-18T00:00:00Z,1.7958370780957804
AM,2024-07-19T00:00:00Z,1.9188910751654429
AM,2024-07-20T00:00:00Z,1.925532476639995
AM,2024-07-21T00:00:00Z,1.9865487372010424
AM,2024-07-22T00:00:00Z,2.0118690282943303
AM,2024-07-23T00:00:00Z,1.9985887472530963
AM,2024-07-24T00:00:00Z,1.9651024134084225
GB,2022-05-24T00:00:00Z,7.928691403630925
GB,2022-05-25T00:00:00Z,7.947176614159375
GB,2022-05-26T00:00:00Z,7.950413016140641
GB,2022-05-27T00:00:00Z,7.91315857382586
GB,2022-05-28T00:00:00Z,7.9118559161554
GB,2022-05-29T00:00:00Z,7.907063331633426
GB,2022-05-30T00:00:00Z,7.895864580155727
GB,2022-07-01T00:00:00Z,8.952355683371064
GB,2022-07-02T00:00:00Z,8.978129190389977
GB,2022-07-03T00:00:00Z,8.952248304176077
GB,2022-07-04T00:00:00Z,8.823394291757387
GB,2022-07-05T00:00:00Z,8.772135689079898
GB,2022-07-06T00:00:00Z,8.4909259258675
GB,2022-07-07T00:00:00Z,8.061649567316037
GB,2022-07-08T00:00:00Z,7.98565428669878
GB,2022-07-09T00:00:00Z,8.12742982867003
GB,2022-07-10T00:00:00Z,8.31146078183325
GB,2022-07-11T00:00:00Z,8.17274929199569
GB,2022-07-12T00:00:00Z,7.891713830690301
GB,2022-07-13T00:00:00Z,7.920466949341939
GB,2022-07-14T00:00:00Z,7.922670942170717
GB,2022-07-15T00:00:00Z,7.881712518987682
GB,2022-07-16T00:00:00Z,7.912328986174559
GB,2022-07-17T00:00:00Z,7.910565527495593
GB,2022-07-18T00:00:00Z,7.916392583753397
GB,2022-07-19T00:00:00Z,7.920877358406832
GB,2022-07-20T00:00:00Z,7.932300652004519
GB,2022-07-21T00:00:00Z,7.900353808581877
GB,2022-07-22T00:00:00Z,7.903043819757613
GB,2022-07-23T00:00:00Z,7.897159346603926
GB,2022-07-24T00:00:00Z,7.898337229920949
GB,2022-07-25T00:00:00Z,7.887823913748035
GB,2022-07-26T00:00:00Z,7.9196336056369425
GB,2022-07-27T00:00:00Z,7.888249499796158
GB,2022-07-29T00:00:00Z,6.5603701750455
GB,2022-07-31T00:00:00Z,7.8927332209615715
GB,2022-08-01T00:00:00Z,7.903622710334347
GB,2022-08-02T00:00:00Z,7.884888725951637
GB,2022-08-03T00:00:00Z,7.910630480448781
GB,2022-08-04T00:00:00Z,7.875039134750439
GB,2022-08-05T00:00:00Z,7.905062967776488
GB,2022-08-06T00:00:00Z,7.86388851924059
GB,2022-08-07T00:00:00Z,7.890314272937309
GB,2022-08-08T00:00:00Z,7.918644121884069
GB,2022-08-09T00:00:00Z,7.902828490284535
GB,2022-08-10T00:00:00Z,7.900318257571024
GB,2022-08-11T00:00:00Z,7.890510593522627
GB,2022-08-12T00:00:00Z,7.930553525965252
GB,2022-08-13T00:00:00Z,7.91195896012551
GB,2022-08-14T00:00:00Z,7.890874044375976
GB,2022-08-15T00:00:00Z,7.881102744309095
GB,2022-08-16T00:00:00Z,7.909610261066207
GB,2022-08-17T00:00:00Z,7.922950377408075
GB,2022-08-18T00:00:00Z,7.889944253568851
GB,2022-08-19T00:00:00Z,7.919387581210091
GB,2022-08-20T00:00:00Z,7.923540402516865
GB,2022-08-21T00:00:00Z,7.907557518810989
GB,2022-08-22T00:00:00Z,7.898722040767194
GB,2022-08-23T00:00:00Z,7.908407794247675
GB,2022-08-24T00:00:00Z,7.916007646987927
GB,2022-08-25T00:00:00Z,7.845669532014247
GB,2022-08-26T00:00:00Z,7.906634563072418
GB,2022-08-28T00:00:00Z,7.15537969923
GB,2022-08-29T00:00:00Z,6.815781913973685
GB,2022-08-30T00:00:00Z,6.383785945019059
GB,2022-08-31T00:00:00Z,5.844460199528797
GB,2022-09-01T00:00:00Z,6.022847146843616
GB,2022-09-02T00:00:00Z,5.793207330170377
GB,2022-09-03T00:00:00Z,5.651016746415248
GB,2022-09-05T00:00:00Z,5.737282453100771
GB,2022-09-06T00:00:00Z,5.7211741776316956
GB,2022-09-07T00:00:00Z,5.779153089550942
GB,2022-09-08T00:00:00Z,4.576599819454496
GB,2022-09-09T00:00:00Z,5.373352106607505
GB,2022-09-10T00:00:00Z,5.492188928465662
GB,2022-09-11T00:00:00Z,5.5485841979859165
GB,2022-09-12T00:00:00Z,4.811188526285873
GB,2022-09-13T00:00:00Z,4.157649627214662
GB,2022-09-14T00:00:00Z,4.4069115113263635
GB,2022-09-15T00:00:00Z,4.439877760250677
GB,2022-09-16T00:00:00Z,4.583683158769368
GB,2022-09-17T00:00:00Z,5.056345984964601
GB,2022-09-18T00:00:00Z,5.156314287524313
GB,2022-09-19T00:00:00Z,5.50236579677487
GB,2022-09-20T00:00:00Z,5.589341739794419
GB,2022-09-21T00:00:00Z,5.875241246773719
GB,2022-09-22T00:00:00Z,5.96331140476872
GB,2022-09-23T00:00:00Z,5.977440639194054
GB,2022-09-24T00:00:00Z,6.338265195518902
GB,2022-09-25T00:00:00Z,6.395879538460911
GB,2022-09-26T00:00:00Z,6.645214313802047
GB,2022-09-27T00:00:00Z,7.444245755499505
GB,2022-09-28T00:00:00Z,6.2584776139517295
GB,2022-09-29T00:00:00Z,6.809016985603232
GB,2022-09-30T00:00:00Z,7.187040295924137
GB,2022-10-01T00:00:00Z,6.722124128026521
GB,2022-10-02T00:00:00Z,6.662661916699416
GB,2022-10-03T00:00:00Z,7.114556513715917
GB,2022-10-04T00:00:00Z,7.036065360125163
GB,2022-10-05T00:00:00Z,6.689068318985217
GB,2022-10-06T00:00:00Z,6.729894575974884
GB,2022-10-08T00:00:00Z,7.902382501302202
GB,2022-10-09T00:00:00Z,7.919299057854883
GB,2022-10-11T00:00:00Z,7.285676375809507
GB,2022-10-12T00:00:00Z,7.822007772526343
GB,2022-10-13T00:00:00Z,7.368570757719088
GB,2022-10-16T00:00:00Z,7.90669329390539
GB,2022-10-17T00:00:00Z,7.9280632075679645
GB,2022-10-18T00:00:00Z,7.925164818927275
GB,2022-10-19T00:00:00Z,7.930087486588062
GB,2022-10-20T00:00:00Z,7.898543893334786
GB,2022-10-21T00:00:00Z,7.911386545836553
GB,2022-10-22T00:00:00Z,7.912771734179973
GB,2022-10-23T00:00:00Z,7.91762674377019
GB,2022-10-24T00:00:00Z,7.925717964494639
GB,2022-10-25T00:00:00Z,7.927883899039487
GB,2022-10-26T00:00:00Z,7.933931536005532
GB,2022-10-27T00:00:00Z,7.941590298005243
GB,2022-11-08T00:00:00Z,7.947714625706149
GB,2022-11-09T00:00:00Z,7.947759542127336
GB,2022-11-10T00:00:00Z,7.921598202771659
GB,2022-11-11T00:00:00Z,7.936466231028653
GB,2022-11-12T00:00:00Z,7.927821257636438
GB,2022-11-13T00:00:00Z,7.9355037032180284
GB,2022-11-14T00:00:00Z,7.938822645521778
GB,2022-11-15T00:00:00Z,7.935741436811754
GB,2022-11-16T00:00:00Z,7.930771698536568
GB,2022-11-17T00:00:00Z,7.952044622876261
GB,2022-11-18T00:00:00Z,7.939263943433476
GB,2022-11-19T00:00:00Z,7.932634495268395
GB,2022-11-20T00:00:00Z,7.928135139385824
GB,2022-11-21T00:00:00Z,7.931095494968631
GB,2022-11-22T00:00:00Z,7.944892833458521
GB,2022-11-23T00:00:00Z,7.947240121763416
GB,2022-11-24T00:00:00Z,7.934784789127615
GB,2022-11-25T00:00:00Z,7.950414378772167
GB,2022-11-26T00:00:00Z,7.939183810907383
GB,2022-11-27T00:00:00Z,7.936577649391872
GB,2022-11-28T00:00:00Z,7.945802248352545
GB,2022-11-29T00:00:00Z,7.934172350554816
GB,2022-11-30T00:00:00Z,7.925990157293272
GB,2022-12-01T00:00:00Z,7.940155623711866
GB,2022-12-02T00:00:00Z,7.955230193513899
GB,2022-12-03T00:00:00Z,7.934345648005834
GB,2022-12-04T00:00:00Z,7.933420896073007
GB,2022-12-05T00:00:00Z,7.974185031623645
GB,2022-12-06T00:00:00Z,8.095698808985247
GB,2022-12-08T00:00:00Z,8.170956311209384
GB,2022-12-09T00:00:00Z,8.198842579976722
GB,2022-12-10T00:00:00Z,8.344373955655252
GB,2022-12-11T00:00:00Z,8.306359232704427
GB,2022-12-12T00:00:00Z,8.42865632921843
GB,2022-12-13T00:00:00Z,8.470449747957018
GB,2022-12-14T00:00:00Z,8.52616169801936
GB,2022-12-15T00:00:00Z,8.419607252624134
GB,2022-12-16T00:00:00Z,8.598168935309515
GB,2022-12-17T00:00:00Z,8.662096466834328
GB,2022-12-18T00:00:00Z,8.69547326566919
GB,2022-12-19T00:00:00Z,8.667474204243172
GB,2022-12-21T00:00:00Z,8.7377935782015
GB,2022-12-22T00:00:00Z,8.767572483519581
GB,2022-12-23T00:00:00Z,8.723843361570104
GB,2022-12-24T00:00:00Z,8.854715574514243
GB,2022-12-25T00:00:00Z,8.84733476909123
GB,2022-12-26T00:00:00Z,8.909322838416609
GB,2022-12-27T00:00:00Z,8.96586316705034
GB,2022-12-28T00:00:00Z,9.07865983152332
GB,2022-12-29T00:00:00Z,9.126122995889435
GB,2022-12-30T00:00:00Z,9.138188892688207
GB,2022-12-31T00:00:00Z,9.165769084793766
GB,2023-01-01T00:00:00Z,9.233727071838802
GB,2023-01-02T00:00:00Z,9.26860661816233
GB,2023-01-03T00:00:00Z,9.265223606638845
GB,2023-01-04T00:00:00Z,9.140714857449437
GB,2023-01-05T00:00:00Z,9.111888454685694
GB,2023-01-06T00:00:00Z,9.104491135453747
GB,2023-01-07T00:00:00Z,9.088076314160322
GB,2023-01-08T00:00:00Z,8.996123025193414
GB,2023-01-09T00:00:00Z,8.993398054706047
GB,2023-01-10T00:00:00Z,9.046229666575783
GB,2023-01-11T00:00:00Z,9.140864737530952
GB,2023-01-12T00:00:00Z,9.127707513889288
GB,2023-01-13T00:00:00Z,8.860029779942092
GB,2023-01-14T00:00:00Z,9.141789741371191
GB,2023-01-15T00:00:00Z,9.08721681020947
GB,2023-01-16T00:00:00Z,9.093017115333902
GB,2023-01-17T00:00:00Z,9.174564264096082
GB,2023-01-19T00:00:00Z,9.351409314701096
GB,2023-01-20T00:00:00Z,9.351398503930817
GB,2023-01-21T00:00:00Z,9.370263926002934
GB,2023-01-22T00:00:00Z,9.300258013334028
GB,2023-01-23T00:00:00Z,9.41181200590623
GB,2023-01-24T00:00:00Z,9.367155821132224
GB,2023-01-25T00:00:00Z,9.233260653243503
GB,2023-01-26T00:00:00Z,9.36940463103156
GB,2023-01-27T00:00:00Z,9.39347394603384
GB,2023-01-28T00:00:00Z,9.377706897472242
GB,2023-01-29T00:00:00Z,9.358155816856774
GB,2023-01-30T00:00:00Z,9.358715864741503
GB,2023-01-31T00:00:00Z,9.422727534904489
GB,2023-02-01T00:00:00Z,9.46576337927014
GB,2023-02-02T00:00:00Z,9.496131288604584
GB,2023-02-03T00:00:00Z,9.318892798879894
GB,2023-02-04T00:00:00Z,9.497761299348916
GB,2023-02-05T00:00:00Z,9.38372978922923
GB,2023-02-06T00:00:00Z,9.417456446201818
GB,2023-02-07T00:00:00Z,9.515055333794988
GB,2023-02-08T00:00:00Z,9.641912816111835
GB,2023-02-09T00:00:00Z,9.688413141640678
GB,2023-02-10T00:00:00Z,9.702582981112542
GB,2023-02-11T00:00:00Z,9.645943717513813
GB,2023-02-12T00:00:00Z,9.652042192584304
GB,2023-02-13T00:00:00Z,9.548604462513705
GB,2023-02-14T00:00:00Z,9.503065056964235
GB,2023-02-15T00:00:00Z,9.432603103134614
GB,2023-02-16T00:00:00Z,9.383281083229717
GB,2023-02-17T00:00:00Z,9.338334152720751
GB,2023-02-18T00:00:00Z,9.569582783124838
GB,2023-02-19T00:00:00Z,9.502988900475376
GB,2023-02-20T00:00:00Z,9.506909899087276
GB,2023-02-21T00:00:00Z,9.587251491773202
GB,2023-02-22T00:00:00Z,9.654567292520598
GB,2023-02-23T00:00:00Z,9.688729458517397
GB,2023-02-24T00:00:00Z,9.713652682320143
GB,2023-02-25T00:00:00Z,9.691514179866957
GB,2023-02-26T00:00:00Z,9.700240850913206
GB,2023-02-27T00:00:00Z,9.756979645263986
GB,2023-02-28T00:00:00Z,9.786141480382009
GB,2023-03-01T00:00:00Z,9.83195193645472
GB,2023-03-02T00:00:00Z,9.824781371570865
GB,2023-03-03T00:00:00Z,9.82461195469134
GB,2023-03-04T00:00:00Z,9.838338702859364
GB,2023-03-05T00:00:00Z,9.85818089244735
GB,2023-03-06T00:00:00Z,9.856479846428158
GB,2023-03-07T00:00:00Z,9.852023614410216
GB,2023-03-08T00:00:00Z,9.863865816763273
GB,2023-03-09T00:00:00Z,9.8746416165994
GB,2023-03-10T00:00:00Z,9.837924210150597
GB,2023-03-11T00:00:00Z,9.8471906699722
GB,2023-03-12T00:00:00Z,9.806512452408535
GB,2023-03-13T00:00:00Z,9.73481022643409
GB,2023-03-14T00:00:00Z,9.747573912290363
GB,2023-03-15T00:00:00Z,9.422033125827616
GB,2023-03-16T00:00:00Z,8.92219095264232
GB,2023-03-17T00:00:00Z,8.427847923089335
GB,2023-03-18T00:00:00Z,7.975733995835965
GB,2023-03-19T00:00:00Z,8.084810509381166
GB,2023-03-20T00:00:00Z,8.008293929705387
GB,2023-03-21T00:00:00Z,8.141833907778988
GB,2023-03-22T00:00:00Z,8.224302821792723
GB,2023-03-23T00:00:00Z,8.871955858003615
GB,2023-03-24T00:00:00Z,9.219931506310846
GB,2023-03-25T00:00:00Z,9.466092564687475
GB,2023-03-26T00:00:00Z,9.59810465141343
GB,2023-03-27T00:00:00Z,9.74842796066842
GB,2023-03-28T00:00:00Z,9.7390438079307
GB,2023-03-29T00:00:00Z,9.87592762479134
GB,2023-03-30T00:00:00Z,9.847370130944974
GB,2023-03-31T00:00:00Z,9.84993856033664
GB,2023-04-01T00:00:00Z,9.810254571752685
GB,2023-04-02T00:00:00Z,9.84592423632789
GB,2023-04-03T00:00:00Z,9.83838870131512
GB,2023-04-04T00:00:00Z,9.808481128894622
GB,2023-04-07T00:00:00Z,9.70247741009354
GB,2023-04-08T00:00:00Z,9.723073254781834
GB,2023-04-09T00:00:00Z,9.7991622009127
GB,2023-04-10T00:00:00Z,9.698316229579705
GB,2023-04-11T00:00:00Z,9.627053699041156
GB,2023-04-12T00:00:00Z,9.608620027607593
GB,2023-04-13T00:00:00Z,9.67533449859352
GB,2023-04-14T00:00:00Z,9.611225298781944
GB,2023-04-15T00:00:00Z,9.582774477784271
GB,2023-04-16T00:00:00Z,9.550104073124166
GB,2023-04-17T00:00:00Z,9.52626377977662
GB,2023-04-18T00:00:00Z,9.34481605805211
GB,2023-04-19T00:00:00Z,9.367308538444089
GB,2023-04-20T00:00:00Z,9.215410623685298
GB,2023-04-21T00:00:00Z,9.31563326895703
GB,2023-04-22T00:00:00Z,9.33320456034084
GB,2023-04-23T00:00:00Z,9.112566614750468
GB,2023-04-24T00:00:00Z,9.089559701690606
GB,2023-04-25T00:00:00Z,8.961448497480275
GB,2023-04-26T00:00:00Z,8.93583978421958
GB,2023-04-27T00:00:00Z,8.917209757140753
GB,2023-04-28T00:00:00Z,8.868462164940155
GB,2023-04-29T00:00:00Z,8.729947664928662
GB,2023-04-30T00:00:00Z,9.171903740764716
GB,2023-05-01T00:00:00Z,8.806825337776422
GB,2023-05-02T00:00:00Z,8.76977940295775
GB,2023-05-03T00:00:00Z,8.760852503161107
GB,2023-05-04T00:00:00Z,8.644860737119693
GB,2023-05-05T00:00:00Z,8.512411324293106
GB,2023-05-06T00:00:00Z,8.416361587882507
GB,2023-05-07T00:00:00Z,8.258205844722777
GB,2023-05-08T00:00:00Z,8.31930280427185
GB,2023-05-09T00:00:00Z,8.307521290123045
GB,2023-05-10T00:00:00Z,8.305484443794532
GB,2023-05-11T00:00:00Z,8.331535464968066
GB,2023-05-12T00:00:00Z,8.23483157515146
GB,2023-05-13T00:00:00Z,8.34852646147406
GB,2023-05-14T00:00:00Z,8.275067197110095
GB,2023-05-15T00:00:00Z,8.187479065391228
GB,2023-05-16T00:00:00Z,8.279066910244701
GB,2023-05-17T00:00:00Z,8.297432694539282
GB,2023-05-18T00:00:00Z,8.176995912067621
GB,2023-05-19T00:00:00Z,8.247408898215108
GB,2023-05-20T00:00:00Z,8.441252865952613
GB,2023-05-22T00:00:00Z,7.9792836715101965
GB,2023-05-23T00:00:00Z,7.9154979708853315
GB,2023-05-24T00:00:00Z,7.977409971297459
GB,2023-05-25T00:00:00Z,8.16790611874483
GB,2023-05-26T00:00:00Z,8.437931836679233
GB,2023-05-27T00:00:00Z,8.637928173868284
GB,2023-05-28T00:00:00Z,8.752439081249074
GB,2023-05-29T00:00:00Z,8.863018735988303
GB,2023-05-30T00:00:00Z,9.023240992986448
GB,2023-05-31T00:00:00Z,9.05814936468594
GB,2023-06-01T00:00:00Z,9.024981392732832
GB,2023-06-02T00:00:00Z,8.902403856707311
GB,2023-06-03T00:00:00Z,8.860808945155673
GB,2023-06-04T00:00:00Z,8.869268957447646
GB,2023-06-05T00:00:00Z,8.6547821499387
GB,2023-06-06T00:00:00Z,8.444796783728425
GB,2023-06-07T00:00:00Z,8.333534305013988
GB,2023-06-08T00:00:00Z,8.199366645444103
GB,2023-06-09T00:00:00Z,7.80455032557026
GB,2023-06-10T00:00:00Z,7.934387704105904
GB,2023-06-11T00:00:00Z,7.954741536836727
GB,2023-06-12T00:00:00Z,7.934385713573623
GB,2023-06-13T00:00:00Z,7.945087144247542
GB,2023-06-14T00:00:00Z,7.988038549125762
GB,2023-06-15T00:00:00Z,7.884927696796264
GB,2023-06-16T00:00:00Z,7.959270447356122
GB,2023-06-17T00:00:00Z,7.946454809706424
GB,2023-06-18T00:00:00Z,7.949259115456203
GB,2023-06-19T00:00:00Z,7.969559365786421
GB,2023-06-20T00:00:00Z,8.42060041227597
GB,2023-06-22T00:00:00Z,9.200798887402168
GB,2023-06-23T00:00:00Z,9.4769351657053
GB,2023-06-24T00:00:00Z,9.778292648527522
GB,2023-06-25T00:00:00Z,9.7017098235431
GB,2023-06-26T00:00:00Z,8.697210589208638
GB,2023-06-27T00:00:00Z,7.904747055893772
GB,2023-06-29T00:00:00Z,7.897555426495965
GB,2023-07-01T00:00:00Z,7.915390136214529
GB,2023-07-02T00:00:00Z,7.912391374135005
GB,2023-07-03T00:00:00Z,7.924071512595913
GB,2023-07-04T00:00:00Z,7.909147029192326
GB,2023-07-05T00:00:00Z,7.929909363867048
GB,2023-07-06T00:00:00Z,7.904957014214567
GB,2023-07-07T00:00:00Z,7.895685053548272
GB,2023-07-08T00:00:00Z,7.907919565032137
GB,2023-07-09T00:00:00Z,8.255569755766174
GB,2023-07-10T00:00:00Z,7.895206709613301
GB,2023-07-11T00:00:00Z,7.929350682572724
GB,2023-07-15T00:00:00Z,7.908439318411755
GB,2023-07-16T00:00:00Z,7.883948215382046
GB,2023-07-17T00:00:00Z,7.915887545590199
GB,2023-07-18T00:00:00Z,7.929233967231477
GB,2023-07-19T00:00:00Z,7.905288237570866
GB,2023-07-20T00:00:00Z,7.91472337901905
GB,2023-07-21T00:00:00Z,7.895538477068658
GB,2023-07-22T00:00:00Z,7.893900661260001
GB,2023-07-23T00:00:00Z,7.894911284459827
GB,2023-07-24T00:00:00Z,7.905611124665673
GB,2023-07-25T00:00:00Z,7.913572096860949
GB,2023-07-26T00:00:00Z,7.908145777757465
GB,2023-07-27T00:00:00Z,7.929366854021632
GB,2023-07-28T00:00:00Z,7.867054647121202
GB,2023-07-29T00:00:00Z,7.897964685587679
GB,2023-07-30T00:00:00Z,7.891826942679601
GB,2023-07-31T00:00:00Z,7.913325827177625
GB,2023-08-01T00:00:00Z,7.886315075349359
GB,2023-08-02T00:00:00Z,7.911090233358549
GB,2023-08-04T00:00:00Z,3.1420752039140685
GB,2023-08-05T00:00:00Z,4.507716692025955
GB,2023-08-06T00:00:00Z,5.037432487929985
GB,2023-08-07T00:00:00Z,4.941623521321152
GB,2023-08-08T00:00:00Z,5.065068927527001
GB,2023-08-09T00:00:00Z,5.335849797851601
GB,2023-08-10T00:00:00Z,5.511273329928998
GB,2023-08-11T00:00:00Z,5.9375789008927
GB,2023-08-12T00:00:00Z,5.941068032084314
GB,2023-08-13T00:00:00Z,6.097876400596551
GB,2023-08-14T00:00:00Z,4.58237768024999
GB,2023-08-15T00:00:00Z,6.29716100440005
GB,2023-08-16T00:00:00Z,5.27200910285167
GB,2023-08-17T00:00:00Z,6.57901530540185
GB,2023-08-18T00:00:00Z,6.735595961375815
GB,2023-08-19T00:00:00Z,6.352851261498005
GB,2023-08-20T00:00:00Z,6.653914678371161
GB,2023-08-21T00:00:00Z,6.667282596248743
GB,2023-08-22T00:00:00Z,6.449635724582558
GB,2023-08-23T00:00:00Z,7.087072795683498
GB,2023-08-24T00:00:00Z,6.969902929614655
GB,2023-08-25T00:00:00Z,6.7547777171875145
GB,2023-08-26T00:00:00Z,6.856333595105722
GB,2023-08-27T00:00:00Z,6.788364365588678
GB,2023-08-31T00:00:00Z,7.9188233475437695
GB,2023-09-01T00:00:00Z,7.927175788527669
GB,2023-09-02T00:00:00Z,7.903830789557829
GB,2023-09-03T00:00:00Z,7.890661749958569
GB,2023-09-04T00:00:00Z,7.889421602972812
GB,2023-09-05T00:00:00Z,7.913727967512853
GB,2023-09-09T00:00:00Z,7.89809049232322
GB,2023-09-10T00:00:00Z,7.90569603925552
GB,2023-09-11T00:00:00Z,7.918832610417679
GB,2023-09-12T00:00:00Z,7.9305793017983826
GB,2023-09-13T00:00:00Z,7.913312334961289
GB,2023-09-14T00:00:00Z,7.919930877392016
GB,2023-09-15T00:00:00Z,7.928968960532987
GB,2023-09-16T00:00:00Z,7.92791390166199
GB,2023-09-17T00:00:00Z,7.922441966266426
GB,2023-09-18T00:00:00Z,7.916928583196054
GB,2023-09-19T00:00:00Z,7.933169384318653
GB,2023-10-05T00:00:00Z,9.391828326675956
GB,2023-10-06T00:00:00Z,9.5017502913362
GB,2023-10-07T00:00:00Z,9.500019150888246
GB,2023-10-11T00:00:00Z,9.709163895353305
GB,2023-10-12T00:00:00Z,9.493640699893032
GB,2023-10-13T00:00:00Z,9.63854656074011
GB,2023-10-14T00:00:00Z,9.58866657052456
GB,2023-10-15T00:00:00Z,9.352022706644416
GB,2023-10-19T00:00:00Z,8.511456368498395
GB,2023-10-20T00:00:00Z,8.308667459489277
GB,2023-10-21T00:00:00Z,8.42138108901737
GB,2023-10-22T00:00:00Z,8.797000922349827
GB,2023-10-24T00:00:00Z,9.289274440247102
GB,2023-10-25T00:00:00Z,9.405920695617004
GB,2023-12-15T00:00:00Z,9.87228609018506
GB,2023-12-16T00:00:00Z,9.41990733811604
GB,2023-12-17T00:00:00Z,7.854408740211858
GB,2023-12-19T00:00:00Z,3.454298443257572
GB,2023-12-20T00:00:00Z,2.254501742758245
GB,2023-12-21T00:00:00Z,0.974772079605051
GB,2023-12-22T00:00:00Z,5.024874963733878
GB,2023-12-23T00:00:00Z,5.203250512788053
GB,2023-12-24T00:00:00Z,4.229843468020557
GB,2023-12-27T00:00:00Z,4.748129181683078
GB,2023-12-28T00:00:00Z,4.476988343052861
GB,2023-12-29T00:00:00Z,5.4797454141039745
GB,2023-12-30T00:00:00Z,5.892034863632855
GB,2023-12-31T00:00:00Z,6.187421229139335
GB,2024-01-01T00:00:00Z,6.221010044371347
GB,2024-01-02T00:00:00Z,7.07000048615058
GB,2024-01-03T00:00:00Z,7.057676533043737
GB,2024-01-04T00:00:00Z,7.445101295847574
GB,2024-01-05T00:00:00Z,7.1367699338734605
GB,2024-01-12T00:00:00Z,5.637279783205851
GB,2024-01-13T00:00:00Z,8.301132097148152
GB,2024-01-14T00:00:00Z,8.5317266889182
GB,2024-01-15T00:00:00Z,7.237419824614352
GB,2024-01-16T00:00:00Z,4.235343894067945
GB,2024-01-17T00:00:00Z,9.20610771050914
GB,2024-01-18T00:00:00Z,6.019999376199661
GB,2024-01-19T00:00:00Z,6.822773578231053
GB,2024-01-20T00:00:00Z,8.57792091794361
GB,2024-01-21T00:00:00Z,8.769690956822108
GB,2024-01-22T00:00:00Z,8.287806668040593
GB,2024-01-23T00:00:00Z,7.441520210556083
GB,2024-01-24T00:00:00Z,8.238793236570427
GB,2024-01-25T00:00:00Z,8.444955214617304
GB,2024-01-26T00:00:00Z,7.309968147853731
GB,2024-01-27T00:00:00Z,7.607547989964582
GB,2024-01-28T00:00:00Z,8.789699564858074
GB,2024-01-29T00:00:00Z,9.62699247503516
GB,2024-01-30T00:00:00Z,8.882095069376598
GB,2024-01-31T00:00:00Z,8.676249421358463
GB,2024-02-01T00:00:00Z,8.776934842640754
GB,2024-02-02T00:00:00Z,9.57652858072717
GB,2024-02-03T00:00:00Z,9.735510752283146
GB,2024-02-04T00:00:00Z,6.825815018756862
GB,2024-02-05T00:00:00Z,10.111784825963015
GB,2024-02-06T00:00:00Z,10.112640222725377
GB,2024-02-07T00:00:00Z,10.327495183045086
GB,2024-02-08T00:00:00Z,10.323023509764628
GB,2024-02-09T00:00:00Z,10.62031832855405
GB,2024-02-10T00:00:00Z,10.081988388995391
GB,2024-02-11T00:00:00Z,10.427334147903546
GB,2024-02-12T00:00:00Z,9.672772386761814
GB,2024-02-13T00:00:00Z,10.822263897980928
GB,2024-02-14T00:00:00Z,10.61178903844609
GB,2024-02-15T00:00:00Z,10.435058564450843
GB,2024-02-16T00:00:00Z,10.5846565770287
GB,2024-02-20T00:00:00Z,11.165968566195984
GB,2024-02-21T00:00:00Z,10.998828747776631
GB,2024-02-22T00:00:00Z,10.89685369511412
GB,2024-02-23T00:00:00Z,8.562453283115923
GB,2024-02-24T00:00:00Z,11.006802291411129
GB,2024-02-25T00:00:00Z,11.189890787130311
GB,2024-02-26T00:00:00Z,10.745747356687462
GB,2024-02-27T00:00:00Z,10.789677301830324
GB,2024-02-28T00:00:00Z,10.029052560172357
GB,2024-02-29T00:00:00Z,11.12499021996918
GB,2024-03-01T00:00:00Z,9.610372047855249
GB,2024-03-02T00:00:00Z,9.588881040335323
GB,2024-03-07T00:00:00Z,9.88023382518299
GB,2024-03-08T00:00:00Z,10.295186368350551
GB,2024-03-09T00:00:00Z,9.717186353985442
GB,2024-03-10T00:00:00Z,9.653421954634943
GB,2024-03-11T00:00:00Z,9.811459283553098
GB,2024-03-12T00:00:00Z,9.074040537734474
GB,2024-03-13T00:00:00Z,9.860717477553486
GB,2024-03-14T00:00:00Z,10.123436568028303
GB,2024-03-15T00:00:00Z,9.42159014335847
GB,2024-03-16T00:00:00Z,8.583482007810222
GB,2024-03-17T00:00:00Z,8.833599367794461
GB,2024-03-18T00:00:00Z,6.073919238698763
GB,2024-03-19T00:00:00Z,7.931761669970922
GB,2024-03-20T00:00:00Z,7.348834329629037
GB,2024-03-21T00:00:00Z,8.477483211739608
GB,2024-03-22T00:00:00Z,6.234693149895643
GB,2024-03-23T00:00:00Z,8.741737853079563
GB,2024-03-28T00:00:00Z,7.167957456549609
GB,2024-03-29T00:00:00Z,6.920099681237351
GB,2024-03-30T00:00:00Z,6.583959027793306
GB,2024-03-31T00:00:00Z,7.525105125468058
GB,2024-04-01T00:00:00Z,8.830276332512868
GB,2024-04-02T00:00:00Z,8.656815562587022
GB,2024-04-03T00:00:00Z,6.55592241193997
GB,2024-04-04T00:00:00Z,7.000908863316204
GB,2024-04-05T00:00:00Z,6.571049041587545
GB,2024-04-06T00:00:00Z,6.733939847477491
GB,2024-04-07T00:00:00Z,6.8873708321491005
GB,2024-04-08T00:00:00Z,7.160434845149317
GB,2024-04-09T00:00:00Z,7.957186396261867
GB,2024-04-10T00:00:00Z,8.07468884792936
GB,2024-04-11T00:00:00Z,5.951392266602897
GB,2024-04-12T00:00:00Z,6.870452423319316
GB,2024-04-13T00:00:00Z,6.247364452438593
GB,2024-04-14T00:00:00Z,6.456736481765776
GB,2024-04-15T00:00:00Z,7.018823072207237
GB,2024-04-16T00:00:00Z,7.762602193982676
GB,2024-04-17T00:00:00Z,7.732468606076447
GB,2024-04-18T00:00:00Z,8.480636662767656
GB,2024-04-19T00:00:00Z,6.999074662077598
GB,2024-04-20T00:00:00Z,7.752100118607308
GB,2024-04-21T00:00:00Z,7.350121938098219
GB,2024-04-22T00:00:00Z,6.772128564887768
GB,2024-04-23T00:00:00Z,6.736772251208288
GB,2024-04-24T00:00:00Z,7.1767200223104775
GB,2024-04-25T00:00:00Z,6.803759344869352
GB,2024-04-26T00:00:00Z,7.191051730886863
GB,2024-04-27T00:00:00Z,7.012271283469361
GB,2024-04-28T00:00:00Z,7.073250366752301
GB,2024-04-30T00:00:00Z,7.905762829366095
GB,2024-05-01T00:00:00Z,7.93822097922558
GB,2024-05-02T00:00:00Z,7.92856183657107
GB,2024-05-03T00:00:00Z,7.930396504823026
GB,2024-05-04T00:00:00Z,7.883282169414259
GB,2024-05-05T00:00:00Z,8.132816177239276
GB,2024-05-06T00:00:00Z,8.460564819690887
GB,2024-05-07T00:00:00Z,8.60501401610254
GB,2024-05-08T00:00:00Z,8.826104845368192
GB,2024-05-09T00:00:00Z,9.040331992603807
GB,2024-05-10T00:00:00Z,9.024075875325778
GB,2024-05-11T00:00:00Z,9.145743011828284
GB,2024-05-12T00:00:00Z,9.366350846902003
GB,2024-05-13T00:00:00Z,9.221711067189398
GB,2024-05-14T00:00:00Z,9.232104037928444
GB,2024-05-15T00:00:00Z,9.271123744895592
GB,2024-05-16T00:00:00Z,9.317980219094588
GB,2024-05-17T00:00:00Z,9.346788122715193
GB,2024-05-18T00:00:00Z,9.419277485470454
GB,2024-05-19T00:00:00Z,9.38215640660213
GB,2024-05-20T00:00:00Z,9.44008749428007
GB,2024-05-21T00:00:00Z,9.503594033626516
GB,2024-05-22T00:00:00Z,9.556563145600812
GB,2024-05-23T00:00:00Z,9.632782094161492
GB,2024-05-24T00:00:00Z,9.603810570462652
GB,2024-05-25T00:00:00Z,9.624371458567152
GB,2024-05-26T00:00:00Z,9.60982812913156
GB,2024-05-27T00:00:00Z,9.575861822103183
GB,2024-05-28T00:00:00Z,9.57716058024348
GB,2024-05-29T00:00:00Z,9.546190187252886
GB,2024-05-30T00:00:00Z,9.662473611558646
GB,2024-05-31T00:00:00Z,9.752427215184852
GB,2024-06-01T00:00:00Z,9.818452760111258
GB,2024-06-02T00:00:00Z,9.872300741521448
GB,2024-06-03T00:00:00Z,9.878498340977336
GB,2024-06-04T00:00:00Z,9.875218888818642
GB,2024-06-05T00:00:00Z,9.916758783468646
GB,2024-06-06T00:00:00Z,9.898720606363185
GB,2024-06-07T00:00:00Z,9.889098917958671
GB,2024-06-08T00:00:00Z,9.85996051770249
GB,2024-06-09T00:00:00Z,9.848179522912462
GB,2024-06-10T00:00:00Z,9.822093202950724
GB,2024-06-11T00:00:00Z,9.761946331709874
GB,2024-06-12T00:00:00Z,9.787760659725242
GB,2024-06-13T00:00:00Z,9.739517798926949
GB,2024-06-14T00:00:00Z,9.713840218515898
GB,2024-06-15T00:00:00Z,9.690108381836524
GB,2024-06-16T00:00:00Z,9.36555415815894
GB,2024-06-17T00:00:00Z,9.29498907038664
GB,2024-06-18T00:00:00Z,9.32308449939729
GB,2024-06-19T00:00:00Z,9.388873427312918
GB,2024-06-20T00:00:00Z,9.40939498561567
GB,2024-06-21T00:00:00Z,9.352822771034749
GB,2024-06-22T00:00:00Z,9.357226247066295
GB,2024-06-23T00:00:00Z,9.45141418768794
GB,2024-06-24T00:00:00Z,9.428454735125566
GB,2024-06-25T00:00:00Z,9.451549184307854
GB,2024-06-26T00:00:00Z,9.533721982748418
GB,2024-06-27T00:00:00Z,9.593215561560452
GB,2024-06-28T00:00:00Z,9.597178550588744
GB,2024-06-29T00:00:00Z,9.586993120008186
GB,2024-06-30T00:00:00Z,9.443171368469152
GB,2024-07-01T00:00:00Z,9.332156219413624
GB,2024-07-02T00:00:00Z,9.385367279537286
GB,2024-07-03T00:00:00Z,9.423922706936228
GB,2024-07-04T00:00:00Z,9.343902684983457
GB,2024-07-05T00:00:00Z,9.331100923944511
GB,2024-07-06T00:00:00Z,9.372737428418192
GB,2024-07-07T00:00:00Z,9.47468019291548
GB,2024-07-08T00:00:00Z,9.474364077580494
GB,2024-07-09T00:00:00Z,9.46897767959529
GB,2024-07-10T00:00:00Z,9.370173575508703
GB,2024-07-11T00:00:00Z,9.125954623016106
GB,2024-07-12T00:00:00Z,8.892544844704108
GB,2024-07-13T00:00:00Z,8.768079951636757
GB,2024-07-14T00:00:00Z,8.766917081134462
GB,2024-07-15T00:00:00Z,9.032987632831556
GB,2024-07-16T00:00:00Z,9.20338414164816
GB,2024-07-17T00:00:00Z,9.39727202293934
GB,2024-07-18T00:00:00Z,9.38896288379409
GB,2024-07-19T00:00:00Z,9.469560842372518
GB,2024-07-20T00:00:00Z,9.539880918375763
GB,2024-07-21T00:00:00Z,9.552581133923937
GB,2024-07-22T00:00:00Z,9.601648967239104
GB,2024-07-23T00:00:00Z,9.685274758548177
GB,2024-07-24T00:00:00Z,9.69753792720556
GB,2024-07-25T00:00:00Z,9.701592823864605
ID,2022-11-08T00:00:00Z,3.633090672932049
ID,2022-11-09T00:00:00Z,3.7986473920191983
ID,2022-11-10T00:00:00Z,3.516335011918378
ID,2022-11-11T00:00:00Z,2.608203777449899
ID,2022-11-12T00:00:00Z,3.359515077237525
ID,2022-11-13T00:00:00Z,3.2858066787923303
ID,2022-11-14T00:00:00Z,3.642399131016818
ID,2022-11-15T00:00:00Z,3.088620058623284
ID,2022-11-16T00:00:00Z,3.488766004361996
ID,2022-11-17T00:00:00Z,3.856759284416793
ID,2022-11-18T00:00:00Z,4.002486824707363
ID,2022-11-19T00:00:00Z,3.6895132987565433
ID,2022-11-20T00:00:00Z,3.862104805441248
ID,2022-11-21T00:00:00Z,2.481471669461668
ID,2022-11-22T00:00:00Z,3.4894829851130447
ID,2022-11-23T00:00:00Z,3.75687213782126
ID,2022-11-24T00:00:00Z,3.304667792065111
ID,2022-11-25T00:00:00Z,3.676171185166955
ID,2022-11-26T00:00:00Z,3.235461649215884
ID,2022-11-27T00:00:00Z,3.412782224098148
ID,2022-11-28T00:00:00Z,3.691898288052367
ID,2022-11-29T00:00:00Z,3.9401680816979847
ID,2022-11-30T00:00:00Z,4.2443127017222695
ID,2022-12-01T00:00:00Z,4.075722786700092
ID,2022-12-02T00:00:00Z,4.018125869411906
ID,2022-12-03T00:00:00Z,3.966987013368024
ID,2022-12-04T00:00:00Z,4.12448153716186
ID,2022-12-05T00:00:00Z,3.373603775149628
ID,2022-12-06T00:00:00Z,4.082765671414429
ID,2022-12-07T00:00:00Z,4.04517481955785
ID,2022-12-08T00:00:00Z,4.012540170905546
ID,2022-12-09T00:00:00Z,4.10360454072452
ID,2022-12-10T00:00:00Z,4.2352354216481
ID,2022-12-11T00:00:00Z,3.436803415873621
ID,2022-12-12T00:00:00Z,4.07098183894573
ID,2022-12-13T00:00:00Z,3.9692557439562375
ID,2022-12-14T00:00:00Z,3.8506535888357263
ID,2022-12-15T00:00:00Z,2.869554633265774
ID,2022-12-16T00:00:00Z,4.103654670069369
ID,2022-12-17T00:00:00Z,4.309877123277044
ID,2022-12-18T00:00:00Z,3.953233568211024
ID,2022-12-19T00:00:00Z,3.9697050434055265
ID,2022-12-20T00:00:00Z,4.012255601283248
ID,2022-12-21T00:00:00Z,3.6751701890666433
ID,2022-12-22T00:00:00Z,3.8812732273119774
ID,2022-12-23T00:00:00Z,4.4154613789476125
ID,2022-12-31T00:00:00Z,2.7310956305599823
ID,2023-01-04T00:00:00Z,3.705682848509587
ID,2023-01-05T00:00:00Z,3.7586048208036726
ID,2023-01-06T00:00:00Z,3.732010505668573
ID,2023-01-07T00:00:00Z,3.8042592980482337
ID,2023-01-08T00:00:00Z,3.615924893587532
ID,2023-01-09T00:00:00Z,3.6991909541436327
ID,2023-01-10T00:00:00Z,3.838843578700325
ID,2023-01-11T00:00:00Z,3.843004740735115
ID,2023-01-12T00:00:00Z,3.665264669730989
ID,2023-01-13T00:00:00Z,3.325941536656557
ID,2023-01-14T00:00:00Z,3.72900013931294
ID,2023-01-15T00:00:00Z,3.8995646219102422
ID,2023-01-16T00:00:00Z,3.863208415455108
ID,2023-01-17T00:00:00Z,3.6988630906547617
ID,2023-01-18T00:00:00Z,3.7819887213366297
ID,2023-01-19T00:00:00Z,4.014360479791928
ID,2023-01-20T00:00:00Z,3.797367315938294
ID,2023-01-21T00:00:00Z,3.5129290599443936
ID,2023-01-22T00:00:00Z,3.7232205335140462
ID,2023-01-23T00:00:00Z,3.995575311796699
ID,2023-01-24T00:00:00Z,3.8022416354811863
ID,2023-01-25T00:00:00Z,3.7225425980885114
ID,2023-01-26T00:00:00Z,4.222322865638589
ID,2023-01-29T00:00:00Z,3.2256614244414967
ID,2023-01-30T00:00:00Z,3.5174436668273583
ID,2023-02-01T00:00:00Z,3.216558109299198
ID,2023-02-02T00:00:00Z,3.2216308305241816
ID,2023-02-03T00:00:00Z,1.907070257289562
ID,2023-02-05T00:00:00Z,2.8041486416991908
ID,2023-02-09T00:00:00Z,3.2173410199311445
ID,2023-02-10T00:00:00Z,2.767781243024646
ID,2023-02-11T00:00:00Z,2.0497616215875256
ID,2023-02-12T00:00:00Z,2.7499784060585535
ID,2023-02-13T00:00:00Z,2.8706184452198102
ID,2023-02-14T00:00:00Z,2.6252350391081687
ID,2023-02-15T00:00:00Z,1.6653026423082389
ID,2023-02-16T00:00:00Z,1.2666990214823397
ID,2023-02-17T00:00:00Z,1.7037894713841442
ID,2023-02-18T00:00:00Z,1.3448848787123393
ID,2023-02-20T00:00:00Z,0.09295798114264645
ID,2023-02-21T00:00:00Z,0.08259282881139508
ID,2023-02-22T00:00:00Z,0.08261996742415653
ID,2023-02-23T00:00:00Z,0.0815101587755489
ID,2023-02-24T00:00:00Z,0.0811100544582399
ID,2023-02-25T00:00:00Z,0.08087707558953104
ID,2023-02-26T00:00:00Z,0.08169140997117441
ID,2023-02-27T00:00:00Z,0.08660431743680698
ID,2023-02-28T00:00:00Z,0.10706059009298186
ID,2023-03-04T00:00:00Z,0.8148265818073619
ID,2023-03-10T00:00:00Z,3.0097816302874203
ID,2023-03-12T00:00:00Z,3.2779069914616747
ID,2023-03-13T00:00:00Z,0.6875183978570087
ID,2023-03-14T00:00:00Z,3.2559923300703946
ID,2023-03-16T00:00:00Z,3.0714266182529957
ID,2023-03-17T00:00:00Z,2.6612459727264515
ID,2023-03-18T00:00:00Z,1.6635437030447675
ID,2023-03-19T00:00:00Z,2.557809381349628
ID,2023-03-20T00:00:00Z,2.979746891570602
ID,2023-03-21T00:00:00Z,2.575035530275177
ID,2023-03-22T00:00:00Z,2.6937094294713817
ID,2023-03-23T00:00:00Z,2.3976290170785965
ID,2023-03-24T00:00:00Z,2.3226349567578124
ID,2023-03-25T00:00:00Z,1.5835674292326305
ID,2023-03-26T00:00:00Z,1.8046758899469315
ID,2023-03-27T00:00:00Z,2.0689173915725942
ID,2023-03-28T00:00:00Z,2.0732291228956488
ID,2023-03-29T00:00:00Z,2.3470001682744925
ID,2023-03-30T00:00:00Z,2.2924411712631247
ID,2023-03-31T00:00:00Z,2.0634953210872
ID,2023-04-01T00:00:00Z,1.7960999371769792
ID,2023-04-02T00:00:00Z,2.0202694635749543
ID,2023-04-03T00:00:00Z,1.7836981314592268
ID,2023-04-04T00:00:00Z,2.022106895377142
ID,2023-04-05T00:00:00Z,1.655375998401852
ID,2023-04-06T00:00:00Z,2.04229026016293
ID,2023-04-07T00:00:00Z,2.5578319545252364
ID,2023-04-08T00:00:00Z,2.6196039239743825
ID,2023-04-09T00:00:00Z,2.2025573674418872
ID,2023-04-10T00:00:00Z,2.9036133352650495
ID,2023-04-11T00:00:00Z,2.2717106231275075
ID,2023-04-12T00:00:00Z,2.96978182819105
ID,2023-04-13T00:00:00Z,2.32499338992457
ID,2023-04-14T00:00:00Z,2.360595691692871
ID,2023-04-15T00:00:00Z,2.521176199393228
ID,2023-04-16T00:00:00Z,2.4599916639560964
ID,2023-04-17T00:00:00Z,3.115947633494258
ID,2023-04-18T00:00:00Z,2.8925217474445373
ID,2023-04-19T00:00:00Z,2.760719949269842
ID,2023-04-20T00:00:00Z,2.873113652702814
ID,2023-04-21T00:00:00Z,2.8465210242247463
ID,2023-04-22T00:00:00Z,3.0595460555918663
ID,2023-04-23T00:00:00Z,3.2529800920040217
ID,2023-04-24T00:00:00Z,3.007565151036122
ID,2023-04-25T00:00:00Z,3.15414267698497
ID,2023-04-26T00:00:00Z,3.2246190754593047
ID,2023-04-27T00:00:00Z,3.816171365718973
ID,2023-04-28T00:00:00Z,3.1188823154574714
ID,2023-04-29T00:00:00Z,4.043201977782395
ID,2023-04-30T00:00:00Z,3.2415245449705083
ID,2023-05-01T00:00:00Z,3.409853368281239
ID,2023-05-02T00:00:00Z,3.5889146688188633
ID,2023-05-03T00:00:00Z,3.6773467904177592
ID,2023-05-04T00:00:00Z,3.744790627471742
ID,2023-05-05T00:00:00Z,3.711563550130726
ID,2023-05-06T00:00:00Z,3.5569959235339375
ID,2023-05-07T00:00:00Z,3.648365428519477
ID,2023-05-08T00:00:00Z,3.770022083255763
ID,2023-05-09T00:00:00Z,3.5249970954331085
ID,2023-05-10T00:00:00Z,3.81672118579916
ID,2023-05-12T00:00:00Z,3.736761058450023
ID,2023-05-14T00:00:00Z,3.7275774305680662
ID,2023-05-15T00:00:00Z,3.90582618349157
ID,2023-05-16T00:00:00Z,3.673076409150253
ID,2023-05-17T00:00:00Z,3.1092211128391845
ID,2023-05-18T00:00:00Z,3.0745949330444056
ID,2023-05-19T00:00:00Z,3.4698730985681765
ID,2023-05-20T00:00:00Z,3.8109365225531926
ID,2023-05-21T00:00:00Z,3.38783854895142
ID,2023-05-22T00:00:00Z,3.595894761366254
ID,2023-05-23T00:00:00Z,4.016095111318046
ID,2023-05-24T00:00:00Z,3.5759914805720032
ID,2023-05-25T00:00:00Z,3.9159286069316033
ID,2023-05-26T00:00:00Z,3.4378005145100765
ID,2023-05-27T00:00:00Z,4.086283218067384
ID,2023-05-28T00:00:00Z,4.044948972595809
ID,2023-05-29T00:00:00Z,3.80887917275614
ID,2023-05-30T00:00:00Z,3.8442528398806934
ID,2023-05-31T00:00:00Z,3.663046784102043
ID,2023-06-01T00:00:00Z,3.7446986018822095
ID,2023-06-02T00:00:00Z,3.676539963120688
ID,2023-06-03T00:00:00Z,3.900759256035007
ID,2023-06-04T00:00:00Z,4.307971044390206
ID,2023-06-05T00:00:00Z,3.961338978553791
ID,2023-06-06T00:00:00Z,3.7399925291275182
ID,2023-06-07T00:00:00Z,3.631451598691259
ID,2023-06-08T00:00:00Z,3.7768844825017744
ID,2023-06-09T00:00:00Z,4.435265124966438
ID,2023-06-10T00:00:00Z,4.136139539179172
ID,2023-06-11T00:00:00Z,3.946926455171195
ID,2023-06-12T00:00:00Z,3.363415900325109
ID,2023-06-13T00:00:00Z,3.6665400784161526
ID,2023-06-14T00:00:00Z,3.540589903476708
ID,2023-06-15T00:00:00Z,3.665830879530345
ID,2023-06-16T00:00:00Z,3.5100571970183227
ID,2023-06-17T00:00:00Z,3.5701742183123626
ID,2023-06-18T00:00:00Z,3.74673316396549
ID,2023-06-19T00:00:00Z,3.267812278092692
ID,2023-06-20T00:00:00Z,1.0512459233076363
ID,2023-06-21T00:00:00Z,2.2988465736546293
ID,2023-06-22T00:00:00Z,2.3825921029560355
ID,2023-06-23T00:00:00Z,2.431023181274123
ID,2023-06-24T00:00:00Z,2.3105100408351253
ID,2023-06-25T00:00:00Z,2.052706771288223
ID,2023-06-26T00:00:00Z,1.500078320721715
ID,2023-06-27T00:00:00Z,0.9439249260070818
ID,2023-06-28T00:00:00Z,0.4824387991107494
ID,2023-06-29T00:00:00Z,0.2846319084939729
ID,2023-06-30T00:00:00Z,0.236691825473892
ID,2023-07-01T00:00:00Z,0.3306713629099078
ID,2023-07-02T00:00:00Z,0.3026387738346698
ID,2023-07-03T00:00:00Z,0.3389193382777708
ID,2023-07-04T00:00:00Z,0.45791687168821577
ID,2023-07-05T00:00:00Z,0.6181368400544449
ID,2023-07-06T00:00:00Z,0.9663617750051978
ID,2023-07-07T00:00:00Z,1.623138474581705
ID,2023-07-08T00:00:00Z,2.0466437517475553
ID,2023-07-09T00:00:00Z,1.4258573776736003
ID,2023-07-10T00:00:00Z,1.2236959520678152
ID,2023-07-11T00:00:00Z,1.9404555866217037
ID,2023-07-12T00:00:00Z,2.3440586720657963
ID,2023-07-13T00:00:00Z,2.7386272729858185
ID,2023-07-14T00:00:00Z,2.429134832273536
ID,2023-07-15T00:00:00Z,2.6143872413023743
ID,2023-07-16T00:00:00Z,3.321597675645148
ID,2023-07-17T00:00:00Z,2.86997898294811
ID,2023-07-18T00:00:00Z,2.8733659981129733
ID,2023-07-19T00:00:00Z,2.8997597556259027
ID,2023-07-20T00:00:00Z,2.9141229242571622
ID,2023-07-21T00:00:00Z,3.093532303852481
ID,2023-07-22T00:00:00Z,3.3703435151523387
ID,2023-07-23T00:00:00Z,2.590074279419018
ID,2023-07-24T00:00:00Z,3.2648795802274435
ID,2023-07-25T00:00:00Z,3.156517366406193
ID,2023-07-26T00:00:00Z,3.3747908550815637
ID,2023-07-28T00:00:00Z,4.024613371210188
ID,2023-07-29T00:00:00Z,4.045303462704923
ID,2023-07-30T00:00:00Z,3.6636000689394392
ID,2023-07-31T00:00:00Z,3.9565960401609046
ID,2023-08-01T00:00:00Z,3.1322287409239067
ID,2023-08-02T00:00:00Z,3.3868512184679886
ID,2023-08-04T00:00:00Z,2.832202938482155
ID,2023-08-05T00:00:00Z,2.303507025729965
ID,2023-08-06T00:00:00Z,2.306435522838786
ID,2023-08-07T00:00:00Z,2.365739532978777
ID,2023-08-08T00:00:00Z,2.2725968586031806
ID,2023-08-09T00:00:00Z,2.2504768568403466
ID,2023-08-10T00:00:00Z,2.3516250671037935
ID,2023-08-11T00:00:00Z,2.353484628680761
ID,2023-08-12T00:00:00Z,2.7879456677504666
ID,2023-08-13T00:00:00Z,2.7762121597079163
ID,2023-08-14T00:00:00Z,4.546720502328924
ID,2023-08-15T00:00:00Z,3.790891293438402
ID,2023-08-16T00:00:00Z,3.5621609156943848
ID,2023-08-17T00:00:00Z,1.8513591148892865
ID,2023-08-18T00:00:00Z,3.2251532733870443
ID,2023-08-19T00:00:00Z,3.266896846751875
ID,2023-08-20T00:00:00Z,3.0140387097817785
ID,2023-08-21T00:00:00Z,3.279630525833329
ID,2023-08-22T00:00:00Z,3.252336458608851
ID,2023-08-23T00:00:00Z,3.5613268008606256
ID,2023-08-24T00:00:00Z,3.334996099655773
ID,2023-08-25T00:00:00Z,3.642029640321287
ID,2023-08-26T00:00:00Z,3.614445260305197
ID,2023-08-27T00:00:00Z,3.6470839476153945
ID,2023-08-28T00:00:00Z,3.833739740165826
ID,2023-08-30T00:00:00Z,1.3866973369669615
ID,2023-08-31T00:00:00Z,2.8881010185644604
ID,2023-09-01T00:00:00Z,3.613066286163561
ID,2023-09-02T00:00:00Z,3.4592699369988686
ID,2023-09-03T00:00:00Z,2.571524567322105
ID,2023-09-04T00:00:00Z,2.4092369815658574
ID,2023-09-05T00:00:00Z,2.198560274458425
ID,2023-09-06T00:00:00Z,1.8641352277249763
ID,2023-09-07T00:00:00Z,1.6576163828501131
ID,2023-09-08T00:00:00Z,1.1718305126284458
ID,2023-09-09T00:00:00Z,1.5138347143326134
ID,2023-09-10T00:00:00Z,1.7842506199793289
ID,2023-09-11T00:00:00Z,1.4012571699454004
ID,2023-09-12T00:00:00Z,2.452284852222574
ID,2023-09-13T00:00:00Z,2.1481922091721715
ID,2023-09-14T00:00:00Z,2.0418732298283664
ID,2023-09-15T00:00:00Z,2.350083480758292
ID,2023-09-16T00:00:00Z,2.6964924859672914
ID,2023-09-17T00:00:00Z,2.3819464149703355
ID,2023-09-18T00:00:00Z,2.520917462700835
ID,2023-09-19T00:00:00Z,3.6005378501082164
ID,2023-10-03T00:00:00Z,3.6022100540459947
ID,2023-10-04T00:00:00Z,3.537777999584819
ID,2023-10-05T00:00:00Z,3.5707454535300913
ID,2023-10-06T00:00:00Z,3.507603033731479
ID,2023-10-07T00:00:00Z,3.673992356237038
ID,2023-10-08T00:00:00Z,3.63207307615353
ID,2023-10-09T00:00:00Z,3.6414582557418265
ID,2023-10-10T00:00:00Z,3.692004116569157
ID,2023-10-12T00:00:00Z,1.92760325657218
ID,2023-10-13T00:00:00Z,3.5319649202848034
ID,2023-10-14T00:00:00Z,3.266473406303258
ID,2023-10-15T00:00:00Z,3.4458180867383925
ID,2023-10-16T00:00:00Z,3.4316631059215683
ID,2023-10-17T00:00:00Z,3.5050555572035966
ID,2023-10-18T00:00:00Z,3.4913638320384868
ID,2023-10-19T00:00:00Z,2.940582948680811
ID,2023-10-20T00:00:00Z,2.9309415854362624
ID,2023-10-21T00:00:00Z,3.1411880282270523
ID,2023-10-22T00:00:00Z,3.215087091485793
ID,2023-10-23T00:00:00Z,3.031166395344317
ID,2023-10-24T00:00:00Z,3.134593697370215
ID,2023-10-25T00:00:00Z,3.29378978623347
ID,2023-10-26T00:00:00Z,3.326305241615914
ID,2023-10-27T00:00:00Z,3.264677504452848
ID,2023-10-28T00:00:00Z,3.357183697573325
ID,2023-10-29T00:00:00Z,3.702817039169798
ID,2023-10-30T00:00:00Z,3.5260548379576155
ID,2023-10-31T00:00:00Z,3.548829186830988
ID,2023-11-01T00:00:00Z,3.954309875017085
ID,2023-11-02T00:00:00Z,3.628270631584905
ID,2023-11-03T00:00:00Z,3.73517907348006
ID,2023-11-04T00:00:00Z,3.9147140527386046
ID,2023-11-05T00:00:00Z,3.7613202146717306
ID,2023-11-06T00:00:00Z,3.8746069061741166
ID,2023-11-07T00:00:00Z,3.863624856514465
ID,2023-11-08T00:00:00Z,3.9855864546484936
ID,2023-11-09T00:00:00Z,4.029698290828781
ID,2023-11-10T00:00:00Z,3.7984574069953703
ID,2023-11-11T00:00:00Z,4.2395218518275755
ID,2023-11-12T00:00:00Z,3.868594056659485
ID,2023-11-13T00:00:00Z,3.647522175655135
ID,2023-11-14T00:00:00Z,3.961808226839544
ID,2023-11-15T00:00:00Z,3.5380355801655203
ID,2023-11-16T00:00:00Z,3.7391093675784073
ID,2023-11-17T00:00:00Z,3.538207856841746
ID,2023-11-18T00:00:00Z,4.029511968673796
ID,2023-11-19T00:00:00Z,4.0355156420217915
ID,2023-11-20T00:00:00Z,4.067131350481334
ID,2023-11-21T00:00:00Z,3.890531844756872
ID,2023-11-22T00:00:00Z,3.388701655937052
ID,2023-11-23T00:00:00Z,3.942047070658838
ID,2023-11-24T00:00:00Z,3.421389960911251
ID,2023-11-25T00:00:00Z,3.958725947072448
ID,2023-11-26T00:00:00Z,3.5566918633270137
ID,2023-11-27T00:00:00Z,4.020001267133468
ID,2023-11-28T00:00:00Z,4.099762245972879
ID,2023-11-29T00:00:00Z,4.103019527310119
ID,2023-12-01T00:00:00Z,3.83301228747524
ID,2023-12-02T00:00:00Z,3.623164450662771
ID,2023-12-03T00:00:00Z,3.4597713511156223
ID,2023-12-04T00:00:00Z,3.1936332311887066
ID,2023-12-05T00:00:00Z,3.4148230310151466
ID,2023-12-06T00:00:00Z,3.307705022498156
ID,2023-12-07T00:00:00Z,3.199655509607023
ID,2023-12-08T00:00:00Z,3.3522303893748324
ID,2023-12-09T00:00:00Z,3.0005651938879674
ID,2023-12-10T00:00:00Z,3.3823751198454266
ID,2023-12-11T00:00:00Z,3.3419849312383687
ID,2023-12-12T00:00:00Z,3.0708069921805956
ID,2023-12-13T00:00:00Z,2.880962856398448
ID,2024-01-12T00:00:00Z,0.08257102363691664
ID,2024-01-13T00:00:00Z,0.08160375977713058
ID,2024-01-14T00:00:00Z,0.08220833500219513
ID,2024-01-15T00:00:00Z,0.08215044624746186
ID,2024-01-16T00:00:00Z,0.08330030509356186
ID,2024-01-17T00:00:00Z,0.08211015231452597
ID,2024-01-18T00:00:00Z,0.08307820624391805
ID,2024-01-19T00:00:00Z,0.08290374526192328
ID,2024-01-20T00:00:00Z,0.08252423193491848
ID,2024-01-23T00:00:00Z,0.08326337995105094
ID,2024-01-24T00:00:00Z,0.08134097298211376
ID,2024-01-25T00:00:00Z,0.08077775943847311
ID,2024-01-26T00:00:00Z,0.08197109632983278
ID,2024-01-27T00:00:00Z,0.08086002814238616
ID,2024-01-28T00:00:00Z,0.07944686279494113
ID,2024-02-04T00:00:00Z,0.08019798482980815
ID,2024-02-05T00:00:00Z,0.08231170590950546
ID,2024-02-12T00:00:00Z,0.08247991404950396
ID,2024-02-16T00:00:00Z,0.09665721105748185
ID,2024-02-17T00:00:00Z,0.09958864095645811
ID,2024-02-18T00:00:00Z,0.09721920855333104
ID,2024-02-23T00:00:00Z,0.08141590838919747
ID,2024-03-02T00:00:00Z,0.10389321756345812
ID,2024-03-05T00:00:00Z,1.2008613286854497
ID,2024-03-09T00:00:00Z,1.0056621359086664
ID,2024-03-16T00:00:00Z,0.08114687558705069
ID,2024-03-17T00:00:00Z,0.08129475884309519
ID,2024-03-18T00:00:00Z,0.08164993940840126
ID,2024-03-19T00:00:00Z,0.08315488809130935
ID,2024-03-20T00:00:00Z,0.08149566527361071
ID,2024-03-21T00:00:00Z,0.08165835357332914
ID,2024-03-22T00:00:00Z,0.08212624417845106
ID,2024-03-23T00:00:00Z,0.08207166084934174
ID,2024-03-24T00:00:00Z,0.08214004078975377
ID,2024-03-25T00:00:00Z,0.0815244248773311
ID,2024-03-26T00:00:00Z,0.0812287396193305
ID,2024-03-27T00:00:00Z,0.08264682714879013
ID,2024-03-28T00:00:00Z,0.08194194684982399
ID,2024-03-29T00:00:00Z,0.08224290042353238
ID,2024-03-30T00:00:00Z,0.08047715703910512
ID,2024-03-31T00:00:00Z,0.08091471186521525
ID,2024-04-01T00:00:00Z,0.08128848167582442
ID,2024-04-02T00:00:00Z,0.08155008609535426
ID,2024-04-03T00:00:00Z,0.08274565547703155
ID,2024-04-04T00:00:00Z,0.08287724963418305
ID,2024-04-05T00:00:00Z,0.0824237961564804
ID,2024-04-06T00:00:00Z,0.08253323481883683
ID,2024-04-07T00:00:00Z,0.08179004238369594
ID,2024-04-08T00:00:00Z,0.08237385103597222
ID,2024-04-09T00:00:00Z,0.08254988898666193
ID,2024-04-10T00:00:00Z,0.08238660822208312
ID,2024-04-11T00:00:00Z,0.08217355251641131
ID,2024-04-12T00:00:00Z,0.08270672723337397
ID,2024-04-13T00:00:00Z,0.0827121923336588
ID,2024-04-14T00:00:00Z,0.08169517140998012
ID,2024-04-15T00:00:00Z,0.08146419321222174
ID,2024-04-16T00:00:00Z,0.08257684613127762
ID,2024-04-17T00:00:00Z,0.08101496915277401
ID,2024-04-18T00:00:00Z,0.08176310892787181
ID,2024-04-19T00:00:00Z,0.0815836824080392
ID,2024-04-20T00:00:00Z,0.08147648121835228
ID,2024-04-23T00:00:00Z,0.08327222205399115
ID,2024-04-24T00:00:00Z,0.08249219001608844
ID,2024-04-25T00:00:00Z,0.08188125913819905
ID,2024-04-26T00:00:00Z,0.08227362049432009
ID,2024-04-27T00:00:00Z,0.08312046046491503
ID,2024-04-28T00:00:00Z,0.08340808618530478
ID,2024-04-29T00:00:00Z,0.08338345930803315
ID,2024-04-30T00:00:00Z,0.08220549509924154
ID,2024-05-01T00:00:00Z,0.08235182443022769
ID,2024-05-02T00:00:00Z,0.08271767509107732
ID,2024-05-03T00:00:00Z,0.08249684723709555
ID,2024-05-04T00:00:00Z,0.08315479264654445
ID,2024-05-05T00:00:00Z,0.08307151125318134
ID,2024-05-06T00:00:00Z,0.08283400264253646
ID,2024-05-07T00:00:00Z,0.08190186894234175
ID,2024-05-08T00:00:00Z,0.08236383130578367
ID,2024-05-09T00:00:00Z,0.0818497355075328
ID,2024-05-10T00:00:00Z,0.08289663562681912
ID,2024-05-11T00:00:00Z,0.08163631160772347
ID,2024-05-12T00:00:00Z,0.08079439942717724
ID,2024-05-13T00:00:00Z,0.08173193213495787
ID,2024-05-14T00:00:00Z,0.08087349607210549
ID,2024-05-15T00:00:00Z,0.08157174918543256
ID,2024-05-16T00:00:00Z,0.08149544582771297
ID,2024-05-17T00:00:00Z,0.08172493269333955
ID,2024-05-18T00:00:00Z,0.08211613627679647
ID,2024-05-19T00:00:00Z,0.08297026846535993
ID,2024-05-20T00:00:00Z,0.08264286024250224
ID,2024-05-21T00:00:00Z,0.08268362982862434
ID,2024-05-22T00:00:00Z,0.08317183512672657
ID,2024-05-23T00:00:00Z,0.08327715841269105
ID,2024-05-24T00:00:00Z,0.08254054676982994
ID,2024-05-25T00:00:00Z,0.08270411307656414
ID,2024-05-26T00:00:00Z,0.08213499067338728
ID,2024-05-27T00:00:00Z,0.0820260219347513
ID,2024-05-28T00:00:00Z,0.08200415825569192
ID,2024-05-29T00:00:00Z,0.08217730442890704
ID,2024-05-30T00:00:00Z,0.08135772633424009
ID,2024-05-31T00:00:00Z,0.08205709452225704
ID,2024-06-01T00:00:00Z,0.08177173689366163
ID,2024-06-02T00:00:00Z,0.08184685281676754
ID,2024-06-03T00:00:00Z,0.08195927603828902
ID,2024-06-04T00:00:00Z,0.08215262663873182
ID,2024-06-05T00:00:00Z,0.08195089139325067
ID,2024-06-06T00:00:00Z,0.08287207148455566
ID,2024-06-07T00:00:00Z,0.08280072369816185
ID,2024-06-09T00:00:00Z,0.08339914266836526
ID,2024-06-10T00:00:00Z,0.0834653640193241
ID,2024-06-11T00:00:00Z,0.08240977496113183
ID,2024-06-12T00:00:00Z,0.08239158670184007
ID,2024-06-13T00:00:00Z,0.0810714987808977
ID,2024-06-14T00:00:00Z,0.08053486767537231
ID,2024-06-15T00:00:00Z,0.08163186004431458
LF,2022-04-12T00:00:00Z,1.4186717516856224
LF,2022-04-14T00:00:00Z,1.3974283906869116
LF,2022-04-15T00:00:00Z,1.3992175278158607
LF,2022-04-19T00:00:00Z,1.4426203150432069
LF,2022-04-20T00:00:00Z,1.4106611447147182
LF,2022-04-21T00:00:00Z,1.429937314743126
LF,2022-04-23T00:00:00Z,1.4317791339583623
LF,2022-04-24T00:00:00Z,1.413982454682304
LF,2022-04-25T00:00:00Z,1.4145101032334644
LF,2022-04-26T00:00:00Z,1.5207702563833876
LF,2022-04-27T00:00:00Z,2.3194840360515507
LF,2022-05-03T00:00:00Z,4.3593818244794456
LF,2022-05-04T00:00:00Z,4.382915589002888
LF,2022-05-05T00:00:00Z,4.565638622999633
LF,2022-05-06T00:00:00Z,4.544387650217768
LF,2022-05-07T00:00:00Z,4.479087037168671
LF,2022-05-08T00:00:00Z,4.586720979179632
LF,2022-05-09T00:00:00Z,4.7184328661407005
LF,2022-05-10T00:00:00Z,4.843377885679046
LF,2022-05-11T00:00:00Z,4.832341949116304
LF,2022-05-12T00:00:00Z,4.754317653736604
LF,2022-05-13T00:00:00Z,4.818449227371777
LF,2022-05-14T00:00:00Z,4.708590618359398
LF,2022-05-15T00:00:00Z,4.7335159251754115
LF,2022-05-17T00:00:00Z,4.721369245751404
LF,2022-05-18T00:00:00Z,4.87008645512841
LF,2022-05-20T00:00:00Z,4.862436901833613
LF,2022-05-21T00:00:00Z,4.771528791001955
LF,2022-05-22T00:00:00Z,4.847679059316983
LF,2022-05-23T00:00:00Z,4.952945500791278
LF,2022-05-24T00:00:00Z,4.905057643014153
LF,2022-05-25T00:00:00Z,5.014663027717475
LF,2022-05-26T00:00:00Z,4.976770842882843
LF,2022-05-27T00:00:00Z,4.753034005867341
LF,2022-05-29T00:00:00Z,4.902533748587319
LF,2022-05-30T00:00:00Z,4.720975015326703
LF,2022-05-31T00:00:00Z,5.050154634275114
LF,2022-06-01T00:00:00Z,5.0745991559487065
LF,2022-06-03T00:00:00Z,4.862735938868967
LF,2022-06-04T00:00:00Z,5.006119131095426
LF,2022-06-06T00:00:00Z,4.895203051922058
LF,2022-06-07T00:00:00Z,4.586016520724346
LF,2022-06-08T00:00:00Z,4.640697276737236
LF,2022-06-09T00:00:00Z,4.802043809926611
LF,2022-06-10T00:00:00Z,4.928447042936607
LF,2022-06-11T00:00:00Z,4.742161661621482
LF,2022-06-12T00:00:00Z,4.586966410880499
LF,2022-06-13T00:00:00Z,4.939658220298185
LF,2022-06-14T00:00:00Z,4.860760117661665
LF,2022-06-15T00:00:00Z,4.842555944208887
LF,2022-06-16T00:00:00Z,4.9319277478651244
LF,2022-06-17T00:00:00Z,4.656970636631624
LF,2022-06-19T00:00:00Z,4.398327011381468
LF,2022-07-18T00:00:00Z,4.66081161364653
LF,2022-07-19T00:00:00Z,4.9471636649664354
LF,2022-07-20T00:00:00Z,4.7806340556714835
LF,2022-07-21T00:00:00Z,5.0836951955964524
LF,2022-07-22T00:00:00Z,4.960393837718713
LF,2022-07-23T00:00:00Z,4.497921334150724
LF,2022-07-25T00:00:00Z,4.590028393351121
LF,2022-07-26T00:00:00Z,4.4615591667586765
LF,2022-07-27T00:00:00Z,4.688985415223953
LF,2022-07-29T00:00:00Z,4.970629754441717
LF,2022-07-30T00:00:00Z,5.084372852882721
LF,2022-07-31T00:00:00Z,4.883660615341664
LF,2022-08-01T00:00:00Z,4.870294918913204
LF,2022-08-02T00:00:00Z,5.059488273176045
LF,2022-08-03T00:00:00Z,5.089229264536328
LF,2022-08-04T00:00:00Z,5.140459679252877
LF,2022-08-05T00:00:00Z,5.191565122446073
LF,2022-08-06T00:00:00Z,5.226372669009003
LF,2022-08-25T00:00:00Z,4.789485368004312
LF,2022-08-26T00:00:00Z,4.867282388034444
LF,2022-08-28T00:00:00Z,5.222518939758267
LF,2022-08-29T00:00:00Z,5.272340928715694
LF,2022-08-30T00:00:00Z,4.885060731675052
LF,2022-08-31T00:00:00Z,5.196760730748491
LF,2022-09-01T00:00:00Z,4.972268924931236
LF,2022-09-03T00:00:00Z,4.8013323272048964
LF,2022-09-04T00:00:00Z,4.829651163698372
LF,2022-09-05T00:00:00Z,4.786586040313965
LF,2022-09-06T00:00:00Z,4.677640999071521
LF,2022-09-20T00:00:00Z,4.257500989559117
LF,2022-09-21T00:00:00Z,4.380772877269281
LF,2022-09-22T00:00:00Z,4.486474465500769
LF,2022-09-23T00:00:00Z,4.492294914003721
LF,2022-09-24T00:00:00Z,4.6487984999016
LF,2022-09-25T00:00:00Z,4.603363434660344
LF,2022-09-26T00:00:00Z,4.602203547853196
LF,2022-09-27T00:00:00Z,4.860696592718978
LF,2022-09-29T00:00:00Z,5.177023278447387
LF,2022-09-30T00:00:00Z,5.116776424312444
LF,2022-10-01T00:00:00Z,4.943783367387713
LF,2022-10-02T00:00:00Z,4.940858152566597
LF,2022-10-03T00:00:00Z,4.9497404887261265
LF,2022-10-04T00:00:00Z,5.183824245111968
LF,2022-10-07T00:00:00Z,4.923389387567923
LF,2022-10-08T00:00:00Z,5.021317097057589
LF,2022-10-09T00:00:00Z,4.987683031288668
LF,2022-10-10T00:00:00Z,5.096167605487633
LF,2022-10-11T00:00:00Z,4.72663582991109
LF,2022-10-13T00:00:00Z,4.681579133372077
LF,2022-10-14T00:00:00Z,4.708300880330824
LF,2022-10-19T00:00:00Z,1.6827198894408275
LF,2022-10-20T00:00:00Z,1.949467939311241
LF,2022-10-21T00:00:00Z,2.491826773651984
LF,2022-10-25T00:00:00Z,4.8976840418467
LF,2022-10-26T00:00:00Z,4.517592694936105
LF,2022-11-09T00:00:00Z,1.401044062765212
LF,2022-11-12T00:00:00Z,3.893890959548234
LF,2022-11-20T00:00:00Z,1.3998837950215377
LF,2022-12-15T00:00:00Z,4.528859617231367
LF,2023-01-12T00:00:00Z,2.172790071497837
LF,2023-02-06T00:00:00Z,5.28726306288163
LF,2023-02-07T00:00:00Z,5.25302478573864
LF,2023-02-08T00:00:00Z,4.752069370424367
LF,2023-02-10T00:00:00Z,4.735507489352684
LF,2023-02-11T00:00:00Z,3.696183894733678
LF,2023-02-12T00:00:00Z,4.754408381692588
LF,2023-02-13T00:00:00Z,5.546795601212242
LF,2023-02-15T00:00:00Z,5.124216687089045
LF,2023-02-16T00:00:00Z,5.102291516645843
LF,2023-02-17T00:00:00Z,5.102654455169143
LF,2023-02-18T00:00:00Z,5.431134194208396
LF,2023-02-19T00:00:00Z,4.443946646453144
LF,2023-02-20T00:00:00Z,3.5820710632571746
LF,2023-03-09T00:00:00Z,5.410831390136116
LF,2023-03-11T00:00:00Z,5.244604267704113
LF,2023-03-13T00:00:00Z,3.296608583828554
LF,2023-03-14T00:00:00Z,5.5904925877124825
LF,2023-03-15T00:00:00Z,5.574623842899305
LF,2023-03-16T00:00:00Z,4.507378517892708
LF,2023-03-19T00:00:00Z,5.471487450045049
LF,2023-03-20T00:00:00Z,5.5940729188080365
LF,2023-03-21T00:00:00Z,5.481818157552053
LF,2023-03-22T00:00:00Z,5.373672792015366
LF,2023-03-23T00:00:00Z,5.086717667656521
LF,2023-03-24T00:00:00Z,5.038993743629456
LF,2023-03-26T00:00:00Z,4.7664495344386415
LF,2023-03-27T00:00:00Z,5.373601282235588
LF,2023-03-28T00:00:00Z,5.521622955487547
LF,2023-03-29T00:00:00Z,5.746768441467621
LF,2023-03-30T00:00:00Z,5.637490970398696
LF,2023-03-31T00:00:00Z,5.391478071058758
LF,2023-04-03T00:00:00Z,5.351401344408063
LF,2023-04-04T00:00:00Z,5.101917930657752
LF,2023-04-05T00:00:00Z,4.73248209031025
LF,2023-04-06T00:00:00Z,5.090903426108317
LF,2023-04-13T00:00:00Z,4.891620308971715
LF,2023-04-14T00:00:00Z,5.694948547803384
LF,2023-04-15T00:00:00Z,5.361151579289816
LF,2023-04-16T00:00:00Z,5.489788751639274
LF,2023-04-17T00:00:00Z,4.673562218347946
LF,2023-04-20T00:00:00Z,5.002700866974954
LF,2023-04-21T00:00:00Z,4.948210644012145
LF,2023-04-22T00:00:00Z,4.787363277462025
LF,2023-05-26T00:00:00Z,1.3970762422461929
LF,2023-06-21T00:00:00Z,4.641640725148563
LF,2023-06-22T00:00:00Z,4.816653031323003
LF,2023-06-23T00:00:00Z,4.524112630621431
LF,2023-06-24T00:00:00Z,5.031671203409409
LF,2023-06-25T00:00:00Z,5.009921677142968
LF,2023-06-27T00:00:00Z,4.776135073056619
LF,2023-06-28T00:00:00Z,4.626663669312099
LF,2023-06-29T00:00:00Z,4.561560771836939
LF,2023-06-30T00:00:00Z,4.501780007194826
LF,2023-07-01T00:00:00Z,4.4067843778126905
LF,2023-07-03T00:00:00Z,4.259228055663059
LF,2023-07-04T00:00:00Z,4.204171067564677
LF,2023-07-05T00:00:00Z,4.361473668546502
LF,2023-07-06T00:00:00Z,4.427771696150485
LF,2023-07-07T00:00:00Z,4.3670739660357
LF,2023-07-08T00:00:00Z,4.77585434342153
LF,2023-07-09T00:00:00Z,4.664012572543071
LF,2023-07-10T00:00:00Z,4.435424814422591
LF,2023-07-11T00:00:00Z,4.523965122090033
LF,2023-07-12T00:00:00Z,4.986068163791566
LF,2023-07-13T00:00:00Z,5.226140352786051
LF,2023-07-14T00:00:00Z,4.800266223072505
LF,2023-07-16T00:00:00Z,4.769228452298939
LF,2023-07-17T00:00:00Z,5.136035404918788
LF,2023-07-18T00:00:00Z,5.097203534135743
LF,2023-07-19T00:00:00Z,5.1192475738486545
LF,2023-07-20T00:00:00Z,5.103462314582528
LF,2023-07-21T00:00:00Z,5.07121032601404
LF,2023-07-22T00:00:00Z,5.049350299282375
LF,2023-07-23T00:00:00Z,4.679928475521683
LF,2023-07-24T00:00:00Z,5.341490105784063
LF,2023-07-25T00:00:00Z,5.196032047024506
LF,2023-07-26T00:00:00Z,4.999390493779666
LF,2023-07-27T00:00:00Z,5.295144866918254
LF,2023-07-28T00:00:00Z,4.804021879429464
LF,2023-08-01T00:00:00Z,5.409772505472533
LF,2023-08-02T00:00:00Z,5.38685703854537
LF,2023-08-03T00:00:00Z,5.227506729042415
LF,2023-08-04T00:00:00Z,4.469547318633003
LF,2023-08-05T00:00:00Z,4.608945131155397
LF,2023-08-06T00:00:00Z,5.002919777485724
LF,2023-08-07T00:00:00Z,5.014182379218883
LF,2023-08-08T00:00:00Z,5.026822683283419
LF,2023-08-09T00:00:00Z,5.249042643991388
LF,2023-08-10T00:00:00Z,5.379985419468157
LF,2023-08-11T00:00:00Z,5.434342743413162
LF,2023-08-12T00:00:00Z,5.4452265704459055
LF,2023-08-13T00:00:00Z,5.626116632084246
LF,2023-08-14T00:00:00Z,3.7529615558887985
LF,2023-08-15T00:00:00Z,5.268214039984469
LF,2023-08-16T00:00:00Z,5.358412114667636
LF,2023-08-17T00:00:00Z,5.070316727044876
LF,2023-08-19T00:00:00Z,5.228470314874126
LF,2023-08-21T00:00:00Z,5.29717686809716
LF,2023-08-22T00:00:00Z,5.210956874666098
LF,2023-08-24T00:00:00Z,5.290187898272657
LF,2023-08-25T00:00:00Z,5.400961017154494
LF,2023-08-27T00:00:00Z,5.650707426670533
LF,2023-08-28T00:00:00Z,5.805448087620393
LF,2023-08-29T00:00:00Z,5.608016760814641
LF,2023-09-01T00:00:00Z,4.574454887736883
LF,2023-09-02T00:00:00Z,5.326456097247698
LF,2023-09-03T00:00:00Z,5.229644625684428
LF,2023-09-04T00:00:00Z,4.978743033918832
LF,2023-09-05T00:00:00Z,5.128470512705041
LF,2023-09-06T00:00:00Z,4.987184293980876
LF,2023-09-07T00:00:00Z,5.137920854471676
LF,2023-09-08T00:00:00Z,4.81274864630449
LF,2023-09-09T00:00:00Z,4.820177177735626
LF,2023-09-11T00:00:00Z,5.195020546018786
LF,2023-09-12T00:00:00Z,5.286445429730011
LF,2023-09-13T00:00:00Z,5.011169552936301
LF,2023-09-14T00:00:00Z,5.114156500639106
LF,2023-09-28T00:00:00Z,4.919533288588491
LF,2023-09-29T00:00:00Z,5.164557229470217
LF,2023-09-30T00:00:00Z,4.99224282089438
LF,2023-10-01T00:00:00Z,4.7054695858049795
LF,2023-10-02T00:00:00Z,4.776522355563805
LF,2023-10-04T00:00:00Z,4.917305155108718
LF,2023-10-05T00:00:00Z,5.210957846361401
LF,2023-10-06T00:00:00Z,5.265916810596313
LF,2023-10-07T00:00:00Z,5.079927654890726
LF,2023-10-10T00:00:00Z,4.551973095076924
LF,2023-10-12T00:00:00Z,4.62890099988228
LF,2023-10-14T00:00:00Z,4.85342542026931
LF,2023-10-15T00:00:00Z,4.884069906904368
LF,2023-10-16T00:00:00Z,4.523570847609356
LF,2023-10-18T00:00:00Z,5.011441131357227
LF,2023-10-19T00:00:00Z,5.045875490385964
LF,2023-10-20T00:00:00Z,4.954775189749081
LF,2023-10-21T00:00:00Z,4.737655538395776
LF,2023-10-22T00:00:00Z,5.192720626405813
LF,2023-10-23T00:00:00Z,5.220398109325215
LF,2023-10-24T00:00:00Z,4.987021525690781
LF,2023-10-25T00:00:00Z,4.876093396542939
LF,2023-10-26T00:00:00Z,5.149005086320895
LF,2023-10-27T00:00:00Z,5.172931589295501
LF,2023-10-28T00:00:00Z,5.037744381152585
LF,2023-10-29T00:00:00Z,5.072992100839687
LF,2023-10-30T00:00:00Z,5.009644075104787
LF,2023-10-31T00:00:00Z,4.567490806407664
LF,2023-11-02T00:00:00Z,1.8750731863272168
LF,2023-11-03T00:00:00Z,2.225529148087793
LF,2023-11-09T00:00:00Z,4.602816242635552
LF,2023-11-10T00:00:00Z,4.74273960789636
LF,2023-12-08T00:00:00Z,4.080122360465839
LF,2023-12-09T00:00:00Z,5.1061229714027405
LF,2023-12-10T00:00:00Z,4.898899831453174
LF,2023-12-11T00:00:00Z,4.59453896056307
LF,2023-12-12T00:00:00Z,4.817862619941198
LF,2023-12-14T00:00:00Z,4.992404467436635
LF,2023-12-15T00:00:00Z,4.97096768654
LF,2023-12-18T00:00:00Z,4.7371499267169614
LF,2023-12-19T00:00:00Z,5.019579100455317
LF,2023-12-20T00:00:00Z,4.178978997867511
LF,2023-12-21T00:00:00Z,3.912685699783183
LF,2023-12-22T00:00:00Z,3.684307258999212
LF,2023-12-24T00:00:00Z,2.0695534135026223
LF,2023-12-25T00:00:00Z,1.3748699548763177
LF,2023-12-26T00:00:00Z,1.3743239856238796
LF,2023-12-27T00:00:00Z,1.367723186493595
LF,2023-12-28T00:00:00Z,1.3811839726113757
LF,2023-12-29T00:00:00Z,1.392929569179484
LF,2023-12-30T00:00:00Z,1.3923161844050114
LF,2023-12-31T00:00:00Z,1.3951218459008012
LF,2024-01-01T00:00:00Z,1.3925283635084365
LF,2024-01-02T00:00:00Z,1.4016775769119731
LF,2024-01-03T00:00:00Z,1.3914176905907945
LF,2024-01-05T00:00:00Z,1.382291251243159
LF,2024-01-06T00:00:00Z,1.3689080228681705
LF,2024-01-07T00:00:00Z,1.4055197848655627
LF,2024-01-08T00:00:00Z,1.71455668293568
LF,2024-01-10T00:00:00Z,1.4124802989411147
LF,2024-01-11T00:00:00Z,1.389624263330404
LF,2024-01-12T00:00:00Z,1.3722312075007934
LF,2024-01-13T00:00:00Z,1.3980571398748374
LF,2024-01-14T00:00:00Z,1.4023455592103489
LF,2024-01-15T00:00:00Z,1.3703880374989226
LF,2024-01-17T00:00:00Z,1.422779094218277
LF,2024-01-18T00:00:00Z,1.3876510592085305
LF,2024-01-19T00:00:00Z,1.3744884232164254
LF,2024-01-20T00:00:00Z,1.3974626493494322
LF,2024-01-21T00:00:00Z,1.4045348959030783
LF,2024-01-22T00:00:00Z,1.3776930855661418
LF,2024-01-23T00:00:00Z,1.3687184081907025
LF,2024-01-24T00:00:00Z,1.3686003183278577
LF,2024-01-25T00:00:00Z,1.360955168063399
LF,2024-01-26T00:00:00Z,1.3660660092156134
LF,2024-01-27T00:00:00Z,1.380580643676941
LF,2024-01-28T00:00:00Z,1.397842856799477
LF,2024-01-31T00:00:00Z,1.40097257831503
LF,2024-02-01T00:00:00Z,1.4174298419338378
LF,2024-02-02T00:00:00Z,1.419943235469034
LF,2024-02-03T00:00:00Z,1.7851094095545157
LF,2024-02-04T00:00:00Z,1.797297619219861
LF,2024-02-05T00:00:00Z,1.6499357335006892
LF,2024-02-06T00:00:00Z,3.0239333630229077
LF,2024-02-08T00:00:00Z,4.465248121899219
LF,2024-02-11T00:00:00Z,3.314918188550725
LF,2024-02-12T00:00:00Z,2.966498279336973
LF,2024-02-14T00:00:00Z,4.460409801625793
LF,2024-02-15T00:00:00Z,4.191195946971924
LF,2024-02-16T00:00:00Z,3.984389010512274
LF,2024-02-17T00:00:00Z,3.760969608138763
LF,2024-02-18T00:00:00Z,3.9375729881571777
LF,2024-02-19T00:00:00Z,4.936793699150479
LF,2024-02-20T00:00:00Z,4.793718840297893
LF,2024-02-21T00:00:00Z,4.67779994584381
LF,2024-02-22T00:00:00Z,4.193383586843631
LF,2024-03-01T00:00:00Z,3.589838182358991
LF,2024-03-02T00:00:00Z,3.7895052259237447
LF,2024-03-03T00:00:00Z,4.324868725146278
LF,2024-03-04T00:00:00Z,4.287809360399709
LF,2024-03-06T00:00:00Z,4.6115937611951425
LF,2024-03-07T00:00:00Z,4.741623580381129
LF,2024-03-10T00:00:00Z,4.614589247933226
LF,2024-03-11T00:00:00Z,4.904444165485534
LF,2024-03-12T00:00:00Z,4.23114864300603
LF,2024-03-13T00:00:00Z,4.221104930639696
LF,2024-03-14T00:00:00Z,3.93117970542112
LF,2024-03-19T00:00:00Z,3.172594042067486
LF,2024-03-20T00:00:00Z,3.018273187066215
LF,2024-03-21T00:00:00Z,2.6800148171586815
LF,2024-03-23T00:00:00Z,1.3971739056223254
LF,2024-03-24T00:00:00Z,1.9723262773757608
LF,2024-03-25T00:00:00Z,2.628113178697316
LF,2024-03-29T00:00:00Z,1.485835206092606
LF,2024-03-30T00:00:00Z,1.4591945190867943
LF,2024-03-31T00:00:00Z,1.3732545976074984
LF,2024-04-01T00:00:00Z,1.3865740827616004
LF,2024-04-04T00:00:00Z,1.395099142055262
LF,2024-04-05T00:00:00Z,1.38014292726328
LF,2024-04-07T00:00:00Z,1.386896846107446
LF,2024-04-08T00:00:00Z,1.3758763212832128
LF,2024-04-09T00:00:00Z,1.376659678075938
LF,2024-04-12T00:00:00Z,1.3873173269854513
LF,2024-04-13T00:00:00Z,1.389632302566999
LF,2024-04-14T00:00:00Z,1.3580297579854723
LF,2024-04-15T00:00:00Z,1.3635760628992375
LF,2024-04-16T00:00:00Z,1.34965221633175
LF,2024-04-17T00:00:00Z,1.3480221222577142
LF,2024-04-18T00:00:00Z,1.3398385796905916
LF,2024-04-20T00:00:00Z,1.4397909139580671
LF,2024-04-21T00:00:00Z,1.3785680450388162
LF,2024-04-22T00:00:00Z,1.361436530710535
LF,2024-04-23T00:00:00Z,1.3532587414385455
LF,2024-04-24T00:00:00Z,1.3575682369178927
LF,2024-04-25T00:00:00Z,1.359984221483905
LF,2024-04-26T00:00:00Z,1.360487246767958
LF,2024-04-27T00:00:00Z,1.344584605811918
LF,2024-04-28T00:00:00Z,1.3429255366015092
LF,2024-04-29T00:00:00Z,1.323250566483442
LF,2024-04-30T00:00:00Z,1.3415051304152246
LF,2024-05-01T00:00:00Z,1.3379454047921686
LF,2024-05-26T00:00:00Z,1.3778791094440688
LF,2024-05-27T00:00:00Z,1.371812511450643
LF,2024-05-28T00:00:00Z,1.369778279077306
LF,2024-05-30T00:00:00Z,1.370751340027956
LF,2024-06-03T00:00:00Z,1.3599290759060476
LF,2024-06-04T00:00:00Z,1.3683358098251734
LF,2024-06-07T00:00:00Z,1.3117752038633088
