ID,Date,depth,K600_1.d_daily
AM,2022-03-31T00:00:00Z,NA,4.572121603800797
AM,2022-04-01T00:00:00Z,1.3080753188046725,2.3745010636565964
AM,2022-04-03T00:00:00Z,1.1971202527087743,0.04246390684316161
AM,2022-04-04T00:00:00Z,1.1995854463089435,5.898313831580452
AM,2022-04-05T00:00:00Z,1.217272818726201,3.912967790423565
AM,2022-04-06T00:00:00Z,1.2328259200826805,6.488001252647238
AM,2022-04-07T00:00:00Z,1.2588108103968172,2.4358741877845764
AM,2022-04-08T00:00:00Z,1.3162226806248272,5.459864673297538
AM,2022-04-09T00:00:00Z,1.3829601581627509,0.4255472123379169
AM,2022-04-10T00:00:00Z,1.4306128631440045,28.334913316071134
AM,2022-04-12T00:00:00Z,1.4675661368863187,2.2429329929236244
AM,2022-04-13T00:00:00Z,1.4388979441800371,10.592039957211684
AM,2022-04-14T00:00:00Z,1.391970481684623,16.976647491864668
AM,2022-04-15T00:00:00Z,1.3395185510575867,11.071356063618122
AM,2022-04-16T00:00:00Z,1.2610641493347017,7.817428667629867
AM,2022-04-17T00:00:00Z,1.134646466286428,7.240128625282751
AM,2022-04-18T00:00:00Z,1.009022764006648,1.7242954945964164
AM,2022-04-19T00:00:00Z,0.9447930279885456,3.175013914798389
AM,2022-04-20T00:00:00Z,0.933502468079116,4.616313725272481
AM,2022-04-21T00:00:00Z,0.9278257978998747,5.293389664880368
AM,2022-04-22T00:00:00Z,0.9066373485740541,7.526944022079452
AM,2022-04-23T00:00:00Z,0.8795478651703276,29.607790804869616
AM,2022-05-01T01:00:00Z,0.6185786553397113,2.2154495351880805
AM,2022-05-03T01:00:00Z,0.591454031448985,0.9419371208362431
AM,2022-07-03T01:00:00Z,0.2806274671532495,13.992433419424438
AM,2022-08-30T00:00:00Z,1.110973056859985,9.297153721762736
AM,2022-08-31T00:00:00Z,1.2615123762409302,5.981605470623941
AM,2022-09-01T00:00:00Z,1.3932015158760223,12.081677053013815
AM,2022-09-02T00:00:00Z,1.489606506450927,11.213335730095842
AM,2022-09-03T00:00:00Z,1.4963124170195374,3.375553154560644
AM,2022-09-04T00:00:00Z,1.434519645835126,10.632674791096887
AM,2022-09-05T00:00:00Z,1.387484965849345,10.979855997880891
AM,2022-09-06T00:00:00Z,1.3768622488582198,6.121665351393236
AM,2022-09-07T00:00:00Z,1.369488565772077,7.513014619909898
AM,2022-09-08T00:00:00Z,1.3498800211387112,6.04821588222134
AM,2022-09-09T00:00:00Z,1.3203620357464678,13.952812944108755
AM,2022-09-10T00:00:00Z,1.2867936972820155,21.466015137920483
AM,2022-09-11T00:00:00Z,1.2627942635420994,22.493937173763275
AM,2022-09-12T00:00:00Z,1.2707918604532642,11.094770891720973
AM,2022-09-13T00:00:00Z,1.3108037522716491,7.831473275805278
AM,2022-09-14T00:00:00Z,1.3424246258886623,18.36843666580271
AM,2022-09-15T00:00:00Z,1.3380404678715314,10.531137464139919
AM,2022-09-16T00:00:00Z,1.3000105662076984,6.904785845906962
AM,2022-09-17T00:00:00Z,1.2487279024002422,7.649119949178308
AM,2022-09-18T00:00:00Z,1.1997843171098361,14.10541164341903
AM,2022-09-19T00:00:00Z,1.1520375714355213,7.860303584114364
AM,2022-09-20T00:00:00Z,1.1006342223205052,14.022314536835552
AM,2022-09-21T00:00:00Z,1.0470360479174976,15.967577597974238
AM,2022-09-22T00:00:00Z,0.9943768403524795,3.641761198977932
AM,2022-09-23T00:00:00Z,0.9443091979679441,12.397193535926636
AM,2022-09-24T00:00:00Z,0.897165575972745,11.10570670621063
AM,2022-09-25T00:00:00Z,0.8555221768749315,9.049495838831488
AM,2022-09-26T00:00:00Z,0.8189025401696542,10.548293908677985
AM,2022-10-03T00:00:00Z,0.5622015565271246,9.247352520714621
AM,2022-10-07T00:00:00Z,0.45887160739428634,3.736460878335721
AM,2022-10-25T23:00:00Z,0.26251159085608183,11.679913966310854
AM,2022-11-09T23:00:00Z,0.27368501330599015,19.00132569432952
AM,2022-11-27T23:00:00Z,0.2621108455130268,15.324522016613944
AM,2023-01-04T01:00:00Z,0.25417180855321425,1.0195534429748634
AM,2023-02-11T00:00:00Z,1.002017412373871,4.17042287027155
AM,2023-02-14T00:00:00Z,1.3691004603783263,0.9084220169031484
AM,2023-02-15T00:00:00Z,1.5679171368546616,26.757542156453546
AM,2023-02-16T00:00:00Z,1.7458427894407256,28.07573290333603
AM,2023-02-17T00:00:00Z,1.8841820263208777,26.49065557347366
AM,2023-02-18T00:00:00Z,1.997491036691645,7.721764533173585
AM,2023-02-19T00:00:00Z,2.088282033154827,27.507211517245757
AM,2023-02-20T00:00:00Z,2.1549216932340136,34.082449181037155
AM,2023-02-21T00:00:00Z,2.193720984243155,18.914297930880107
AM,2023-02-22T00:00:00Z,2.2009605659580753,24.826018550222226
AM,2023-02-23T00:00:00Z,2.174939083113084,10.122248921044632
AM,2023-02-24T00:00:00Z,2.1109018791213408,11.48889976221123
AM,2023-02-25T00:00:00Z,2.024824809277222,23.61387423152739
AM,2023-02-26T00:00:00Z,1.9419940070118766,3.6574950698713544
AM,2023-02-27T00:00:00Z,1.8598529393168093,2.5426416853183076
AM,2023-02-28T00:00:00Z,1.7674839029645266,2.106875003929035
AM,2023-03-01T00:00:00Z,1.6716881715076826,1.531353259334316
AM,2023-03-02T00:00:00Z,1.5811269805318524,4.710018714699757
AM,2023-03-03T00:00:00Z,1.4983070998301435,7.911891597898064
AM,2023-03-04T00:00:00Z,1.422084826698178,9.40626479509176
AM,2023-03-05T00:00:00Z,1.3480087970174757,10.17278007679181
AM,2023-03-07T00:00:00Z,1.2145541078816058,3.3528406888785205
AM,2023-03-12T00:00:00Z,0.967244948039686,22.01958621367723
AM,2023-03-13T00:00:00Z,0.9599095339722149,19.639620162549228
AM,2023-03-14T00:00:00Z,0.9623535712028013,23.822414614795044
AM,2023-03-15T00:00:00Z,0.9886494126954833,20.053695224837043
AM,2023-03-19T00:00:00Z,0.9885754494865329,7.9981461762396515
AM,2023-03-20T00:00:00Z,1.0151717305523698,33.395991530738705
AM,2023-03-21T00:00:00Z,1.034922924904909,28.26533965554202
AM,2023-03-22T00:00:00Z,1.0374770934133348,3.9451354774951923
AM,2023-03-23T00:00:00Z,1.0203755923438247,4.272354402191931
AM,2023-03-24T00:00:00Z,0.9986448113593931,6.652596694275286
AM,2023-03-25T00:00:00Z,0.9845334044844735,7.495587533309877
AM,2023-03-26T00:00:00Z,0.9549507309334538,13.115411918235518
AM,2023-03-27T00:00:00Z,0.9095294330768516,1.1660311668474328
AM,2023-03-28T00:00:00Z,0.8750376538926641,5.542673742640258
AM,2023-03-29T00:00:00Z,0.8832159743263973,0.030739060851552803
AM,2023-04-08T00:00:00Z,0.7966488689874216,4.493162640455867
AM,2023-04-09T00:00:00Z,0.7761033652258134,11.66975412953275
AM,2023-04-11T00:00:00Z,0.7549137924278477,3.243610611196335
AM,2023-04-12T00:00:00Z,0.7410899897912744,0.053344662175865094
AM,2023-05-01T04:00:00Z,0.34178099458708905,21.1319275728075
AM,2023-05-12T01:00:00Z,0.23637215969099865,2.424399812701297
AM,2023-05-13T01:00:00Z,0.23570164715097375,8.63748779068072
AM,2023-05-21T01:00:00Z,0.28225580145773976,23.203928877146314
AM,2023-05-22T01:00:00Z,0.29767765224278453,18.21104590064648
AM,2023-05-23T01:00:00Z,0.29815429950798195,14.62058493595922
AM,2023-05-24T01:00:00Z,0.3172570433555305,22.34691803799029
AM,2023-06-20T01:00:00Z,0.897075572939488,8.006539659449501
AM,2023-06-22T01:00:00Z,0.9876141941777894,5.466347773547897
AM,2023-06-23T01:00:00Z,1.0876959837805487,3.784458342298859
AM,2023-06-24T01:00:00Z,1.2534385465877873,6.205397629437318
AM,2023-06-25T01:00:00Z,1.443090334456817,10.212778441548819
AM,2023-06-26T01:00:00Z,1.5988804364889773,6.544058313827452
AM,2023-06-27T01:00:00Z,1.700336936723788,7.160958170946983
AM,2023-06-28T01:00:00Z,1.7421365834645244,26.355346177448567
AM,2023-06-29T01:00:00Z,1.7350495663538794,1.5653944584158845
AM,2023-06-30T01:00:00Z,1.702108337747529,1.4517914384458863
AM,2023-07-01T01:00:00Z,1.6659120322718344,0.3813211843215052
AM,2023-07-02T01:00:00Z,1.6324206099616958,0.9387821793730616
AM,2023-07-03T01:00:00Z,1.597811575560832,1.808886509648199
AM,2023-07-04T01:00:00Z,1.5502507131470837,3.764124245357271
AM,2023-07-05T01:00:00Z,1.485323874099397,6.274187780787822
AM,2023-07-06T01:00:00Z,1.4117410540529889,8.240438097797655
AM,2023-07-07T01:00:00Z,1.3338060676250627,11.365851120184853
AM,2023-07-24T01:00:00Z,0.5874487273202457,2.4218807851679385
AM,2023-08-10T01:00:00Z,0.7897706538288007,6.136993019325069
AM,2023-08-30T00:00:00Z,0.4101710559763462,4.837766803704309
AM,2023-09-03T00:00:00Z,1.1483443728526124,2.5755598066003884
AM,2023-09-04T00:00:00Z,1.2973616751855783,10.15519129452485
AM,2023-09-05T00:00:00Z,1.3809024094994635,7.452257082084047
AM,2023-09-06T00:00:00Z,1.4076194294434894,6.879884084558211
AM,2023-09-07T00:00:00Z,1.3923993104837127,7.336640784480156
AM,2023-09-08T00:00:00Z,1.357458772434365,8.866671520162345
AM,2023-09-09T00:00:00Z,1.3318359705955838,9.727311336210027
AM,2023-09-10T00:00:00Z,1.3244407885108125,10.289947020821279
AM,2023-09-11T00:00:00Z,1.299902490359796,10.360259893902162
AM,2023-09-12T00:00:00Z,1.2552303666572844,7.100917656654554
AM,2023-10-12T00:00:00Z,0.5010414261226265,5.811986195202498
AM,2023-10-24T23:00:00Z,0.6582117779157969,30.8956351827217
AM,2023-12-16T23:00:00Z,1.1076644111289968,5.438188530534172
AM,2023-12-17T23:00:00Z,1.26513446040457,52.871721293623075
AM,2023-12-18T23:00:00Z,1.5803299237095174,7.652810409202308
AM,2023-12-19T23:00:00Z,1.8689379120309675,15.960104967004105
AM,2023-12-20T23:00:00Z,2.0497064146327464,16.021022044437355
AM,2023-12-21T23:00:00Z,2.1604860215398385,18.023525436214243
AM,2023-12-22T23:00:00Z,2.21685587798005,14.5239844049161
AM,2023-12-23T23:00:00Z,2.2379091060364327,23.79960750635441
AM,2023-12-24T23:00:00Z,2.244829195555724,5.668614089211709
AM,2023-12-25T23:00:00Z,2.244083783619,7.333662287573133
AM,2023-12-26T23:00:00Z,2.236792928115321,8.876581362007938
AM,2023-12-27T23:00:00Z,2.2259118587247313,3.0660918341336547
AM,2023-12-28T23:00:00Z,2.20605950008184,2.558827514349762
AM,2023-12-30T23:00:00Z,2.1425657239893128,22.961394563428712
AM,2023-12-31T23:00:00Z,2.107390577332723,15.064692038539915
AM,2024-01-01T23:00:00Z,2.072494418122995,23.112581396654196
AM,2024-01-02T23:00:00Z,2.0362936738179735,13.989390231096259
AM,2024-01-03T23:00:00Z,1.9998223782425215,33.534344982070884
AM,2024-01-04T23:00:00Z,1.9612956829310566,8.315976747706523
AM,2024-01-05T23:00:00Z,1.9370071908911446,6.672034655863388
AM,2024-01-06T23:00:00Z,1.9316410678900087,16.816933896126493
AM,2024-01-07T23:00:00Z,1.943741749313631,18.16955792202173
AM,2024-01-08T23:00:00Z,1.969057430556331,7.623930045205763
AM,2024-01-09T23:00:00Z,1.9979809827179653,12.640875598578813
AM,2024-01-10T23:00:00Z,2.049283459109917,18.027427054256854
AM,2024-01-11T23:00:00Z,2.118922848015021,33.91629523870147
AM,2024-01-12T23:00:00Z,2.180776626049187,15.547290438628687
AM,2024-01-14T23:00:00Z,2.2523413072938423,6.731963385514179
AM,2024-01-15T23:00:00Z,2.2836164834919397,8.249719273676106
AM,2024-01-17T23:00:00Z,2.333020413839033,9.818263086575227
AM,2024-01-18T23:00:00Z,2.3528638195712417,14.339939537080665
AM,2024-01-19T23:00:00Z,2.352218987237712,16.25552378557858
AM,2024-01-20T23:00:00Z,2.3289487975972634,6.447100983267208
AM,2024-01-21T23:00:00Z,2.2907765855973015,1.7211655355322448
AM,2024-01-22T23:00:00Z,2.245751566541579,3.161045132156383
AM,2024-01-23T23:00:00Z,2.197178193496449,6.491338685729053
AM,2024-01-24T23:00:00Z,2.1507435882676735,6.894741905074473
AM,2024-01-25T23:00:00Z,2.112372188191729,8.644614229565459
AM,2024-01-26T23:00:00Z,2.07806325963089,20.38247199510273
AM,2024-01-27T23:00:00Z,2.044999089806995,2.5735355027455333
AM,2024-01-28T23:00:00Z,2.0094034689984848,4.7913985407311985
AM,2024-01-29T23:00:00Z,1.9668352018746116,2.261975566950241
AM,2024-01-31T00:00:00Z,1.9177770535240906,23.655708660956755
AM,2024-02-01T00:00:00Z,1.8674104198568453,3.562235928469104
AM,2024-02-02T00:00:00Z,1.8164362814445694,3.999095232052088
AM,2024-02-03T00:00:00Z,1.7663973430110282,5.2321320679522
AM,2024-02-04T00:00:00Z,1.719632231449254,5.411840165198624
AM,2024-02-05T00:00:00Z,1.6751974946873738,4.603644436490352
AM,2024-02-07T00:00:00Z,1.6254911580625742,2.731666579004956
AM,2024-02-08T00:00:00Z,1.6118632459443476,1.8306079201742016
AM,2024-02-09T00:00:00Z,1.6031128557328733,2.6933594643007828
AM,2024-02-10T00:00:00Z,1.6010447518718105,8.339242838892641
AM,2024-02-11T00:00:00Z,1.6017651287165207,5.1034489332264314
AM,2024-02-12T00:00:00Z,1.6041478625059133,5.9592037474225785
AM,2024-02-14T00:00:00Z,1.5942558257198811,4.996812031552865
AM,2024-02-15T00:00:00Z,1.5868119559969867,0.48101186169309496
AM,2024-02-16T00:00:00Z,1.5742667466299223,2.4021730425408485
AM,2024-02-17T00:00:00Z,1.566961527952433,3.5372656570067744
AM,2024-02-18T00:00:00Z,1.5726078746080292,8.408895379186733
AM,2024-02-20T00:00:00Z,1.6281588387832948,10.491501431149269
AM,2024-02-21T00:00:00Z,1.6734032964587524,5.968750036109033
AM,2024-02-22T00:00:00Z,1.7215375473703858,5.346867682802687
AM,2024-02-23T00:00:00Z,1.7688018493210365,4.04847553096025
AM,2024-02-24T00:00:00Z,1.7961572264289025,1.779855548821718
AM,2024-02-25T00:00:00Z,1.792481915121337,2.7285270815051548
AM,2024-02-26T00:00:00Z,1.7709649288383709,4.695880485581951
AM,2024-02-27T00:00:00Z,1.7475566929077184,5.229827968883371
AM,2024-02-28T00:00:00Z,1.7158259674021388,5.027062623117305
AM,2024-02-29T00:00:00Z,1.6591621318681902,7.261912615163957
AM,2024-03-01T00:00:00Z,1.5809901930976062,3.342347596842233
AM,2024-03-11T00:00:00Z,1.5095653823000454,3.987937489459627
AM,2024-03-12T00:00:00Z,1.6205942072981097,5.846999126413507
AM,2024-03-13T00:00:00Z,1.7169915842601504,1.179854813161701
AM,2024-03-14T00:00:00Z,1.8037653391329174,4.947518744538385
AM,2024-03-15T00:00:00Z,1.872600931143042,18.599814713217185
AM,2024-03-16T00:00:00Z,1.9235808533642753,13.562965292600524
AM,2024-03-17T00:00:00Z,1.9585790128211247,24.604891242670778
AM,2024-03-18T00:00:00Z,1.9804045930110237,6.955232164668026
AM,2024-03-20T00:00:00Z,1.9862691960811971,0.29670241639937045
AM,2024-03-21T00:00:00Z,1.9734824258065595,4.304909472204614
AM,2024-03-22T00:00:00Z,1.95083337287109,1.4296231410126656
AM,2024-03-24T00:00:00Z,1.9456812481353603,10.148945698338837
AM,2024-03-25T00:00:00Z,1.9646585459315606,14.153201776641984
AM,2024-03-26T00:00:00Z,1.984343228065366,4.176424768371
AM,2024-03-27T00:00:00Z,2.0014507737487084,19.88488633173272
AM,2024-03-28T00:00:00Z,2.024702350521581,9.094200899886971
AM,2024-03-29T00:00:00Z,2.068188635907236,23.84520769060574
AM,2024-03-30T00:00:00Z,2.1389992830011457,14.908184396777868
AM,2024-03-31T00:00:00Z,2.2138437377905866,5.500540412732049
AM,2024-04-01T00:00:00Z,2.285042466741382,9.566646322422846
AM,2024-04-03T00:00:00Z,2.421810260306994,5.864943795260341
AM,2024-04-04T00:00:00Z,2.494414698763564,6.396827215987101
AM,2024-04-05T00:00:00Z,2.556577735282579,2.747186038598789
AM,2024-04-06T00:00:00Z,2.5992767227731792,21.552872095678925
AM,2024-04-07T00:00:00Z,2.609287393622777,3.208660713038597
AM,2024-04-08T00:00:00Z,2.5826120878964636,10.318565483009118
AM,2024-04-09T00:00:00Z,2.530741658432275,9.130812857437446
AM,2024-04-10T00:00:00Z,2.481438820847319,10.254777511634034
AM,2024-04-12T00:00:00Z,2.5985932014422954,9.97244614014046
AM,2024-04-13T00:00:00Z,2.8537268100618993,7.558045824802271
AM,2024-04-14T00:00:00Z,3.1384203124806223,10.553488041009471
AM,2024-04-15T00:00:00Z,3.39210836291718,5.6562087950564
AM,2024-04-16T00:00:00Z,3.581919000818867,19.5197971628671
AM,2024-04-17T00:00:00Z,3.722428108484393,26.547997259401
AM,2024-04-18T00:00:00Z,3.847100917030616,17.02998576419676
AM,2024-04-19T00:00:00Z,3.9583493705990516,12.729676303531258
AM,2024-04-20T00:00:00Z,4.044315733778402,9.376848121373891
AM,2024-05-05T01:00:00Z,2.3552744319429517,16.00425500832956
AM,2024-05-06T01:00:00Z,2.2536670405190717,7.46903646121468
AM,2024-05-07T01:00:00Z,2.161028819882496,4.662627199626404
AM,2024-05-08T01:00:00Z,2.087159465708794,2.934226924041317
AM,2024-05-09T01:00:00Z,2.0334718392203626,3.319549805115495
AM,2024-05-10T01:00:00Z,1.9882265024112797,2.9977397734017948
AM,2024-05-11T01:00:00Z,1.9505118373680266,7.934024611573251
AM,2024-05-12T01:00:00Z,1.9195935762675482,21.879364140850125
AM,2024-05-13T01:00:00Z,1.8948597304051877,20.39835758557502
AM,2024-05-14T01:00:00Z,1.89496194257052,6.70083988505776
AM,2024-05-15T01:00:00Z,1.9440971083020202,8.80909126072469
AM,2024-05-16T01:00:00Z,2.041104628164467,20.007643333406794
AM,2024-05-18T01:00:00Z,2.27765023231559,27.382474983344707
AM,2024-06-07T01:00:00Z,2.4758734141805383,5.576090500083723
AM,2024-06-09T01:00:00Z,2.2756856588515975,41.86459924842624
AM,2024-06-10T01:00:00Z,2.1643699062270354,19.66022872389032
AM,2024-06-11T01:00:00Z,2.044791101742733,9.037678628995172
AM,2024-06-12T01:00:00Z,1.920949677367741,8.90273090303594
AM,2024-06-13T01:00:00Z,1.7944021578024427,17.198945569882774
AM,2024-06-14T01:00:00Z,1.6739212605980953,10.821733215889195
AM,2024-06-15T01:00:00Z,1.5549623906426624,26.581869125026284
AM,2024-06-16T01:00:00Z,1.4423568801955473,13.578498507282939
AM,2024-06-17T01:00:00Z,1.3496898120218512,15.977386763627837
AM,2024-06-26T01:00:00Z,0.8235954959989408,19.915772146344477
AM,2024-07-07T01:00:00Z,0.9665902356438147,12.288358563370416
AM,2024-07-14T01:00:00Z,1.0640852433132282,2.0712796042137005
GB,2022-03-19T00:00:00Z,NA,0.7498524517701531
GB,2022-03-20T00:00:00Z,NA,6.799076427352429
GB,2022-03-21T00:00:00Z,NA,1.2835646292268952
GB,2022-03-27T00:00:00Z,NA,4.87608017508745
GB,2022-03-28T00:00:00Z,NA,0.7943773962009476
GB,2022-03-29T00:00:00Z,NA,2.1791721542350553
GB,2022-03-30T00:00:00Z,NA,14.175376103078213
GB,2022-05-27T01:00:00Z,0.5265417491940183,5.229431637590313
GB,2022-08-11T01:00:00Z,0.5334031571643589,7.0867344325976065
GB,2022-09-04T00:00:00Z,0.8640445679936543,18.706877165988573
GB,2022-09-13T00:00:00Z,0.976780570342552,1.069562152868227
GB,2022-12-30T23:00:00Z,0.5012067252959364,2.522435656262301
GB,2023-01-15T23:00:00Z,0.5034973840575812,7.654606153269833
GB,2023-01-20T23:00:00Z,0.4956147923368497,0.31115274824963945
GB,2023-02-11T00:00:00Z,0.4538414221249427,0.27623865122317565
GB,2023-03-01T00:00:00Z,NA,3.5142061394760065
GB,2023-03-13T00:00:00Z,0.4721926196056919,16.882938219855834
GB,2023-06-17T01:00:00Z,0.3912506292965909,2.790756484690791
GB,2023-06-28T01:00:00Z,0.576274581053529,9.448352175746555
GB,2023-10-11T23:00:00Z,0.4867868313150663,0.4033220196363209
GB,2023-12-16T23:00:00Z,0.5237752614078631,10.66266512157356
GB,2023-12-21T23:00:00Z,1.1850287314686831,9.46593976158879
GB,2023-12-22T23:00:00Z,1.2335699955551864,5.599585153609591
GB,2023-12-23T23:00:00Z,1.2230293889046961,5.180689428538877
GB,2023-12-24T23:00:00Z,1.1701272763718913,9.188275770821953
GB,2023-12-25T23:00:00Z,1.1043879282778817,2.1985873712449164
GB,2024-04-27T00:00:00Z,0.662317891709543,0.6354216443452053
GB,2024-05-12T01:00:00Z,0.496186273664456,0.2980942562584419
GB,2024-05-17T01:00:00Z,0.4956543546960807,16.25378845868445
GB,2024-05-25T01:00:00Z,0.48595196252446754,10.038660206276422
GB,2024-06-02T01:00:00Z,0.4715847074599866,6.570555250179516
ID,2022-11-09T23:00:00Z,0.9769281838033101,8.737645817887843
ID,2022-12-30T23:00:00Z,0.8782302764740835,1.5658716527145897
ID,2023-01-12T23:00:00Z,0.9067898722167889,1.860028355518808
ID,2023-01-20T23:00:00Z,0.9066138473281556,3.211111082031164
ID,2023-02-17T00:00:00Z,2.183002975843941,1.034947923721522
ID,2023-02-19T00:00:00Z,2.3935942579551384,5.44267367114306
ID,2023-02-20T00:00:00Z,2.489999352540748,5.046057858202617
ID,2023-02-21T00:00:00Z,2.5665343631589974,4.5693348121343575
ID,2023-02-22T00:00:00Z,2.6204300759463015,4.055822100143947
ID,2023-02-23T00:00:00Z,2.6509946973234233,3.8771031891616827
ID,2023-02-24T00:00:00Z,2.6633660198668254,3.8812965219078945
ID,2023-02-25T00:00:00Z,2.6430237953721263,4.185571981757006
ID,2023-02-26T00:00:00Z,2.601306743891071,4.678006588345708
ID,2023-02-27T00:00:00Z,2.555027849609978,4.493940293775752
ID,2023-02-28T00:00:00Z,2.5063246215212205,4.967007045805202
ID,2023-03-01T00:00:00Z,2.441508078901573,4.5098521459007355
ID,2023-03-02T00:00:00Z,2.373849223985556,2.3122046131951492
ID,2023-03-03T00:00:00Z,2.3029509626825146,2.700048878279333
ID,2023-03-04T00:00:00Z,2.246565338315573,4.757202743925578
ID,2023-03-06T00:00:00Z,2.1111972490374877,0.45150915049154366
ID,2023-03-13T00:00:00Z,1.78623905099775,12.267190814655004
ID,2023-03-18T00:00:00Z,1.7582976487223734,6.798216169247389
ID,2023-03-25T00:00:00Z,1.732048319111127,1.4547143071198312
ID,2023-03-26T00:00:00Z,1.7234523878146681,0.34725065637819197
ID,2023-03-28T00:00:00Z,1.6624240474828498,3.819180578339576
ID,2023-04-03T00:00:00Z,1.640725263332155,2.174161665400391
ID,2023-06-20T01:00:00Z,1.186693970655491,22.107188316941212
ID,2023-06-22T01:00:00Z,1.376958121392423,1.5312771216564516
ID,2023-06-26T01:00:00Z,1.8708108594965651,1.1847972091698113
ID,2023-06-27T01:00:00Z,2.034552806320609,6.612483698773823
ID,2023-06-28T01:00:00Z,2.1605213980832874,8.37702075728276
ID,2023-06-29T01:00:00Z,2.2408413473014432,6.418840654160594
ID,2023-06-30T01:00:00Z,2.273038194759532,6.354229592930087
ID,2023-07-01T01:00:00Z,2.284184996439169,6.309343257534668
ID,2023-07-02T01:00:00Z,2.2781017015585077,6.220724950496876
ID,2023-07-03T01:00:00Z,2.266655889282956,6.437558105672366
ID,2023-07-04T01:00:00Z,2.245414632783245,6.611471428341836
ID,2023-07-05T01:00:00Z,2.2070040252248813,7.15863901280634
ID,2023-07-06T01:00:00Z,2.1528247801253864,7.408252232626861
ID,2023-07-07T01:00:00Z,2.097317877489985,6.873601114028558
ID,2023-07-09T01:00:00Z,1.9863729856468748,1.2992265332355668
ID,2023-07-10T01:00:00Z,1.9030306017997978,4.151335172335401
ID,2023-07-11T01:00:00Z,1.8599476517773417,7.041564072956716
ID,2023-08-30T00:00:00Z,1.2989506452091901,10.377538594780729
ID,2023-09-07T00:00:00Z,1.9662077000341553,0.32631893030158293
ID,2023-09-08T00:00:00Z,1.9859143268843134,4.464253067813232
ID,2023-09-09T00:00:00Z,1.981587647054577,3.5630463910344594
ID,2023-09-11T00:00:00Z,1.971449588773909,0.2343255273269148
ID,2023-09-12T00:00:00Z,1.955849803521215,0.44794067191860265
ID,2023-10-11T00:00:00Z,1.1899818219199156,7.202476728004275
ID,2023-11-25T23:00:00Z,0.8910344970711188,2.6995162454991943
ID,2024-01-11T23:00:00Z,2.9238085590233798,1.5923628391098406
ID,2024-01-12T23:00:00Z,2.9768344124013764,3.1473097158379653
ID,2024-01-13T23:00:00Z,3.018502858291456,1.3137826702608244
ID,2024-01-14T23:00:00Z,3.053938645122663,1.029820952455245
ID,2024-01-18T23:00:00Z,3.1664374950163383,0.8164842583683996
ID,2024-01-20T23:00:00Z,3.1927231582996733,0.21379195663775838
ID,2024-01-23T23:00:00Z,3.1470285137391603,1.2270676255053967
ID,2024-01-24T23:00:00Z,3.1184489498537307,0.45186454037774687
ID,2024-01-25T23:00:00Z,3.1043094292350566,0.007252900510496708
ID,2024-01-26T23:00:00Z,3.0734558530970557,0.6950756536793699
ID,2024-01-27T23:00:00Z,3.057272335082293,1.2517867483247718
ID,2024-01-28T23:00:00Z,3.0315754705365645,2.027567911302849
ID,2024-01-29T23:00:00Z,2.9967556359816565,1.8150458531615374
ID,2024-01-30T23:00:00Z,2.9650932374317875,2.6058046379400484
ID,2024-01-31T23:00:00Z,2.9299406336102294,3.1109652460042705
ID,2024-02-02T00:00:00Z,2.8891595887601156,4.078813745246941
ID,2024-02-03T00:00:00Z,2.8454027305867085,4.796551280732598
ID,2024-02-04T00:00:00Z,2.7943551722369286,4.1157646002116595
ID,2024-02-05T00:00:00Z,2.7567855242567223,5.196453088174216
ID,2024-02-06T00:00:00Z,2.715520345854811,5.524064453490051
ID,2024-02-07T00:00:00Z,2.6681768987544547,6.430263747243238
ID,2024-02-08T00:00:00Z,2.629232776397471,6.234328427660744
ID,2024-02-09T00:00:00Z,2.6051029843159634,6.364136302904757
ID,2024-02-10T00:00:00Z,2.5876597122436134,6.87510357969334
ID,2024-02-11T00:00:00Z,2.574758459675422,5.923397322662407
ID,2024-02-12T00:00:00Z,2.564928377715198,6.1994746206565425
ID,2024-02-13T00:00:00Z,2.575238565483519,1.0070135235936761
ID,2024-02-14T00:00:00Z,2.553999051583379,6.411265404801965
ID,2024-02-15T00:00:00Z,2.5294133138763284,7.244796487139796
ID,2024-02-16T00:00:00Z,2.5128097177829427,6.90924015662165
ID,2024-02-17T00:00:00Z,2.4996407566056478,7.577927935841311
ID,2024-02-18T00:00:00Z,2.517034026987433,7.393979778620525
ID,2024-02-20T00:00:00Z,2.501962784548176,4.361331922267097
ID,2024-02-21T00:00:00Z,2.5231514990605928,5.540689877783554
ID,2024-02-22T00:00:00Z,2.555440430109839,6.175999625588031
ID,2024-02-23T00:00:00Z,2.5932509732935363,6.450333938318271
ID,2024-02-24T00:00:00Z,2.644670846263396,5.477142437073635
ID,2024-02-25T00:00:00Z,2.6653391876850363,6.117144693714969
ID,2024-02-26T00:00:00Z,2.665600878082008,6.265092366998987
ID,2024-02-27T00:00:00Z,2.6569341114079728,6.0003585532325525
ID,2024-02-28T00:00:00Z,2.64516449141207,6.095719237099157
ID,2024-02-29T00:00:00Z,2.6265377253422737,5.9201465868502545
ID,2024-03-01T00:00:00Z,2.575246440624444,6.374908420302762
ID,2024-03-02T00:00:00Z,2.515042805468099,5.57504134358674
ID,2024-03-03T00:00:00Z,2.45184224984621,0.1894796829550171
ID,2024-03-05T00:00:00Z,2.3364843908525637,6.746051331308346
ID,2024-03-06T00:00:00Z,2.325468419085003,4.525398428835503
ID,2024-03-07T00:00:00Z,2.304902572752248,4.0175288509466816
ID,2024-03-08T00:00:00Z,2.2973972035629955,4.616599471295551
ID,2024-03-09T00:00:00Z,2.303218457233714,6.636729045393887
ID,2024-03-10T00:00:00Z,2.345929570786753,2.4299623103002044
ID,2024-03-11T00:00:00Z,2.354395208684779,3.7118276104168446
ID,2024-03-12T00:00:00Z,2.393682292516885,6.401005824305318
ID,2024-03-13T00:00:00Z,2.4684634135750105,6.08338939303264
ID,2024-03-14T00:00:00Z,2.548004370691009,5.463725670180141
ID,2024-03-15T00:00:00Z,2.6189098010195195,6.029128483879337
ID,2024-03-16T00:00:00Z,2.6794721001055346,4.352244266986531
ID,2024-03-17T00:00:00Z,2.72972530249407,4.36116535595299
ID,2024-03-18T00:00:00Z,2.767986251450388,3.4224422476295118
ID,2024-03-19T00:00:00Z,2.7966785346923317,4.562579828590274
ID,2024-03-20T00:00:00Z,2.7998840684783044,4.694743937818691
ID,2024-03-21T00:00:00Z,2.804426559648374,4.557885696468461
ID,2024-03-22T00:00:00Z,2.8029346709086207,2.2029210619474
ID,2024-03-23T00:00:00Z,2.8040068263933686,3.7396576599869893
ID,2024-03-24T00:00:00Z,2.8071611631510915,4.992932973843457
ID,2024-03-25T00:00:00Z,2.7904570093045407,4.515812242915806
ID,2024-03-26T00:00:00Z,2.7936858407768312,4.338506154844393
ID,2024-03-27T00:00:00Z,2.813512405653833,2.6858043265161955
ID,2024-03-28T00:00:00Z,2.8489605189091725,5.838506080513809
ID,2024-03-29T00:00:00Z,2.862249270062539,4.391507327444046
ID,2024-03-30T00:00:00Z,2.879712166902775,4.381839964764945
ID,2024-03-31T00:00:00Z,2.9191822736958315,3.9113716672149867
ID,2024-04-01T00:00:00Z,2.9624864615216002,1.993714848260259
ID,2024-04-02T00:00:00Z,3.0114076922017725,1.3817815117239844
ID,2024-04-04T00:00:00Z,3.15762461644055,5.935825433569304
ID,2024-04-05T00:00:00Z,3.199075375128601,1.9642273906456793
ID,2024-04-06T00:00:00Z,3.2509401163952956,4.806612521103139
ID,2024-04-07T00:00:00Z,3.2924770659470104,8.774188562931368
ID,2024-04-08T00:00:00Z,3.3225623931453554,6.2880291326623
ID,2024-04-09T00:00:00Z,3.3298188742198485,5.4827301369642685
ID,2024-04-10T00:00:00Z,3.326201372061108,6.585541666558125
ID,2024-04-12T00:00:00Z,3.344573438233355,6.875526541955061
ID,2024-04-13T00:00:00Z,3.3785574649459877,9.276920733319347
ID,2024-04-14T00:00:00Z,3.4718983724180017,6.278997758768754
ID,2024-04-15T00:00:00Z,3.6058180690441017,3.8622151714027493
ID,2024-04-16T00:00:00Z,3.745089717217011,4.544624386788551
ID,2024-04-17T00:00:00Z,3.8692908024488135,2.9072078255205844
ID,2024-04-18T00:00:00Z,3.977063946527085,2.858584396411919
ID,2024-04-19T00:00:00Z,4.072793640651489,3.024051377748519
ID,2024-04-20T00:00:00Z,4.1599121595769954,4.535103349100244
ID,2024-04-21T00:00:00Z,4.235447709861631,3.23702173359013
ID,2024-04-22T00:00:00Z,4.306237132923558,16.593801336670587
ID,2024-04-23T00:00:00Z,4.344353983007998,15.063816206989511
ID,2024-04-25T00:00:00Z,4.358131080550138,8.280769953278128
ID,2024-04-26T00:00:00Z,4.324956269929913,5.602946677104503
ID,2024-04-27T00:00:00Z,4.27259328166591,12.534148944376383
ID,2024-04-28T00:00:00Z,4.205798318742689,8.882518820994067
ID,2024-04-29T00:00:00Z,4.129590207082184,2.182696268647199
ID,2024-04-30T01:00:00Z,4.037069948462982,0.5219638765691639
ID,2024-05-01T01:00:00Z,3.942659456262635,2.800126311968704
ID,2024-05-02T01:00:00Z,3.8377525304340443,6.569765200628249
ID,2024-05-03T01:00:00Z,3.7311282781334243,0.749343630902106
ID,2024-05-05T01:00:00Z,3.5209477671353584,5.018876368678675
ID,2024-05-06T01:00:00Z,3.4165572931248085,7.4246498947472
ID,2024-05-11T01:00:00Z,3.0081876435943267,0.9862923100061698
ID,2024-05-12T01:00:00Z,2.944862516639717,1.6386367599533724
ID,2024-05-13T01:00:00Z,2.8862279100820314,2.5305750827903695
ID,2024-05-14T01:00:00Z,2.900600666983892,4.090446863015001
ID,2024-05-15T01:00:00Z,2.868432696573906,2.3529158816162132
ID,2024-05-16T01:00:00Z,2.8749198111276213,2.7373636108972907
ID,2024-05-17T01:00:00Z,2.913008513244926,1.0446104812389123
ID,2024-05-18T01:00:00Z,2.9725901973688114,0.18910938943245859
ID,2024-05-22T01:00:00Z,3.2941885634188472,9.52178093208242
ID,2024-05-25T01:00:00Z,3.5525165664208824,8.035466114723498
ID,2024-05-26T01:00:00Z,3.639022663981858,5.519008079161937
ID,2024-05-27T01:00:00Z,3.7135273808941687,2.4394156110169654
ID,2024-05-30T01:00:00Z,3.797427863695656,0.21090008776887342
ID,2024-05-31T01:00:00Z,3.775151862694977,2.6481147738784614
ID,2024-06-01T01:00:00Z,3.7360858247067825,4.737255153844091
ID,2024-06-02T01:00:00Z,3.6921575000397318,5.71831989423321
ID,2024-06-03T01:00:00Z,3.6482118031221966,7.790557774277569
ID,2024-06-08T01:00:00Z,3.3586968473108367,5.251826246073334
ID,2024-06-13T01:00:00Z,2.8832521855758393,2.1448991685741468
ID,2024-06-14T01:00:00Z,2.7621161983694895,3.211322141102129
ID,2024-06-15T01:00:00Z,2.6407722037656365,4.68946284521512
ID,2024-06-16T01:00:00Z,2.527905774532862,5.796566426936996
ID,2024-06-17T01:00:00Z,2.4216462253502247,7.624235497650539
LF,2022-03-31T00:00:00Z,NA,19.804116244051198
LF,2022-04-01T00:00:00Z,1.5806228486758527,5.338906277249878
LF,2022-04-06T00:00:00Z,1.5378391903561675,2.36827069379721
LF,2022-06-28T05:00:00Z,0.3503604522259997,58.56372898520469
LF,2022-07-03T01:00:00Z,0.36719718456936185,3.160592385849024
LF,2022-07-09T01:00:00Z,0.3080389170420145,0.8430551400795896
LF,2022-07-18T01:00:00Z,0.4538726969652022,7.961524803574595
LF,2022-07-20T01:00:00Z,0.4817150457060455,14.325341645656717
LF,2022-10-12T23:00:00Z,0.5092160720356721,1.4876068395389896
LF,2022-10-21T23:00:00Z,0.2833077235096539,12.991026078977386
LF,2022-10-23T23:00:00Z,0.38813133945009665,0.5579785685293883
LF,2022-11-09T23:00:00Z,0.22810103959739475,1.953676330980188
LF,2022-12-01T23:00:00Z,0.19898427852578665,7.996930939739718
LF,2022-12-02T23:00:00Z,0.23728916562021535,7.4577402266982205
LF,2022-12-03T23:00:00Z,0.26149842080614016,1.130808706668478
LF,2022-12-14T23:00:00Z,0.4406793905536182,5.46003873125667
LF,2023-01-24T23:00:00Z,0.3053504167900833,0.062185892578455595
LF,2023-01-28T23:00:00Z,0.23271997409581768,3.796115768055776
LF,2023-02-11T00:00:00Z,0.5654007197510847,1.4528614721999422
LF,2023-03-13T00:00:00Z,0.7672025247532427,8.283952609978092
LF,2023-04-11T00:00:00Z,0.40701500061110873,2.311501033365368
LF,2023-04-12T00:00:00Z,0.4326338812644311,9.920915239477804
LF,2023-05-26T01:00:00Z,0.23701046341047668,2.1042064758649968
LF,2023-06-08T01:00:00Z,0.36360894001942895,2.256261712155991
LF,2023-06-20T01:00:00Z,0.5022010926131435,4.293615419845916
LF,2023-06-22T01:00:00Z,0.6016960510037751,5.351877625141883
LF,2023-06-23T01:00:00Z,0.6367995272782339,8.979157923347255
LF,2023-07-11T01:00:00Z,0.7542336033381943,10.057909448198231
LF,2023-08-30T00:00:00Z,0.7016108801280577,1.523750224720016
LF,2023-10-12T00:00:00Z,0.5745613043723254,3.868033578491677
LF,2023-11-03T23:00:00Z,0.2886974090594499,2.4694676903964403
LF,2023-11-13T23:00:00Z,0.27270027839771366,2.1052503584923925
LF,2023-11-23T23:00:00Z,0.2833436736752244,0.011706795584617555
LF,2023-11-25T23:00:00Z,0.29410723283954693,0.4194087765199678
LF,2023-11-27T23:00:00Z,0.29634463158672397,0.6666011443352533
LF,2023-11-28T23:00:00Z,0.21926472799606556,4.372709962084044
LF,2023-11-29T23:00:00Z,0.22293582294902478,2.3112679537929903
LF,2023-12-15T23:00:00Z,0.5113379887185102,0.31589715319922607
LF,2023-12-24T23:00:00Z,1.2013472797464795,8.501389680350906
LF,2023-12-25T23:00:00Z,1.2687930142143036,9.304321726162662
LF,2023-12-27T23:00:00Z,1.2959276231837307,10.804406289538699
LF,2024-01-05T23:00:00Z,1.2055802466772099,7.872234582044423
LF,2024-01-08T23:00:00Z,1.19860333779496,3.032833547786214
LF,2024-01-11T23:00:00Z,1.2414627917539522,6.70909015852191
LF,2024-01-15T23:00:00Z,1.2821280349538084,9.755013730044222
LF,2024-01-18T23:00:00Z,1.3057808295987918,8.409055264395052
LF,2024-01-21T23:00:00Z,1.3096861288973003,0.07294180989823873
LF,2024-01-22T23:00:00Z,1.323455532340898,3.696699055454361
LF,2024-01-23T23:00:00Z,1.335530038827824,0.32162774689526175
LF,2024-01-25T23:00:00Z,1.3417040294385227,5.314766106263984
LF,2024-03-22T00:00:00Z,1.144323984270732,4.369013139851018
LF,2024-03-24T00:00:00Z,1.183548258090037,0.2008886274402047
LF,2024-04-08T00:00:00Z,1.4215908130024808,0.5323219860304328
LF,2024-04-14T00:00:00Z,1.4826462257269122,2.3151199176575457
LF,2024-04-15T00:00:00Z,1.511918359287269,1.4931030695756216
LF,2024-04-16T00:00:00Z,1.568048363848186,2.5874880900041863
LF,2024-04-17T00:00:00Z,1.637335516432444,9.131210435182112
LF,2024-04-18T00:00:00Z,1.7129900509305,4.162878309100075
LF,2024-04-19T00:00:00Z,1.7836437632145474,34.93724928255213
LF,2024-04-20T00:00:00Z,1.8481595840679135,5.041907846614061
LF,2024-04-21T00:00:00Z,1.913173900611415,15.63255050361112
LF,2024-04-22T00:00:00Z,1.9736876050440697,25.539530143972055
LF,2024-04-23T00:00:00Z,2.0157251228858346,15.03841224940559
LF,2024-04-24T00:00:00Z,2.051320030340804,14.928823278299342
LF,2024-04-25T00:00:00Z,2.0812838589037614,32.40173296746529
LF,2024-04-26T00:00:00Z,2.093779842962499,12.087801574630916
LF,2024-04-27T00:00:00Z,2.087698212000412,12.512032886208326
LF,2024-04-28T00:00:00Z,2.0689654404292646,25.800157719366776
LF,2024-04-29T00:00:00Z,2.0402636947955943,24.0293350261944
LF,2024-04-30T01:00:00Z,2.002185431353088,17.1957961316175
LF,2024-05-01T01:00:00Z,1.9561652940464669,23.3565089213195
LF,2024-05-02T01:00:00Z,1.9009720738071734,14.626298385846228
LF,2024-05-03T01:00:00Z,1.840985121151899,9.959222451204173
LF,2024-05-04T01:00:00Z,1.7791940071366164,11.655147782544464
LF,2024-05-05T01:00:00Z,1.7171724109463982,5.375015807860013
LF,2024-05-12T01:00:00Z,1.341529816353044,7.123501609585464
LF,2024-05-14T01:00:00Z,1.2812132737235602,1.4027826746701062
LF,2024-05-17T01:00:00Z,1.2375411385040607,8.65149475096974
LF,2024-05-20T01:00:00Z,1.3144148695837101,1.769438368096045
LF,2024-05-21T01:00:00Z,1.3445169049981052,2.5725738198969745
LF,2024-05-25T01:00:00Z,1.5307622261506006,7.2836211812466916
LF,2024-05-26T01:00:00Z,1.578949898789369,24.31851137377932
LF,2024-05-27T01:00:00Z,1.6283909109880077,8.67050815581557
LF,2024-05-28T01:00:00Z,1.6741703646356498,11.232584902369968
LF,2024-05-29T01:00:00Z,1.7098985792740717,15.42503473778242
LF,2024-05-30T01:00:00Z,1.7271929572479658,16.0955253081477
LF,2024-05-31T01:00:00Z,1.7284170491031532,20.3428575653966
LF,2024-06-01T01:00:00Z,1.7230128159244236,16.681943748898256
LF,2024-06-02T01:00:00Z,1.7129261009803078,31.65285686263213
LF,2024-06-03T01:00:00Z,1.7053123742166,21.2445973782244
LF,2024-06-04T01:00:00Z,1.6935014933549444,24.136040147216587
LF,2024-06-05T01:00:00Z,1.670743866527792,17.380027764333374
LF,2024-06-06T01:00:00Z,1.6452370939723047,12.503141420356188
LF,2024-06-07T01:00:00Z,1.6159508562471159,7.714010271523542
LF,2024-06-08T01:00:00Z,1.581423849091331,8.411631628955696
LF,2024-06-09T01:00:00Z,1.53861159546024,7.109379986612947
LF,2024-06-10T01:00:00Z,1.4879285260496933,6.607592924048458
LF,2024-06-12T01:00:00Z,1.389879221440595,11.013069233132809
LF,2024-06-13T01:00:00Z,1.3273251042099876,7.889338238820154
LF,2024-06-14T01:00:00Z,1.2496741409165457,7.058877953511685
LF,2024-06-15T01:00:00Z,1.1790955150656068,1.712636200955319
LF,2024-06-16T01:00:00Z,1.120126878187167,6.83305268552896
LF,2024-06-17T01:00:00Z,1.0540178606440933,6.748777140937386
LF,2024-06-18T01:00:00Z,0.9838501625248333,3.713767521430329
LF,2024-06-19T01:00:00Z,0.9262334668933453,8.84012953247793
LF,2024-06-20T01:00:00Z,0.8709510158270984,6.601070531014873
LF,2024-06-21T01:00:00Z,0.8200884229001879,6.0672991431417325
LF,2024-06-22T01:00:00Z,0.799872887919075,2.1125134826774246
