ID,n_days,median_GPP,median_ER,source
AM,509,3.5131799851328567,-11.69601004180854,one-station
AM,147,21.31485012564592,-11.320552623026034,"two-station, flux-sign window (original)"
AM,330,15.022062735666747,5.208864016467908,"two-station, solar-time window"
GB,632,2.7065072489438258,-19.364467013121356,one-station
GB,558,12.403181356491183,-11.027133345653624,"two-station, flux-sign window (original)"
GB,677,-2.634678996455075,-7.672823434968675,"two-station, solar-time window"
ID,467,8.228618552235744,-17.143626403677064,one-station
ID,465,11.132969737612225,-13.772750456954403,"two-station, flux-sign window (original)"
ID,478,-0.557574081199923,-9.374616659808794,"two-station, solar-time window"
LF,378,3.535320403745743,-17.028680471734987,one-station
LF,312,17.951793788833633,-7.209205751847113,"two-station, flux-sign window (original)"
LF,465,15.956748890524029,2.7793213759292836,"two-station, solar-time window"
