{"tier": 2, "error": null, "params": {"dates": [{"endDate": "06-25-2024", "recurring": false, "startDate": "01-01-2022", "yearRange": [1950, 2050]}], "layers": [{"layer": "FparExtra_QC", "product": "MCD15A3H.061"}, {"layer": "FparStdDev_500m", "product": "MCD15A3H.061"}, {"layer": "FparLai_QC", "product": "MCD15A3H.061"}, {"layer": "Fpar_500m", "product": "MCD15A3H.061"}, {"layer": "LaiStdDev_500m", "product": "MCD15A3H.061"}, {"layer": "Lai_500m", "product": "MCD15A3H.061"}], "output": {"format": {"type": "geotiff"}}, "coordinates": [{"id": "ID", "latitude": 29.935, "longitude": -82.8}]}, "status": "processing", "created": "2024-06-26T22:31:31.416812", "task_id": "866c502b-c423-4a68-9704-83a1e782dcdb", "updated": "2024-06-26T22:31:41.633380", "user_id": "samanthathowley@gmail.com", "estimate": {"request_size": 226, "request_memory": 1}, "retry_at": null, "has_swath": false, "task_name": "Modis Practice", "task_type": "point", "api_version": null, "svc_version": "3.56", "web_version": "3.56", "has_nsidc_daac": false, "expires_on": "2024-07-26T22:31:41.633380", "attempts": 1}
