ID,methodology,n_days,pct_in_range,pct_reach,pct_both,K600_mean,GPP_mean,ER_mean,K600_med,GPP_med,ER_med
AM,M1_velPower_K600power,80,2.5,100,2.5,2.5,1.49,-1.87,1.2,1.59,-1.67
AM,M2_velPower_K600linear,80,0,100,0,3.91,-6.15,-10.38,3.25,-8.19,-11.91
AM,M3_velPower_K600freewater,80,0,83.75,0,2.29,-1.01,-4.67,2.41,-3.45,-6.91
AM,M4_velLinear_K600power,80,7.5,62.5,2.5,2.5,5.52,-0.19,1.2,5.07,-0.19
AM,M5_velLinear_K600linear,80,12.5,100,12.5,3.91,-2,-8.83,3.25,-1.66,-9.74
AM,M6_velLinear_K600freewater,80,13.75,80,12.5,2.29,3.08,-3.05,2.41,2.43,-4.94
AM,PERSITE_FINAL,80,11.25,100,11.25,3.15,0.72,-5,1.95,0.55,-4.79
GB,M1_velPower_K600power,41,7.32,0,0,8.18,16,-4.37,7.95,17.54,-1.51
GB,M2_velPower_K600linear,41,9.76,0,0,8.35,15.82,-4.6,8.11,18.54,-1.67
GB,M3_velPower_K600freewater,41,17.07,0,0,8.83,14.87,-5.62,8.79,15.91,-3.52
GB,M4_velLinear_K600power,41,4.88,0,0,8.18,18.06,-3.59,7.95,20.33,-0.19
GB,M5_velLinear_K600linear,41,2.44,0,0,8.35,17.89,-3.82,8.11,21.48,-0.37
GB,M6_velLinear_K600freewater,41,7.32,0,0,8.83,16.94,-4.84,8.79,18.68,-2.49
GB,PERSITE_FINAL,41,12.2,0,0,8.42,14,-5.29,8.13,16.92,-2.46
ID,M1_velPower_K600power,325,0,100,0,10.62,-16.87,-41.54,9.81,-16.05,-40.6
ID,M2_velPower_K600linear,325,0,100,0,10.54,-18.2,-43.94,11.07,-17.43,-43.96
ID,M3_velPower_K600freewater,325,45.23,96,41.54,3.99,1.92,-19.07,4.18,2.25,-18.69
ID,M4_velLinear_K600power,325,0,100,0,10.62,-16.36,-41.64,9.81,-15.77,-40.84
ID,M5_velLinear_K600linear,325,0,100,0,10.54,-17.74,-44,11.07,-16.66,-44.08
ID,M6_velLinear_K600freewater,325,52,95.69,48.31,3.99,2.5,-19.21,4.18,3.39,-18.97
ID,PERSITE_FINAL,325,45.23,96,41.54,3.99,1.92,-19.07,4.18,2.25,-18.69
LF,M1_velPower_K600power,249,9.24,0,0,1.28,6.57,-0.79,1.31,6.03,-1.18
LF,M2_velPower_K600linear,249,32.13,30.12,14.46,1.58,6.11,-1.39,1.87,5.14,-3.02
LF,M3_velPower_K600freewater,249,2.41,100,2.41,4.43,-5.86,-15.06,4.5,-5.44,-14.76
LF,M4_velLinear_K600power,249,6.83,0,0,1.28,6.78,-0.73,1.31,6.51,-0.96
LF,M5_velLinear_K600linear,249,28.92,12.05,3.21,1.58,6.32,-1.33,1.87,5.91,-2.63
LF,M6_velLinear_K600freewater,249,7.63,100,7.63,4.43,-5.65,-15,4.5,-5.74,-14.53
LF,PERSITE_FINAL,249,32.13,30.12,14.46,1.58,6.11,-1.39,1.87,5.14,-3.02
OS,M1_velPower_K600power,310,0,54.84,0,2.16,-14.3,-14.6,2.09,-10.58,-11.64
OS,M2_velPower_K600linear,310,0,21.29,0,2.84,-17.98,-18.38,2.89,-15.2,-16.31
OS,M3_velPower_K600freewater,310,0,100,0,0.62,-3.27,-3.47,0.61,-2.41,-2.86
OS,M4_velLinear_K600power,310,0,63.23,0,2.16,-13.83,-14.96,2.09,-10.09,-12.46
OS,M5_velLinear_K600linear,310,0,52.26,0,2.84,-17.43,-18.84,2.89,-15.05,-17.16
OS,M6_velLinear_K600freewater,310,0,92.9,0,0.62,-2.91,-3.72,0.61,-2.28,-3.43
OS,PERSITE_FINAL,310,0,63.23,0,2.16,-13.83,-14.96,2.09,-10.09,-12.46
