Date,GPPavg,ER,K600_1d,GPP_Rhat,ER_Rhat,K600_daily_Rhat,ID
2022-11-07,NA,NA,NA,NA,NA,NA,ID
2022-11-08,3.2181154127817395,-9.96965101474295,4.535351589715362,0.9992510179270968,1.00035634669847,1.0005517178908854,ID
2022-11-09,3.5295295496416905,-10.057269442074874,4.6793769494993525,0.9996985548446627,0.9993339977077922,0.999710291251843,ID
2022-11-10,1.4620258265757198,-11.221676827748352,4.580745624423811,0.9993426614043811,1.0000875116981174,1.0002606935144829,ID
2022-11-11,2.8112347176226296,-10.098521211939039,3.8057944904858796,0.9992803514101143,0.9993185632478416,0.9996169709880244,ID
2022-11-12,3.4105269222420733,-11.02394223860957,4.3078935469994075,0.9993828185664677,0.9998802313772112,1.0001346836779013,ID
2022-11-13,3.3714906795922723,-9.983995455971368,4.127310261817245,0.9994091189633398,1.000927139350626,1.000952923262156,ID
2022-11-14,3.438110551053138,-10.725821524089234,4.5526559748707465,1.0001185902697305,0.9995855176900429,0.9996743472467673,ID
2022-11-15,2.697621111578085,-10.489005744095754,4.229135181899662,0.9995558127911506,1.0001563707508354,1.0003373347405824,ID
2022-11-16,3.7117096319952116,-10.531982659850533,4.372991123413012,0.9992584498249752,0.9996413955850486,0.9999316966521546,ID
2022-11-17,3.2335698582401498,-9.989198723342811,4.647393656184392,0.9993657166547095,0.9993415600634643,0.9994659123977898,ID
2022-11-18,2.9263236577722185,-9.568040343943887,4.8191528524331595,0.9993959161504281,0.999777876490175,0.9993898491424044,ID
2022-11-19,2.823966432333161,-9.841692350570407,4.683530234158626,0.9994469902186041,0.9997893910799242,0.9997564193011947,ID
2022-11-20,1.6303594939627348,-9.615539184827645,4.950982548577004,0.9993997940801976,0.9995571031719666,0.9997531257638256,ID
2022-11-21,2.307276330249763,-7.993458999789167,3.752967804957323,1.0002843749530737,0.999837125233818,1.0000497638410981,ID
2022-11-22,2.924642869030211,-9.491969801763238,4.456092834319518,0.999691014696271,1.000844805737665,1.001163939471676,ID
2022-11-23,3.2468059385874826,-9.926065242084979,4.647603740464697,0.9994715400120298,0.9995172905095354,0.9995410352891998,ID
2022-11-24,3.147637434663469,-9.641668334054959,4.323351693455249,0.9992607925034095,0.9998949453612973,1.0002995742053424,ID
2022-11-25,3.0592863304668922,-10.15923299045574,4.677492390732408,0.9994476601197904,1.000235990148948,1.0000144484800437,ID
2022-11-26,2.364700266478655,-9.34800816039976,4.46086392378822,0.9993230528255265,0.9995092345956794,1.0000449781804888,ID
2022-11-27,2.668151791313815,-9.208237091170886,4.499503631965411,0.9995416515047271,0.9992335506296871,0.9994459236642776,ID
2022-11-28,2.686913116903074,-9.104625591551889,4.751731089041305,0.9998635710853423,0.9993216937564435,0.9994008198981196,ID
2022-11-29,2.984598189265787,-9.362484661653573,4.921053889281228,1.0000945272182973,0.9996865723694152,0.9996439237096554,ID
2022-11-30,2.247720169435949,-10.050565917529733,5.312022452872316,0.9995988668182961,1.0000823642211718,0.9994310525358933,ID
2022-12-01,2.697898952583437,-8.736480435807687,5.118112686614193,0.9997567367583521,1.0004545827462505,1.000500842141281,ID
2022-12-02,2.692491200439493,-8.826674279956649,5.113218859954046,0.9993315504196061,0.9993577538141444,0.9991305628235875,ID
2022-12-03,2.6938611869596887,-8.921844897665299,5.04430761862368,0.999618276126254,1.0001123859151053,0.9995418288059706,ID
2022-12-04,2.92248374029894,-9.64597015667065,5.145289530380606,1.0003395257255887,1.0016382627043938,1.0012806709203659,ID
2022-12-05,2.581797135909485,-8.650201193597114,4.605235854247131,0.9992384557235509,0.9998725520058344,0.9999511447084403,ID
2022-12-06,2.9411162754828437,-9.138299943352555,5.071662121229512,0.9994647209661015,0.9997227950832971,0.9995779905319008,ID
2022-12-07,2.6990409021852537,-9.018865534588539,5.132403466793875,0.9997987705226924,1.001063439094887,1.0007554256679543,ID
2022-12-08,2.7535470234111967,-8.952415057356685,5.134470629356229,0.9991366688180201,0.999798041542075,1.0000517750050026,ID
2022-12-09,2.868973477142724,-8.860517347786287,5.140015702429403,0.99964355105298,0.9998742927649047,0.9998778001336632,ID
2022-12-10,2.9749093526349775,-9.004072067128854,5.270978219227529,0.99949117849882,1.0003228407715097,1.0005718763870104,ID
2022-12-11,2.2035791756819045,-8.1625378243763,4.792562605998705,0.9996082025042953,1.0005015259218155,1.0007341484431012,ID
2022-12-12,2.880029590651027,-8.5076498611095,5.122912745526899,1.00007622223234,1.0001573821180256,1.0000496489315815,ID
2022-12-13,2.424525842400044,-8.222077259643836,5.1413430719081745,0.9995902266042835,0.9997749419433131,1.0005218996547551,ID
2022-12-14,2.8120145202027986,-8.594566955339006,4.983927423016698,0.9994534109081169,1.0002010348069381,1.0007157056762048,ID
2022-12-15,1.578621795619113,-7.680758404979616,4.525018023118118,0.9994108324673283,0.9997484772408382,0.9995278339777063,ID
2022-12-16,2.510765106049564,-8.153130639175393,5.2521643973490715,0.9994086843598557,0.9993006041906541,0.9994366601350835,ID
2022-12-17,2.5093517088431696,-8.43767551219925,5.458996986401019,0.999845739413095,0.9996668382850107,0.9997453665028602,ID
2022-12-18,2.2648509802868055,-7.439060573762198,5.2108237776389235,0.9995058659241032,0.9992259372005248,0.9994032567999759,ID
2022-12-19,2.282006865693804,-7.589086678007957,5.295827990795088,0.9993278306238971,0.9996359366137906,0.999443211126134,ID
2022-12-20,1.9360915914608225,-8.097599387645033,5.325112736781876,0.9994974063061285,0.999891250887562,1.0004197813315066,ID
2022-12-21,1.964035176061907,-8.092904267038998,5.139713938154314,0.9993540988498388,0.9993196537903081,0.9994845754959231,ID
2022-12-22,2.4723241278691916,-8.558944109843635,5.114003397506217,0.9992830997157146,0.9991209623076823,0.9992266604006165,ID
2022-12-23,2.7123406602863405,-8.219828533463357,5.409930956590057,0.9994888027305311,0.9992989585745532,0.9991840042773931,ID
2022-12-24,2.601913246570003,-7.747758687443802,5.6903161324011755,0.9993153436641671,0.9998483518750414,1.0004186355681883,ID
2022-12-25,2.7735846361164733,-7.93604813238604,5.757314552363052,0.9993138788396934,0.9996825957448714,0.9997257894221139,ID
2022-12-26,2.8734924433808784,-8.111842135879193,5.664480764789843,1.0000753982961486,0.9994978917881652,1.0007158036073371,ID
2022-12-27,NA,NA,NA,NA,NA,NA,ID
2022-12-28,NA,NA,NA,NA,NA,NA,ID
2022-12-29,NA,NA,NA,NA,NA,NA,ID
2022-12-30,NA,NA,NA,NA,NA,NA,ID
2022-12-31,0.8360944106760104,-7.504582986592182,4.662981096719492,0.9996356884559291,0.9997601627202086,0.9996516321313259,ID
2023-01-01,NA,NA,NA,NA,NA,NA,ID
2023-01-02,NA,NA,NA,NA,NA,NA,ID
2023-01-03,NA,NA,NA,NA,NA,NA,ID
2023-01-04,1.668709351127076,-8.441743206103718,5.272991316507097,0.9998839030082826,0.9999271950932741,0.9998053767274566,ID
2023-01-05,2.2248221037764906,-7.648786414615831,5.183777657320151,0.9995511289972672,0.9995830111364923,0.9999366594120166,ID
2023-01-06,1.9303428877804938,-6.892732676967854,5.234482254877882,0.9998828118416564,0.9997599121394439,0.9998945610547474,ID
2023-01-07,1.9601309265798905,-6.9494713422136085,5.288390121416878,0.9993539659016993,0.999463766405727,0.9997235101001705,ID
2023-01-08,2.1735159723922846,-7.2424032991140646,5.074089356872523,0.9992634876232216,0.999191275244867,0.9992733160568595,ID
2023-01-09,2.211581890203164,-7.453664560744388,5.091269369419297,1.000000265816286,1.0000060806467614,0.9997005745605978,ID
2023-01-10,2.244716973257928,-7.395941968043968,5.214376687476535,0.9992609344290425,0.9994276975780196,1.0002760896780691,ID
2023-01-11,2.3238961162528193,-7.589064135066424,5.1862224029520405,0.9994594435504862,1.0006071502266463,1.0009417115557666,ID
2023-01-12,2.436529128020688,-7.736195908000504,5.015476627869455,0.9991939086503332,0.9991798477617109,0.999172237781289,ID
2023-01-13,2.3421391434849137,-7.814790267100455,4.79417240075476,0.9993115586126341,1.0001500148886422,0.9996120293099604,ID
2023-01-14,2.2274582666986302,-6.976400671189998,5.139436826098812,0.999484235279042,0.999660270853789,1.0001891587356333,ID
2023-01-15,2.162763518280503,-6.901555555474981,5.268277594186616,0.9996402926843914,0.9993623406912119,0.9996414603353305,ID
2023-01-16,2.2569560680460348,-7.2024578082676385,5.215772946182976,0.9995334076864456,0.9994483406846523,0.999419965415153,ID
2023-01-17,2.4620082212108167,-7.697032643593867,5.0298686949318014,0.9991963695948674,0.9998308901192074,1.0006130362394714,ID
2023-01-18,2.533691977867114,-8.093914347857856,5.060218991812138,0.9998800009088297,0.9999613386452099,0.9998438893365975,ID
2023-01-19,2.6008236240208156,-8.83346681890153,5.261795120396353,0.9994219505226843,0.999354475059677,0.9991579354531823,ID
2023-01-20,2.7625777696328577,-7.987022226327932,5.0234081469756395,0.9995278623938272,0.9997215586771533,0.9997903172507765,ID
2023-01-21,1.427416275584031,-8.193488562473597,5.183180733261354,0.9995292897163077,0.9993470818356865,0.9993414360123121,ID
2023-01-22,2.684868907622327,-8.696558058711462,4.978790387145485,0.9995687105729986,0.9999654031127411,0.9997546997395707,ID
2023-01-23,2.8434054578402743,-8.019672012088547,5.07586321974887,0.9993849681899463,0.9992640653712429,0.9994216100835978,ID
2023-01-24,2.760855191726357,-7.813929014327486,4.9972510693672305,0.9996951995161443,1.0006031742536234,1.0007388868623128,ID
2023-01-25,2.2548805354231,-8.833758987133264,4.9899014504105335,0.9993083628345515,0.9998320562005367,0.9999660761053057,ID
2023-01-26,3.153045997247883,-8.802131660265776,5.083467384038421,0.9998777634263875,0.999850296315888,1.000061133096985,ID
2023-01-27,3.169248575958337,-8.973266012146054,5.02685691689914,0.9993900971751398,0.9994659863815457,0.9993919724460288,ID
2023-01-28,3.7241986948458825,-10.216560180248488,4.687592619182871,0.9996522507864903,1.0000958255999572,0.9995190800560599,ID
2023-01-29,4.27476706073705,-11.3047793784498,4.076109187083494,0.9994201892967218,1.0003035062464731,1.0007803452580868,ID
2023-01-30,5.033412953211752,-12.842600523629065,4.197005554129286,0.9996441610475233,1.0005984801697148,1.0001698329686424,ID
2023-01-31,5.7862215946812725,-13.961551304857236,4.019657041874084,0.9993941753507362,0.9995582374107277,0.999332661899884,ID
2023-02-01,5.041846291617392,-13.8214130064733,3.8174696591001553,0.9994226054975234,0.9998080585047295,0.9994696817885412,ID
2023-02-02,6.3894026729898705,-14.94810541459954,3.5921548083331207,0.9999998313339954,1.0001627799682296,0.9999300830417633,ID
2023-02-03,4.4828454532974575,-10.935841619858582,2.5554033834015644,0.9997071444221284,0.9995085066037358,0.9998164681713607,ID
2023-02-04,6.175233743676451,-14.81452358938093,3.6582745323266788,0.9996317543850933,0.9998956268883064,1.0000416031778665,ID
2023-02-05,6.633604537857798,-14.770062448364227,3.1136317984374444,0.9995439059289737,0.9996882659981885,0.999905306613141,ID
2023-02-06,6.853721576119693,-15.748757245620789,3.4423815700603178,0.9990789416125444,0.9993564845163603,0.9992170879918014,ID
2023-02-07,7.167209183284232,-16.141024492945512,3.2736757070972966,0.9997225181793125,0.9998213145506669,1.0002146874823248,ID
2023-02-08,7.58688777534914,-16.634505294706027,3.170330756313248,0.9995164337215136,0.9999471449820672,0.9998508653136546,ID
2023-02-09,7.781175493542788,-18.132787425684466,3.3709746129587144,0.999123076540176,0.9995805743725388,0.9994473547151825,ID
2023-02-10,6.366902449905499,-16.557159780422925,2.947006073746587,1.0001445163037022,0.9995689697909226,0.9991830217086968,ID
2023-02-11,3.328204663932507,-14.145435953323945,2.476542626259246,0.9997425940230331,0.9995434713830976,0.9993765590560297,ID
2023-02-12,7.7903056942262445,-17.08892010661738,2.898434822203362,0.9997366464270491,0.9994901302908247,0.9990948386248534,ID
2023-02-13,7.917330266169736,-18.044990350524486,2.948855552527014,0.9991697176482959,0.9997177541737594,1.0001489910133747,ID
2023-02-14,8.561548574264426,-18.487165629841183,2.6305628996243824,0.9995925408659824,0.9996655726464238,0.9995590733404108,ID
2023-02-15,9.475246423976717,-17.372694770564582,1.6461348834164258,0.9997920267664858,1.0001723803014593,0.9997463929884056,ID
2023-02-16,10.156440711847853,-16.49254566876006,1.1931592714695436,0.9991615263449471,0.999544631102579,1.000223558440188,ID
2023-02-17,8.494186697901535,-17.873951755213824,1.5597396943612845,0.9997850401028084,1.00028619067161,0.999977058975802,ID
2023-02-18,9.899719700691241,-15.96845380829447,1.3033162328965404,0.9993428714164249,0.9995906652345851,0.9996084799926466,ID
2023-02-19,9.615557683311145,-14.140232547751513,0.6832370701513277,0.9996202117215306,1.0001623838975917,1.0006961871091846,ID
2023-02-20,10.708537573273045,-12.904238969266968,0.5219629027605226,0.9999833560107333,0.9994316691801534,0.9991591656607375,ID
2023-02-21,10.880343492566283,-11.72650185726854,0.257869607359506,0.9995739512061208,0.9996461051570709,0.9995480201555003,ID
2023-02-22,11.470933520800523,-11.93941517217782,0.15779729511010462,0.9994698261306787,0.9993219387921961,0.9998546549537441,ID
2023-02-23,11.855303384146184,-12.051167871241217,0.15423661896690413,0.9998676296506682,0.9998981965549179,0.9992496082791107,ID
2023-02-24,13.426417965599938,-13.429438022205684,0.10819209547870183,0.9997315069774313,0.9996499316203994,0.999740277356727,ID
2023-02-25,14.517033027231223,-14.764897345872159,0.09201210268914295,0.999722900310782,0.9996650217058238,0.9994751876736918,ID
2023-02-26,16.67562466193074,-17.338720288656198,0.15133776331256266,0.9991545664099085,0.9995522374434251,0.9997292212193574,ID
2023-02-27,15.835937165946973,-16.65722758279692,0.17317689621116994,0.9996179655444392,0.999321302224384,0.9991989970368661,ID
2023-02-28,15.491033096338677,-15.87415707407708,0.11806912195153683,0.9994844037615579,0.9995471657381503,0.9998240936040192,ID
2023-03-01,16.582428918751692,-18.650646109320185,0.403475607838374,0.9996244111984868,0.9997222513842642,0.9998378076931256,ID
2023-03-02,18.270708302067383,-22.187692528474496,0.8001443153958671,0.9995608768223948,0.9992845486332588,0.9998761381978504,ID
2023-03-03,16.12022960260953,-23.165652862109397,1.1798964100767924,0.9998823443649074,1.0003083859061013,0.9996814653815902,ID
2023-03-04,12.876286796923162,-17.441620721335443,0.7496453113056107,0.9995013233587816,0.9994600136593382,0.9996017439813921,ID
2023-03-05,16.248027389028895,-26.070213952217063,1.9764694496723743,0.9994325092907158,0.9995104446948962,0.9994869495318246,ID
2023-03-06,16.34477398062488,-26.15394330467453,2.0662967269807115,0.9991493370693689,0.9994835498658332,0.9992961561266708,ID
2023-03-07,14.395364481289262,-24.674191539090575,2.1031331574792684,0.9996057044259856,0.9993886742443495,0.9993888647321703,ID
2023-03-08,14.535873101185134,-24.397970216999617,2.4587203876015264,0.9994566797602974,0.9999866808018517,0.999841276194679,ID
2023-03-09,13.849509642644739,-24.53969557629825,2.652721573263173,0.999388023768358,1.0002715489244078,0.999845205878853,ID
2023-03-10,12.636472540754761,-25.71115626440004,2.88662038440033,0.9998986681849666,1.0000175201150536,1.0001242743213947,ID
2023-03-11,11.957426708990818,-23.87962679199884,3.037225286770165,0.9995731945516395,0.9990925065311911,0.9993314623172814,ID
2023-03-12,10.441290330401152,-23.763924807434947,3.1952153434025083,0.9999232121600985,1.0002387791047274,1.0001268696765746,ID
2023-03-13,7.439275183676596,-12.115300581263037,0.9602387262618985,0.9994279714689303,0.9992667932767492,0.9992397392023816,ID
2023-03-14,9.967329319755544,-21.811023679563927,3.2292482070525512,0.9998935013398608,1.0001380044810944,1.00018964963511,ID
2023-03-15,10.198651197399865,-22.078961350513957,3.3398746093805105,1.0003401611483338,1.0000356018081509,0.9999623814027595,ID
2023-03-16,9.68971289346348,-21.49407864714637,3.0276520080731455,1.0002294564060847,0.9999804289899468,1.0003502682938503,ID
2023-03-17,10.37250947992421,-21.57042502058828,2.6154238081027565,0.9994583485987055,0.9998699603980884,1.0001630795417946,ID
2023-03-18,4.099579073507517,-13.827326493767863,1.922034123694804,0.9991666032894313,1.0001208206200787,1.0001937131319103,ID
2023-03-19,9.500863628628009,-19.076012137794876,2.608707057528632,0.9995373264388625,0.9996211017427815,0.9992845401415957,ID
2023-03-20,8.861428803405177,-19.96360477542875,3.0401980857676763,0.9997484637461879,1.0004588288620326,1.0002674904763498,ID
2023-03-21,8.674541041960163,-19.353098283831397,2.5899822091142193,0.9998639028781124,0.9999935868876595,0.9994189832172913,ID
2023-03-22,9.666350338589142,-21.387067461131938,2.6570649369495514,1.0004490164988786,0.9995772537442429,0.9997753733384392,ID
2023-03-23,9.09068930525704,-19.648090013762634,2.4023662741110354,0.999065721986194,0.9994139159492709,0.9996194754529651,ID
2023-03-24,8.995183840945367,-19.142694100604917,2.291752687334515,0.9995076469089228,0.9996852904037354,0.9995813065010265,ID
2023-03-25,8.012802080181686,-16.221190452129278,1.6459056712084772,0.9997116835888286,1.0000461759017247,0.999594381042587,ID
2023-03-26,8.512506002300082,-16.878866157180187,1.875840353253197,0.999472053829755,0.9996167967781042,0.9999661742300175,ID
2023-03-27,8.89940508902695,-17.76092362959561,2.123520066161262,0.9996751045937686,0.9998460226431868,0.9997271213515107,ID
2023-03-28,7.373102388252236,-17.131765366668063,2.1487548973370703,0.9999189110772759,0.9998406432497644,0.9998247194505961,ID
2023-03-29,8.281682667484532,-17.07620146853659,2.4305957967324074,0.9995483360426757,1.000858814235495,1.0007112681208266,ID
2023-03-30,7.299006637263274,-16.170114699310083,2.39317192149671,0.9991985102235824,1.0002988573838132,1.000075890404456,ID
2023-03-31,7.713035708711422,-16.046150834172234,2.13798351649247,0.9993755369836951,0.9996686408402352,0.999759934378995,ID
2023-04-01,7.929156015026258,-15.850006458674823,1.8791055364641185,0.9994584287350415,1.000021120884737,0.9997548883064099,ID
2023-04-02,8.666310837144664,-17.06815255465092,2.0761167909459415,0.9993521343278543,1.000789859651181,1.0005180498857789,ID
2023-04-03,7.780840467732894,-16.06671233779351,1.8547989544991674,0.9999148873591956,1.0002173433101582,1.0011600978748292,ID
2023-04-04,8.29941338508913,-17.177113505084833,2.0966027059090058,1.0000815113994344,0.9999221754769894,0.9999726825212155,ID
2023-04-05,7.876463354189131,-15.16256633316094,1.7684618484323291,0.9996501784018426,1.0014815190962,1.0019175286511182,ID
2023-04-06,8.331194041682831,-16.853726465688062,2.1371315517056297,0.9997026860575325,0.9997923309190129,0.9997073851413028,ID
2023-04-07,8.445722036649892,-18.366181508706585,2.6083696934274,0.99951912994083425,0.99974862398597375,0.9999679710472136,ID
2023-04-08,6.019853869865044,-17.152052491358408,2.762081542604855,0.9994545179913369,0.9993225256841979,0.9993045000751856,ID
2023-04-09,5.503073024241084,-14.594080468002629,2.549849345804754,0.9998571415787013,0.9999503131883685,0.9997729026998855,ID
2023-04-10,6.6665584185724045,-17.2909302637061,3.1552508678209605,0.9991698238136322,0.9996050562807155,0.9996737502474919,ID
2023-04-11,6.5065280606326255,-14.591484679032908,2.5580595116666442,0.9999812800134814,0.9994487269996212,0.9994932986479577,ID
2023-04-12,7.408467898932033,-17.04839273138182,3.209049553369791,0.9992324151304455,0.9992670373906787,0.9992717464445053,ID
2023-04-13,6.681889859884097,-14.91580007875457,2.627085788387304,0.9993253850235955,1.0000820723933601,0.9997816329501107,ID
2023-04-14,6.447280137598051,-14.65877243933554,2.697409699561414,0.9993907146652402,1.0003907774065635,1.0001338608134127,ID
2023-04-15,6.556680849930386,-15.20642974670524,2.8647646008114735,0.9995405657361579,0.9996646627995139,0.9997989724272806,ID
2023-04-16,6.861995484037561,-14.876220858726667,2.7988129949411005,1.0000202481968887,1.0008348235405753,1.0011886596653476,ID
2023-04-17,6.515933181410133,-15.074093636486339,3.4897530397545546,0.9992485491895352,0.9999393714102559,1.00041133813026,ID
2023-04-18,5.906890476073834,-14.33852513745118,3.4376262166265548,0.9995431211512581,0.9993776979132604,0.9996664470020646,ID
2023-04-19,6.4204903409336955,-13.907840630379512,3.239120606765078,0.99955543371258615,0.999729079549945,0.9994393783657478,ID
2023-04-20,5.898111658017669,-13.99789236736554,3.4319865228450115,0.9996698599210437,1.0003270279092418,1.0002187035855934,ID
2023-04-21,5.7616610216077495,-14.060114906857512,3.4690889323619647,1.0001483666727617,0.9997336226675205,0.9997512380291227,ID
2023-04-22,5.601993407538847,-14.15891456487923,3.6985156702521387,0.9996070799902756,1.0004784190677722,1.0005652485229586,ID
2023-04-23,5.506374642179474,-13.619814399270773,3.8972739868961503,0.9994784292437763,1.0006048330992314,1.0017092547089783,ID
2023-04-24,3.92489020862496,-12.81734865729452,4.026403777011226,0.999472871318823,0.999635623276926,0.9995722071002954,ID
2023-04-25,4.385507254383841,-12.462279259246431,4.191077498343641,0.999987396204953,1.0003951726355877,1.0003236168215766,ID
2023-04-26,4.658069123366964,-12.293503714135898,4.153529371409904,0.9993810405919654,1.001351598593421,1.001010689808729,ID
2023-04-27,4.73395718025728,-13.24273272106744,4.619966930545087,0.9996955227995981,0.9994540259557826,0.9996959231178136,ID
2023-04-28,4.693757425661594,-11.618783575214678,4.014077109178203,0.9996615391121937,0.9993038048118659,0.9995154724360739,ID
2023-04-29,4.112816366687749,-13.441271385526724,4.88870864425668,1.0001359167094352,1.0001556430136604,1.0002455819962683,ID
2023-04-30,4.631833563519336,-12.04749747241124,4.159361410278538,0.9993406534788916,0.9997068396971586,0.9992811360445927,ID
2023-05-01,4.5992815922196115,-11.767219575542624,4.303251058275117,0.9999077561842764,1.0005902182010515,1.0002828868475757,ID
2023-05-02,4.606391277898051,-11.451323374250752,4.3642094580398885,0.9999968180298525,0.9996348182495703,0.9996871024860202,ID
2023-05-03,4.432008468878131,-11.129430744992714,4.420740221742786,0.9993991825348182,0.9996586479620133,0.9996548256944601,ID
2023-05-04,4.405488715557957,-10.915516371122969,4.4252568785663104,0.9994261303278409,0.9993733671424737,0.9994940960206017,ID
2023-05-05,4.717779496029801,-10.93255775118058,4.414626325120802,0.9996396240649487,0.9996682120981448,0.9996994903835312,ID
2023-05-06,4.246322456243508,-10.534868490153343,4.421112278735153,0.9998614664942145,0.9995411666804241,0.9993552780739022,ID
2023-05-07,4.2906008595888485,-10.505138255134007,4.435290888882202,0.9997495715859386,0.9995160293553886,0.9993543529525558,ID
2023-05-08,4.417983637335226,-10.73431657392932,4.598762831543178,0.9996716652685275,1.000508510947218,1.0002019875039756,ID
2023-05-09,4.634421900489455,-10.122111099475799,4.350001156047283,0.9998658067606436,0.9997320224414256,0.9998503305251166,ID
2023-05-10,4.1528635627842725,-10.083480472138524,4.743555452726751,0.9994627963078295,0.9995502358266373,0.9998839088304794,ID
2023-05-11,4.313966662594032,-9.443364959856233,4.531410740649946,0.9991823985437567,0.9991798102464404,0.9993957033305181,ID
2023-05-12,4.1789491749583885,-9.420839695063316,4.833386955346058,0.9992679709909582,0.9995068516618416,0.9994919724141422,ID
2023-05-13,3.5794854724919514,-8.945981438368003,4.800945510414685,0.9993318705272671,1.0001416749028036,1.0001350595948915,ID
2023-05-14,3.7327593697418,-8.90163895320246,4.8944142940183415,1.0004564619429943,1.0015488832956438,1.000073561063672,ID
2023-05-15,4.0174028235648915,-9.133715687016396,4.964891262769701,1.0004622076762149,1.0005181678493544,1.0002766595582582,ID
2023-05-16,3.8219195487951594,-8.824373065425501,4.846348317258878,0.9995490571999022,1.0001593053966942,1.0004467521599554,ID
2023-05-17,3.4831274454939343,-8.227272131220614,4.4557727087586105,0.9995466409507268,0.9997344293055719,0.9996096747386977,ID
2023-05-18,2.8152817674868857,-8.046743817308263,4.640707562990528,0.9996002775373126,0.999787744877795,1.0000310061947302,ID
2023-05-19,3.6115137220122393,-8.453307441613672,4.724644031634016,0.9992303032711615,0.9993433043006513,0.9995197054071978,ID
2023-05-20,3.6072894076540396,-8.806802586220458,4.983269358334515,0.9996889402463495,0.9996749419540065,0.9997932228668122,ID
2023-05-21,4.325847178116724,-9.973705684507351,4.590298325044938,1.0001082326042685,1.000196809776406,1.0004666910820594,ID
2023-05-22,3.6332435324262504,-9.019420812724311,4.79075615518995,0.9992583894800968,0.9993347298036992,0.9993503183896478,ID
2023-05-23,4.522024074107047,-10.929372519728592,4.887658224110167,0.9993656424904916,1.0003168348492852,0.9996066395058983,ID
2023-05-24,3.5915376121576132,-9.01437831912521,4.661217347319637,0.9995032406174308,0.9997259757635405,0.9997131889765718,ID
2023-05-25,4.45278503880691,-9.980656031616634,4.738410620571418,0.9996153103337287,0.9998018840588538,0.9998047550203516,ID
2023-05-26,3.2282061705749934,-9.723456409891698,4.498880538522478,0.9994301040089268,0.9999979430365016,1.0002165947687238,ID
2023-05-27,4.426833318629911,-10.888505706640643,4.88227657865019,1.0011272033493508,1.0023478371968515,1.0029015224241673,ID
2023-05-28,4.44627010113754,-11.174630419532289,4.743706619630448,1.0001271425662104,1.0000778188723154,1.0003539399426726,ID
2023-05-29,4.953542603763297,-11.228889782850885,4.524466111683299,0.999646026930676,1.0001974878147062,1.001293604230886,ID
2023-05-30,5.281984929412078,-11.415353369116147,4.489909625531824,0.9994867478305092,0.9996619607946489,0.9995042003892214,ID
2023-05-31,5.04274741720795,-11.013950716633609,4.3354553277976935,0.999865666028993,0.9996875123984893,0.9993074515285112,ID
2023-06-01,4.506653993444261,-10.759915268045779,4.6369777813859505,0.9992474475775448,0.9993948499183707,0.999409871675917,ID
2023-06-02,4.730879158398604,-10.219841743778897,4.512105650981073,0.9997378705586878,0.999782240646443,1.0001390138095245,ID
2023-06-03,4.261066747357581,-10.390992350286252,4.814396671679649,0.9994883937313696,0.9998132344608147,0.9995341170288267,ID
2023-06-04,3.429694114357196,-10.268790929378854,5.229240909667735,1.000046536835998,0.9995554923477022,0.9996637493472121,ID
2023-06-05,4.2312175238831635,-9.520984641144661,4.9110564065652325,0.9994076074060575,0.9998910936328111,1.00017444111991,ID
2023-06-06,4.093988041490698,-9.047822759338215,4.857703442885232,0.9998256519674904,0.9996358653650305,0.9998784791282443,ID
2023-06-07,3.8693814888717277,-8.921742727001545,4.865568600794618,1.0000949801683516,1.0001263230863011,1.0004353885348942,ID
2023-06-08,3.742812788177437,-8.720981938138454,4.9410131286542525,0.9994793045970416,0.999679721594292,0.9999571257503644,ID
2023-06-09,3.4292018011454415,-9.495720158355805,5.551985417715609,1.0002489587017138,1.0001349959506016,1.0007345642943792,ID
2023-06-10,2.9862291611307787,-8.481614632221191,5.485231215136449,0.9997201005021621,1.0000300311209487,1.0003636930986053,ID
2023-06-11,3.276363819546452,-7.831531468495573,5.264247865401661,0.9995520238076038,0.999618752135479,0.9996622281021688,ID
2023-06-12,2.4364204621859953,-7.063049764864355,5.214663924129572,0.9991217245238638,0.999247529050058,0.9993381064119361,ID
2023-06-13,2.813029615400573,-7.053052502737656,5.262455382259813,0.99960719080896,1.000023859136676,1.001253103538816,ID
2023-06-14,2.553802451083656,-6.723019839986103,5.220023916010706,0.999597390330702,1.0010945734786572,1.0017971544898727,ID
2023-06-15,1.7140294619228655,-7.458346473865816,5.477879636762497,0.9993198614810157,1.00009710370687,1.0003984119383553,ID
2023-06-16,3.056103883497101,-8.194869889689734,4.9503997360590635,0.9991587012726209,0.9997600945688907,0.999839116188531,ID
2023-06-17,3.675862168887605,-9.290094631769906,4.462284939720196,1.0000058537470509,1.0002605780279954,1.0006596598338915,ID
2023-06-18,5.0112764035728015,-11.852532387627082,4.150279485831621,0.9997848130082331,1.0002902209085551,1.0005556818250305,ID
2023-06-19,4.9358817042418925,-13.19230771627438,3.8160631893751287,0.9993670662803779,1.0005601449098092,1.0002290934063338,ID
2023-06-20,5.07492246507033,-10.569580434736924,1.7283226126842557,0.9992650605906757,0.9993522814266181,0.999948528698838,ID
2023-06-21,3.3474791150418546,-12.985946995524852,2.9060903015659036,0.9992668725715823,0.9998597319765864,1.000200792863855,ID
2023-06-22,3.564476050964382,-14.572234472945539,2.84602617724516,0.9997959258531728,0.9996214980558317,0.9994682469637677,ID
2023-06-23,8.401893923867808,-17.367276845266666,2.5128514902971055,0.9991690635564222,0.9997027426140042,0.9996724640102286,ID
2023-06-24,9.2851603519375,-18.25266843753223,2.2976834917339963,0.9994308706302394,0.9994989276231686,0.999269396244909,ID
2023-06-25,10.011362992533027,-19.056997376162347,1.9866644903499076,0.9999167419462348,0.9995486364637365,0.9996370494738224,ID
2023-06-26,11.48028737232825,-18.74403313077802,1.4240251220902778,0.9993402447134825,1.0006910140912397,1.0004239492379188,ID
2023-06-27,11.344611583764218,-16.397798100640443,0.8668622975584681,0.9996681504413856,0.99993507233064,0.9995949274277511,ID
2023-06-28,10.925546318612662,-14.032262492978088,0.5851213209425669,1.000190162098147,0.9992082511842253,0.9993217406085435,ID
2023-06-29,11.875865012979524,-13.9657003955484,0.42798786640812436,0.9993202315106978,1.0001473487912236,1.0000725326327606,ID
2023-06-30,12.327323491625558,-14.467983838788511,0.3981374851240309,0.9992582887513438,0.9997845565045052,0.9999461566554956,ID
2023-07-01,12.153190615774772,-14.712300417297294,0.46829713022726804,1.0000475443375778,0.9994710110214148,0.9998969995104439,ID
2023-07-02,12.633447384264223,-15.151021802593739,0.4318060752927098,0.9999391630543893,0.9994977046494776,0.9997266331940251,ID
2023-07-03,12.63824694067382,-15.274018420656674,0.4541283520313321,0.9993504939248921,0.9995022542879983,0.999979998940173,ID
2023-07-04,12.344376019703384,-15.640738556874227,0.5358711508746071,0.9995875308806715,0.9996912220996712,0.9998719695577414,ID
2023-07-05,13.266792376922195,-16.767943920140485,0.6362470952544327,0.999668054189727,0.99917531699339,0.9992289298200412,ID
2023-07-06,12.699850982357377,-17.94270911336389,0.8956346349173124,0.9993205134590281,1.0000060239837285,1.0009722472070695,ID
2023-07-07,12.098968294942598,-20.871150455807303,1.4165869730356357,0.9993659871738536,0.9995952153481185,0.9997784129004262,ID
2023-07-08,11.850774069416017,-22.239340348953736,1.882682005877185,0.9993994685549951,0.9997933963226452,0.9992108215754641,ID
2023-07-09,10.887618305051282,-18.166178938163903,1.3862820151095283,0.9996187143994629,1.0000091724212679,1.000124283939557,ID
2023-07-10,5.904039152820922,-13.82295629427228,1.4463940920199103,0.9993798862865925,0.9997420635601358,0.9992668077290525,ID
2023-07-11,11.13814172086976,-20.116300399549345,1.8830945263096148,0.9992703651261652,0.9996081613025044,0.9993971378098708,ID
2023-07-12,11.039076254180467,-20.993169923200913,2.3057586805489714,0.9994667410566368,0.9993874881927755,0.9995377452648798,ID
2023-07-13,11.169448830547353,-22.157271172402517,2.6911890262080207,0.9993217549759555,0.9995307227601764,0.9995706863579396,ID
2023-07-14,7.770169065615178,-18.288450390757436,2.4674604280779957,0.9991118693750549,0.9994747830397999,0.9995661708413833,ID
2023-07-15,8.795238090155335,-19.637526542496207,2.6755932161465585,0.9991960516082381,0.9997441692001737,0.9994951415705885,ID
2023-07-16,7.404660804982764,-21.6294469543291,3.2910133935673955,1.000029184739599,0.9999201834651988,0.9994967844657068,ID
2023-07-17,10.29980912373904,-20.385844524657777,2.9053045005954714,0.9992422996328356,0.9996883321169061,1.0006361866708209,ID
2023-07-18,10.54866619221147,-20.181715311658895,2.909232056349876,0.9998789867440827,1.0004781882883442,1.0015022674933765,ID
2023-07-19,10.222590332102513,-19.809666329191103,2.972899141979089,0.9993771802043802,0.9994552204048456,0.999809750710915,ID
2023-07-20,9.515801177636094,-19.12940098031266,2.9503423532274082,0.9996792361102473,0.9997776038290269,1.0000252875759736,ID
2023-07-21,9.727804100490935,-19.594854100772288,3.1337997513834384,0.9993241606335332,0.9997196573260604,0.9996745139663671,ID
2023-07-22,8.726376395524792,-20.18904863188158,3.4089810597394195,0.9993171780220869,0.99960634927773,0.9997606184896671,ID
2023-07-23,4.920826633001306,-15.662063585101068,2.9643920504289034,0.9994793600618354,0.999789745544978,0.9998863966490954,ID
2023-07-24,8.863764838681902,-18.991631768928386,3.3905390488996034,0.9999023159265452,1.0003360324547153,1.0004521242557372,ID
2023-07-25,8.675157643993709,-18.143589467254902,3.2948050698311775,0.999806818354413,0.9994287439178664,0.9996169865664971,ID
2023-07-26,9.219682364827978,-19.14661272642329,3.4785339053720334,0.9993422648412923,0.9993440978213379,0.9995269133095698,ID
2023-07-27,9.401342002146984,-17.893942788085887,3.1742432808365035,0.9995889700119737,0.9998276188705435,0.9994869469501598,ID
2023-07-28,7.2243969807958495,-20.63363829721796,4.1508996208181435,0.9990720994777271,0.9993869420650761,0.9992768911326698,ID
2023-07-29,7.874816483512059,-21.033346642905045,4.179299371990423,0.9992398324068686,0.9996763066730027,0.9998129735642894,ID
2023-07-30,8.917666297231502,-19.694209891622997,3.77242025604973,0.9998210829379452,0.999560251981519,0.9994328484133923,ID
2023-07-31,8.38096882771721,-20.310938537276652,4.082715368852815,1.0004187950598478,0.999588394648175,0.999417475814867,ID
2023-08-01,8.811594827092096,-18.10925744739471,3.2353032147808682,0.9991556778994471,0.9996135766621947,0.9996665975365031,ID
2023-08-02,9.413237229206572,-19.377890777189418,3.5057301313084004,0.9999978706069651,1.0002952822159397,0.9997633832952583,ID
2023-08-03,11.830293300327352,-20.50017128503082,2.585429494458664,0.9995038921882019,0.9996282548424904,0.9996179914589581,ID
2023-08-04,7.40616073702228,-18.19028840372377,2.8751585651725247,0.9993764956286038,0.9991498112386664,0.9993793058044897,ID
2023-08-05,7.063363913312669,-17.220219611474366,2.390465459253785,0.9997800534453853,0.9997680391771266,1.0002591100476028,ID
2023-08-06,10.888805672079634,-20.393271653615294,2.277153378292439,0.999032670504135,0.9995084652324692,0.9995311467612686,ID
2023-08-07,10.664059242526802,-20.650165066550368,2.338045379049365,0.9999541686409805,0.9992094735608,0.999461695750995,ID
2023-08-08,10.88528093044064,-20.51056721052143,2.244612200637582,0.9996371322744303,1.0000946697258617,1.000045724588012,ID
2023-08-09,11.107268993227695,-20.721428105174603,2.2258543459802724,0.999699658454846,1.0001731615750544,0.9996754351472478,ID
2023-08-10,10.883380810355485,-20.628817607415684,2.300684609631441,0.9995883365270575,0.999781838070619,0.9998713193650559,ID
2023-08-11,10.439713872775185,-20.412331749071942,2.343911216498234,0.9994000330158844,0.9994925722753053,0.9996762226414938,ID
2023-08-12,11.482264148688799,-22.591880350953616,2.717278714715527,0.9995626563192874,0.9993049096309057,0.9993832972308603,ID
2023-08-13,10.737984893047924,-21.195004444212127,2.786585762409741,0.9999038374423089,0.9992574199310206,0.9992518460071721,ID
2023-08-14,9.72022007096687,-27.8295046776537,4.215138258810604,0.9995923316768645,0.9995507850545726,0.9993640615453598,ID
2023-08-15,5.706568040622919,-21.671866258266178,3.7416130687990057,0.9998291696416233,0.9998439296173731,0.9997980750717883,ID
2023-08-16,8.444518208738383,-21.325623188928027,3.5612762016632837,0.9997452070130214,1.0002678363128321,1.0002145941231666,ID
2023-08-17,4.700771192623168,-13.089214020112639,2.200771217503183,0.9999042429823416,1.0002387721109276,1.0002655926876607,ID
2023-08-18,9.695512919024145,-20.351227792315452,3.2403551644175494,0.9998807585776203,0.9999034877527762,0.9997886675793496,ID
2023-08-19,9.276053627506961,-20.36874272370901,3.306203872478875,1.000005847774173,1.000590097678031,1.0004373964561097,ID
2023-08-20,9.392984786983893,-19.358477943147854,3.068280293032803,0.9992188765256432,0.999532165853839,0.9995845638894378,ID
2023-08-21,9.967402870453782,-20.27226881805408,3.319619314709977,0.9999928236125404,0.9996758815461103,0.9997856766228205,ID
2023-08-22,9.751014587523173,-20.141750119135153,3.263150354193469,1.0001114240619853,1.0002133961201702,1.0002289475506922,ID
2023-08-23,10.222743056587152,-21.041728413927547,3.59198877957955,0.9996053605673165,1.0003293084598972,0.9998612855209955,ID
2023-08-24,9.223091136856606,-19.23450882700877,3.4577497022172494,1.0000420946442483,0.9996894676559637,0.9995569913497998,ID
2023-08-25,9.048815095527486,-19.927280467738935,3.7598099346183873,0.9994816037450865,0.9997637613073509,0.9997651146136073,ID
2023-08-26,8.520524092679493,-18.988657525761653,3.7740396236886293,0.9999324418698265,1.000325424467331,0.9998248685017569,ID
2023-08-27,8.32742900312666,-18.653620675022555,3.8922659013074887,1.000185217832113,0.9997613696242595,0.9998060312199247,ID
2023-08-28,7.926084915229978,-18.532640638917407,4.076594006730268,1.0003097867203936,1.000453965205725,1.0008730297309982,ID
2023-08-29,8.705339481002735,-18.70180591168463,3.817723144433759,0.9995721843637125,1.0001059630301663,1.0001779501721075,ID
2023-08-30,3.2799989072350995,-11.396035506785534,2.2060654901344297,0.999749079406584,0.9999134549938011,0.999871186660411,ID
2023-08-31,7.203027666518656,-15.960247083194584,3.1755054867392607,0.9997616057822524,1.0002757443249577,1.0000133017996884,ID
2023-09-01,6.535644801758395,-18.470207614556365,3.8229528456034036,0.9997629901730317,1.0001423929057398,0.9997156471719113,ID
2023-09-02,8.793390667915586,-20.145934906115336,3.447380342500573,0.9997848717806025,0.9999566169420996,0.9997032216254804,ID
2023-09-03,8.504685777453528,-18.329821672305155,2.551715243896744,0.9991273186170925,0.9998513059905694,1.0002329028785668,ID
2023-09-04,9.548271670327031,-19.718096945745366,2.367476479768016,0.9992485302609413,0.9994127880226428,0.9992795226028105,ID
2023-09-05,10.71728576963998,-20.354852312348765,2.14032499680725,1.000264844813923,1.0008791712673746,1.000082674716201,ID
2023-09-06,10.430688575329908,-19.417795768301417,1.7841101777747541,0.9993134812471627,0.9999507501762456,1.000024938344292,ID
2023-09-07,10.69129335944019,-18.984674916014278,1.6026643699457266,0.9991815347631657,0.9994345838215777,0.9992879915729207,ID
2023-09-08,10.215754719210528,-16.42541732336327,1.1685411754251689,0.999167988962489,1.00017472460054,0.9996397262121778,ID
2023-09-09,9.311263511229702,-17.561300383072567,1.4789198777627288,0.9993924431003466,0.9995922544964493,0.999391003502948,ID
2023-09-10,10.558779106290444,-19.495387328516085,1.7442879771573108,0.9996116994575214,0.9994864892084075,0.9996251246524457,ID
2023-09-11,9.399859596347364,-16.74625636641898,1.4065856568369728,0.9999407337923044,1.0007029406148313,1.0002349881613952,ID
2023-09-12,10.735224345544028,-23.133468684586788,2.3361854030091935,0.9996175765970071,0.9993663259020532,0.99933890043408935,ID
2023-09-13,10.2694327953823,-20.63908275172294,2.0835479042295955,0.9996042379052885,0.9992514766496798,0.9993008245329471,ID
2023-09-14,10.001481021931673,-19.71148258117262,2.0277923780048854,0.9996309344174723,1.0004853851224558,1.0011541496996996,ID
2023-09-15,10.045154424311308,-20.58521719725276,2.3211192117165025,1.0002278803360134,1.0007709604927015,1.0007753303679614,ID
2023-09-16,9.845583244748193,-21.402175009821036,2.668660890895185,0.9999205253152534,1.0004036797023363,1.0002861162041357,ID
2023-09-17,9.269789635947777,-19.418065513902558,2.386003707804829,0.9994748578942274,1.0002386913657662,1.0005281698910546,ID
2023-09-18,9.182308908571526,-18.72613331592565,2.574816071566068,0.9995334103486175,1.000413354908517,1.0000939043351182,ID
2023-09-19,10.331442211946772,-24.155809345806148,3.5006448586282715,0.9994259976639281,0.9994521978403177,0.9993860466026048,ID
2023-09-20,NA,NA,NA,NA,NA,NA,ID
2023-09-21,NA,NA,NA,NA,NA,NA,ID
2023-09-22,NA,NA,NA,NA,NA,NA,ID
2023-09-23,NA,NA,NA,NA,NA,NA,ID
2023-09-24,NA,NA,NA,NA,NA,NA,ID
2023-09-25,NA,NA,NA,NA,NA,NA,ID
2023-09-26,NA,NA,NA,NA,NA,NA,ID
2023-09-27,NA,NA,NA,NA,NA,NA,ID
2023-09-28,NA,NA,NA,NA,NA,NA,ID
2023-09-29,NA,NA,NA,NA,NA,NA,ID
2023-09-30,NA,NA,NA,NA,NA,NA,ID
2023-10-01,NA,NA,NA,NA,NA,NA,ID
2023-10-02,NA,NA,NA,NA,NA,NA,ID
2023-10-03,7.413393779554395,-16.715881400309655,3.9139174885350303,0.9992434680773099,0.9997149777106319,0.9999107180243595,ID
2023-10-04,7.166856195639272,-16.46389588242282,3.891508021095742,0.9999612997859497,1.00046553713698,1.000268189550063,ID
2023-10-05,6.739238450257335,-16.386871532467122,3.9758017680024538,0.9994138976475837,0.9994096680183329,0.9996629282084835,ID
2023-10-06,6.623621634119835,-16.01861547948658,3.923843946022214,1.0004565395086726,1.0010084624996867,1.0007920864677387,ID
2023-10-07,6.326087803305827,-15.464280276392332,4.1665422900453315,0.9994562077756823,1.0005506428400623,1.000042739072439,ID
2023-10-08,5.903963891593622,-14.265690801104142,4.2032024842681786,1.0013967195531372,1.0014025967304945,1.0008552459189015,ID
2023-10-09,5.619662048340993,-14.053443000783876,4.240655036568258,0.9998661589796184,0.9997934063542391,0.9998499065853963,ID
2023-10-10,5.508732153964447,-14.247820710452997,4.335847371734602,0.9997189365949666,0.9993957489448533,0.9994297775876629,ID
2023-10-11,NA,NA,NA,NA,NA,NA,ID
2023-10-12,3.884041749676021,-12.080259221111385,2.85263209230709,0.9994940718358978,0.9995888269329318,0.9998714765634585,ID
2023-10-13,5.982622584052453,-15.508116437927868,4.048174800563803,1.0000412394864657,1.0007021763477768,1.0007674649392677,ID
2023-10-14,5.216240014585599,-14.432974460687213,3.8124687769054195,0.9993535630323734,1.0006485007845092,1.000618168113807,ID
2023-10-15,5.589099538394074,-15.173992993242456,3.9195745336160295,0.9996791142366213,0.9996354869489946,0.9995260642718998,ID
2023-10-16,5.42902507877355,-15.03675477955952,3.980771296504589,1.000226521484931,0.9995792962971581,0.9995185765091172,ID
2023-10-17,5.570869192560372,-15.431207224686029,4.01530985390895,0.9996400801482098,0.9998439600059316,0.9992001517763905,ID
2023-10-18,5.453253312066751,-15.690101432431137,3.9655803504775493,0.9998840144147128,1.0010734610011296,1.000063298030233,ID
2023-10-19,5.504344374879985,-14.711673740160458,3.4252105481654995,0.9996974395250803,0.999502789263083,0.9997953646793213,ID
2023-10-20,5.326334434711078,-15.356323169488867,3.391462167773282,0.9992485891544772,0.999580172483067,0.9998447461540716,ID
2023-10-21,5.551367134914081,-15.42753504908264,3.5761911533575197,1.000238108741257,1.000347813814402,1.0000793988467838,ID
2023-10-22,6.305647511150581,-15.744117929911674,3.6361864954796284,0.999959580591081,1.0001168363410917,0.9997387344151447,ID
2023-10-23,5.588769890037445,-14.736464890591643,3.4902189853583367,0.9995757765382381,1.001258974089522,1.0004233904612707,ID
2023-10-24,5.125680583382014,-14.905469395375848,3.68601802089131,1.0001280835881408,0.9998288405593778,0.999598950270073,ID
2023-10-25,5.314085267287639,-15.28338432757772,3.8253476559239012,0.9992708150115456,0.9996542943083491,0.9997824400541944,ID
2023-10-26,5.380918110055838,-15.22872632554355,3.895172091546827,0.9993915655748244,0.999295739099716,0.9999112749565002,ID
2023-10-27,5.285869961919057,-14.689788920192695,3.8434088335586134,0.9993244874623524,0.9997093668641555,0.9996864854797719,ID
2023-10-28,4.981537920991849,-14.730674436170377,4.0142081305999815,1.000063319390358,1.0009020597209421,1.0002326748121488,ID
2023-10-29,5.293451089353097,-15.277456254752435,4.287674524254215,1.0001896195463154,1.0003833826106394,1.0005532153644772,ID
2023-10-30,4.963212485376094,-14.600070458678717,4.206009750324684,0.9991236270493272,0.9997545289638392,1.0006513170890483,ID
2023-10-31,4.865638042134987,-14.205203752240683,4.228804570683459,0.9996185197171341,0.9998176379449721,0.9997186024408915,ID
2023-11-01,4.532303579611126,-13.439466649288896,4.730542646445311,1.0011020784863995,1.0004674928109587,1.0003992845396843,ID
2023-11-02,4.146903320252583,-12.535111042929039,4.585402289699972,1.0002584550721851,1.0001870669899082,1.0015536798022728,ID
2023-11-03,4.3479323863448665,-12.87174331483462,4.669168457080293,0.9997560574626332,0.9994476132144476,0.9998620475074692,ID
2023-11-04,4.634950267547024,-12.827058131833194,4.791194966705247,0.9998131349397682,1.0006721082033339,1.0004819353922279,ID
2023-11-05,3.7549404168427984,-12.101795790924243,4.826652882135767,0.9992412899201862,0.9996479764201152,1.00000178935299,ID
2023-11-06,3.7584989688846226,-12.017563950361392,4.907820102760187,0.9996052222102338,0.9997678249659182,0.9998177385675724,ID
2023-11-07,3.734617333361973,-11.874692313617828,4.925406006809496,0.9996516702585245,0.9995143373327889,0.9996110504817268,ID
2023-11-08,3.6638518434718645,-11.700847425345891,4.958177165433447,0.9997704983006235,0.9997847824477629,1.0001422783477343,ID
2023-11-09,3.9112994799293186,-11.79365345452006,4.935389197358929,1.0005743921862442,1.0007110298117428,1.000249493747074,ID
2023-11-10,3.4685475932105154,-11.218595636445947,4.715689416418457,0.9997964377329551,1.0002127645626764,0.9999547139353504,ID
2023-11-11,3.591743141553568,-11.419416281197327,5.029572244794321,1.0005169214080905,1.0020313564257002,1.0033422938001584,ID
2023-11-12,2.6298670237207995,-10.150495765862237,4.81178674427749,0.9992343349435355,0.999836907825578,0.9997673243479198,ID
2023-11-13,2.868253500352093,-9.39992582502623,4.691031039554257,0.9997773913890243,1.0005897445344658,1.0007161337831465,ID
2023-11-14,2.1675372128721206,-10.614329184414546,5.087723192879742,0.9996748037801445,0.9995790983270992,0.9996969550133609,ID
2023-11-15,1.973224875427498,-10.15312196166873,4.787016299904415,0.9995143953968414,0.9992041036610724,0.9991467969953123,ID
2023-11-16,1.7532302828726285,-10.160507377096295,4.951634610143033,0.9994724284417387,0.999613003429882,0.9998135177838389,ID
2023-11-17,2.4224513102094307,-9.546286478816455,4.721992530062745,0.9998866484918476,0.9999866213396834,1.0007015298763227,ID
2023-11-18,2.7438371801432258,-9.646521246337578,5.069698295096017,0.9993408623491195,1.0001156187529279,0.9998502636626204,ID
2023-11-19,2.4804560187528284,-9.268039952055206,5.160248902798392,0.999328228458014,0.9993130291878037,0.999346498145335,ID
2023-11-20,2.6256402351828525,-9.235403540971625,5.197301780524583,0.9996293159353014,0.9996617172235619,1.0002355373297531,ID
2023-11-21,2.730526992170891,-9.265267499569397,5.007351211754004,0.9994011416748237,1.000336464628738,1.0005364931338185,ID
2023-11-22,1.885105847483359,-8.375134300877455,4.840316693955338,0.9997306554955943,0.9994980096435303,0.9994672923953059,ID
2023-11-23,2.4904093998875974,-8.413272042733386,5.174332586444838,0.9994800873640323,0.9994816391602206,0.9995327530269212,ID
2023-11-24,2.3529022011751,-7.9757973667211255,4.800889005167125,1.0001644854033056,1.0004087990542176,1.000269582682485,ID
2023-11-25,2.4328473930089425,-8.347893731269922,5.110894825687558,1.0004419576386303,0.9998702286317871,1.0005457077313853,ID
2023-11-26,0.8092652198897365,-8.878214029125745,5.102957955159955,0.9993348855317296,0.9993582026924528,0.9994336662096176,ID
2023-11-27,2.5968115627530577,-8.599788484913631,5.101277664174583,0.9993644091172017,0.9997283846811118,0.9995600382003952,ID
2023-11-28,2.5439442296959665,-8.275360255475338,5.221833825754448,1.0003866155540835,1.0006448634590612,1.000574057461538,ID
2023-11-29,2.2987160403252385,-8.231548858178945,5.240267709967333,0.9993610174953854,0.9996511956226427,1.0007617814038354,ID
2023-11-30,2.9083491589271135,-9.19758351473677,5.1864853473096835,0.9994967317576802,1.000097630034233,1.0007689398170747,ID
2023-12-01,3.0454689164897406,-9.680501018440006,4.77701636757784,0.9995546734595196,0.9991983105022008,0.999124873377028,ID
2023-12-02,1.8134047698839848,-9.936674269343579,4.703988045905624,0.99952349324,0.9994235754601577,0.9995495607313406,ID
2023-12-03,1.983395651141027,-10.461525099087293,4.6044676650175695,0.999468742142516,0.9992689598114274,0.9993660509439364,ID
2023-12-04,3.2809727094358707,-10.433673838034307,4.191309075187968,0.999924272399566,1.0004726897899476,1.0011215499924537,ID
2023-12-05,3.856338204360216,-11.89269133316824,4.265000606233267,1.0001849395291393,1.00151052552437,1.0019201567708087,ID
2023-12-06,3.803677150547677,-12.887852958797042,4.130271081085434,0.9996410119257426,1.0002993788100547,1.0008738010035347,ID
2023-12-07,4.196356078303977,-13.841716328694412,3.8305733252813536,0.9994646340102847,0.9996463283100422,1.0000103235665365,ID
2023-12-08,4.747033150815812,-15.884386349466265,3.8560994917251734,0.999408094390151,0.9994468071353749,0.9997306027870749,ID
2023-12-09,4.840370192365377,-15.226872271330334,3.4464055501861828,0.9990856108834953,0.9996015520843818,0.999737981825621,ID
2023-12-10,4.026509000138615,-17.089998570690323,3.8181835849828665,1.0002716113216061,1.0004349493529188,1.0001549860145071,ID
2023-12-11,4.702797076281391,-15.21924095834129,3.8123084947192294,0.999277355542385,0.9998338012193992,0.9996580559824133,ID
2023-12-12,4.8740720180119785,-14.710750449165245,3.505185133714429,0.9996413812474352,0.9998088441843569,0.9995850376685563,ID
2023-12-13,5.280018128745807,-14.577651496517731,3.2259743601203064,0.9995215174328479,1.0004453910144306,1.0001742465629382,ID
2023-12-14,NA,NA,NA,NA,NA,NA,ID
2023-12-15,NA,NA,NA,NA,NA,NA,ID
2023-12-16,NA,NA,NA,NA,NA,NA,ID
2023-12-17,NA,NA,NA,NA,NA,NA,ID
2023-12-18,NA,NA,NA,NA,NA,NA,ID
2023-12-19,NA,NA,NA,NA,NA,NA,ID
2023-12-20,NA,NA,NA,NA,NA,NA,ID
2023-12-21,NA,NA,NA,NA,NA,NA,ID
2023-12-22,NA,NA,NA,NA,NA,NA,ID
2023-12-23,NA,NA,NA,NA,NA,NA,ID
2023-12-24,NA,NA,NA,NA,NA,NA,ID
2023-12-25,NA,NA,NA,NA,NA,NA,ID
2023-12-26,NA,NA,NA,NA,NA,NA,ID
2023-12-27,NA,NA,NA,NA,NA,NA,ID
2023-12-28,NA,NA,NA,NA,NA,NA,ID
2023-12-29,NA,NA,NA,NA,NA,NA,ID
2023-12-30,NA,NA,NA,NA,NA,NA,ID
2023-12-31,NA,NA,NA,NA,NA,NA,ID
2024-01-01,NA,NA,NA,NA,NA,NA,ID
2024-01-02,NA,NA,NA,NA,NA,NA,ID
2024-01-03,NA,NA,NA,NA,NA,NA,ID
2024-01-04,NA,NA,NA,NA,NA,NA,ID
2024-01-05,NA,NA,NA,NA,NA,NA,ID
2024-01-06,NA,NA,NA,NA,NA,NA,ID
2024-01-07,NA,NA,NA,NA,NA,NA,ID
2024-01-08,NA,NA,NA,NA,NA,NA,ID
2024-01-09,NA,NA,NA,NA,NA,NA,ID
2024-01-10,NA,NA,NA,NA,NA,NA,ID
2024-01-11,NA,NA,NA,NA,NA,NA,ID
2024-01-12,2.522343339713453,-11.713447763207796,0.713774296721016,0.999060629764388,1.0004874374758845,1.0005280966514838,ID
2024-01-13,7.045081911773445,-2.4279984924219797,0.11615552162111985,0.9997695565322267,0.9994642934941425,0.999338545024461,ID
2024-01-14,5.328560203966368,-5.479164477414752,0.1887077344399394,0.9994776595828795,0.9997732547208464,0.9998401677628828,ID
2024-01-15,4.291449830118175,-6.723812224065194,0.29375146629637255,0.9993510427633727,0.9996666206911337,1.0000129375225586,ID
2024-01-16,0,-24.990494131019908,2.2004612083401853,0.9994861187943519,0.999552294476296,0.9998305960229622,ID
2024-01-17,5.955310217277303,-3,0.17263585242353463,0.9995538400262437,0.9996330276473592,0.9997737692776483,ID
2024-01-18,0,-19.8638136619063,3.0234795992315195,0.9995628677280478,1.0001924946268756,0.9998407476506871,ID
2024-01-19,2.637201114716168,-1.9276000540771752,0.2554208751198945,0.9995025798612337,0.999166566397287,0.99941590155159,ID
2024-01-20,2.791201959780578,-3.5479626070966312,0.30061383051093843,0.9997304096149724,0.9999225375570472,1.0001659026398013,ID
2024-01-21,4.268733606239325,-2.7514328884448838,0.17582968975397997,0.9992400130178298,1.0003156132369826,0.9996800430710437,ID
2024-01-22,3.40274240446993,-5.273383666547968,0.4529865093922105,0.9996420664530482,0.9994792738694119,0.9996732046852144,ID
2024-01-23,0,-33.038327639954005,3.587547056926642,0.9991676239593525,0.999554311545531,0.9993429523256111,ID
2024-01-24,4.6441572014508505,-2.257962472218165,0.13263851946990987,0.9999556537894074,0.9994737046261519,0.9995267729633596,ID
2024-01-25,6.549877927511666,-7.562900430809378,0.090846926741348,0.9999528653596097,1.0000338311888985,0.9992753673132434,ID
2024-01-26,2.741675380504021,-3.183744220521196,0.1721338351616045,0.9998740417417992,0.9996366678215114,1.0004922793907658,ID
2024-01-27,7.550587962663722,-6.295149311606793,0.07371251654845681,0.9998109633236608,0.9995359136367422,0.9995474899774168,ID
2024-01-28,9.426623189513322,-6.624193162358066,0.04862821252433259,0.9999125919141513,1.000590569992074,0.9994292575886375,ID
2024-01-29,18.79190407021018,-29.304120663827717,0.01806531865224822,0.9997158850271842,0.999494381696492,0.9998296586447789,ID
2024-01-30,1.209864199807496,-9.880564174806237,3.616927992137534,0.999499464831993,0.999403941697554,0.9995456401635231,ID
2024-01-31,13.677668758268227,-12.782648473348335,0.053479503216825715,0.9992192187421831,0.9991963247802642,0.9998069164823565,ID
2024-02-01,15.371300918693073,-14.174305195024475,0.05489761101512341,0.999333514838339,0.9994946022766896,0.9991160242688195,ID
2024-02-02,17.32382260641701,-17.285601081352986,0.05161964900929375,0.9994869223985033,0.9993416730416362,0.9999288899603902,ID
2024-02-03,17.19477651093483,-16.67566972416708,0.06787552489106961,0.9991341675897025,0.99937135285245,0.9995372724217337,ID
2024-02-04,10.356813916584445,-11.04791399968337,0.09601462335122214,0.9994713061041455,0.999454871453723,0.9994653947201332,ID
2024-02-05,12.722175614058065,-13.3096961053189,0.2096665158731367,0.999137454252437,0.9991933086791435,0.9993030809206109,ID
2024-02-06,16.913856124439977,-17.166105555243973,0.14830565057002285,0.9991554104803174,0.999533410203889,0.9998635519584563,ID
2024-02-07,16.949431685686797,-17.655915029305557,0.22308625125835632,0.9994333026253975,0.9994442315411204,0.9997902370063029,ID
2024-02-08,18.001967312684805,-20.104820891000102,0.20781172200162817,0.9997949287602957,1.0000047703498909,0.9997633925405757,ID
2024-02-09,17.717247119743718,-18.740633068938845,0.22862707395959497,0.999281670783964,0.999538537797672,0.9998265618368869,ID
2024-02-10,15.364179352469563,-16.00598199492412,0.1256806209479021,0.999871753491862,0.999576050620339,0.9992110149147988,ID
2024-02-11,17.804712617825928,-19.430898265572576,0.2214987458953218,0.9995700064280773,0.9994192336718623,0.9997722776381418,ID
2024-02-12,12.61761791011744,-15.829403624517605,0.3206341682269045,0.9991469895308986,0.9992267691819389,0.9996885606719841,ID
2024-02-13,17.58442491190658,-18.044113587272356,0.4611729151150045,0.9993005057372508,0.999600542936537,0.9995388934997586,ID
2024-02-14,16.284417253610986,-18.94228083350198,0.46325009108477794,0.9994833713237259,0.9995025826663398,0.9998214686044539,ID
2024-02-15,15.09880589429393,-17.189702313969125,0.270728063066126,0.9993760673769148,0.9995932353941441,1.0005554703319657,ID
2024-02-16,13.224654668450091,-16.23304752097321,0.39407493218704387,0.9994438370636249,0.9996272441416915,0.9994392945984152,ID
2024-02-17,9.059898793927225,-12.043653920220137,0.4178263364579833,0.9996484193032961,1.0000556116604422,1.0001063415629332,ID
2024-02-18,5.898303346086903,-10.575923863786684,0.7339353763621348,0.9992297510783811,0.9996074329236477,0.9996848759924597,ID
2024-02-19,15.035249067067358,-19.19172986714982,0.8289155742478571,0.9997726291464287,1.001183284771218,1.0017765022758036,ID
2024-02-20,14.970546045655219,-19.01417933600374,0.7918459422610912,0.9992988227643862,0.9994820894375451,0.9995495648888424,ID
2024-02-21,15.69720646556055,-18.326425456106026,0.5305553067055582,0.9994203729916209,1.000314661003121,1.000257993533476,ID
2024-02-22,16.881039641428224,-18.528058971129425,0.3541822889904593,0.9992628273187889,0.9992275079723173,0.9995040935432196,ID
2024-02-23,12.954717059037378,-13.862434219543953,0.14154538601313346,0.999281511897626,0.9998852485936981,1.0006356968112764,ID
2024-02-24,17.645535395232315,-17.179503333291272,0.16382911310738837,0.999593677133338,0.999533275971184,0.9995341384225409,ID
2024-02-25,18.004845226323003,-17.976054578099312,0.14995044035990743,0.999309004115416,1.0001829001576763,1.0019304296389009,ID
2024-02-26,18.11504542052869,-18.757589085434514,0.1884768511201017,0.9992024223917628,0.9992939548113619,0.9998263612062461,ID
2024-02-27,18.530958477110406,-18.88292705237175,0.14369892263231687,0.9994766867371873,0.9993030715253589,1.0002316309172143,ID
2024-02-28,19.152744158560054,-19.618366761320114,0.10745439868034262,0.9992208909383855,0.9992906172764442,0.9996196028069696,ID
2024-02-29,19.402617290328802,-19.389557197237444,0.15782604292145952,0.9998651491726606,1.0002167262419575,0.9994154168718775,ID
2024-03-01,16.87871580927104,-18.997936289465567,0.20785766799294744,0.9994515962864813,0.9994702246212681,1.000450583552789,ID
2024-03-02,14.848201583604546,-18.314429665795966,0.486821309962989,0.9994033069744407,1.0009567009272138,1.0001840942228621,ID
2024-03-03,18.863817049930308,-25.48327641298151,1.1540260308047847,0.9991627543350383,1.000319263549361,1.0005401623381611,ID
2024-03-04,18.877055385779588,-23.828935249133504,1.0057562869949501,0.9993798714817331,0.9993309899915834,0.9993352788988392,ID
2024-03-05,10.136565613670204,-18.69929553729579,1.0889447285850036,0.9993690065342753,1.0001931208542865,1.0002429481487007,ID
2024-03-06,17.049983431803664,-21.27256863692677,0.7700659825044336,0.9992635266983652,0.9993503068702849,0.9993762584247647,ID
2024-03-07,17.234556117946017,-24.502799346704645,1.3939428311503366,1.0001022619878313,1.0001015352774782,0.9996896354609146,ID
2024-03-08,16.87226275931461,-23.871248233477747,1.2114314406654114,0.9999436581712882,0.9998222220671242,0.9998429567996212,ID
2024-03-09,13.940608450636152,-20.28253902538396,0.915994625990818,0.999521575619335,1.00130479649302,1.0007948569192113,ID
2024-03-10,17.596614419984334,-23.089676352305343,1.3301238545139924,0.999147112008683,0.9998574814207044,0.9996220462281765,ID
2024-03-11,17.638294956520713,-23.08582289792592,1.2207522588247048,0.999540353683505,0.9998320516489737,0.9992850195645674,ID
2024-03-12,16.913873609633818,-23.21108668724092,1.0726570295923326,0.9993754434594827,0.9997740065602951,0.9997064792326081,ID
2024-03-13,16.1463640764701,-19.719812033300904,0.7521607333607448,0.9996791199782651,1.0005695743957848,0.9995282550490392,ID
2024-03-14,17.419194631063192,-19.048628638697274,0.34156109345805347,0.9993484266161111,1.0004721920746937,1.0002805914001753,ID
2024-03-15,17.44362533094081,-17.858049717447354,0.18136768500311834,0.9997760626353478,0.9998139128233404,0.9995675780194243,ID
2024-03-16,14.937531389011848,-14.627248237929368,0.0901427850022075,0.9992892994408351,0.9992384836965995,0.9999630406983326,ID
2024-03-17,16.284216689705268,-16.286266462395307,0.10170863597584186,0.9994398992801519,0.9995721683152183,0.9991832801615612,ID
2024-03-18,10.679548496693831,-10.004852119331577,0.09323461518425881,0.999554910377932,0.9996360422948861,0.9995782745690677,ID
2024-03-19,14.655882710277309,-14.420654231243908,0.2697462846096285,0.999238202140177,1.000210544255728,1.0005904827632899,ID
2024-03-20,14.759953252521123,-15.408314722255906,0.19615947512873713,0.9995867310333001,0.9997140228263522,0.9994699152470398,ID
2024-03-21,15.218519654657328,-15.778551284090714,0.16738083969005235,0.9997257884280931,0.9992693222832172,1.0001005420337905,ID
2024-03-22,3.205850857647136,-11.30995118793029,0.5794280992206251,0.9994215411324733,0.9993369517734003,0.999734298114148,ID
2024-03-23,12.228912868090026,-12.718342903500414,0.2651098275295098,0.9995057605905524,0.9994382624255473,0.9994287788177102,ID
2024-03-24,13.99039172120428,-13.561601940429298,0.17796963439312063,1.0000661490370761,0.999757085620189,0.9995005486916041,ID
2024-03-25,13.590556149688977,-14.730894866002917,0.1837906176098749,1.0000717957219347,1.0002101405431982,0.9996187105891239,ID
2024-03-26,12.959981687861314,-14.40979725837651,0.1651382236719607,1.0001288301345055,0.999726272827555,0.9996607504820991,ID
2024-03-27,1.4989851033719315,-11.80815870168396,0.7910814586466189,0.9993603282071618,0.9996433300574311,0.9997588708640105,ID
2024-03-28,11.718059063566153,-10.977650913929768,0.21819049779941865,0.9995184982373159,0.9994046377908358,1.0000982326165133,ID
2024-03-29,13.027334607335444,-13.704615330147128,0.27032541510337915,0.999426424880247,0.9991943038882719,0.9999569968298078,ID
2024-03-30,12.199053946823557,-12.73641514655339,0.25911120450820896,0.9994404037939297,0.9995233566744687,0.9999451283037207,ID
2024-03-31,11.51405138619234,-10.87198029103272,0.16542914482621426,0.9995936574929614,0.999770025358238,0.9994822817870602,ID
2024-04-01,9.578100195092246,-9.559471521736226,0.12287435071720822,0.9994650876943253,0.9995496078736203,0.9996307033326082,ID
2024-04-02,7.480939925938457,-9.032742781409956,0.18925476887492843,0.999671145426138,0.9995994585151026,0.9997903352061738,ID
2024-04-03,0,-21.22090839671402,1.3550450396527662,0.9994726649711483,0.9997612661650175,0.9998989947944289,ID
2024-04-04,8.04411589475434,-6.052291883589919,0.329042946518535,0.9993822757234117,1.0001542839068478,0.9999488645605905,ID
2024-04-05,5.396283525328692,-9.878173679712907,0.48559688598768047,0.9991410543168785,0.9994342607988114,1.0000095396543085,ID
2024-04-06,3.2809323013010796,-10.990522167030155,0.8820949161398172,0.9993317490290641,0.9996807957485178,0.9997216362098243,ID
2024-04-07,4.049585060806679,-12.913503216697217,1.0037200855965527,0.9993175976022074,1.000362437242431,1.000779062185907,ID
2024-04-08,3.296934325771496,-14.937993629092302,1.227519723482147,0.9993970800267719,0.9998518471861145,0.9996038434672416,ID
2024-04-09,2.9048101048446084,-10.956611080949681,0.7592814938366007,0.9993057128305463,0.9999813899289898,0.999725639857805,ID
2024-04-10,3.1871633994043895,-15.356673223240001,1.081876369952165,0.9992759171071941,1.0005264432128425,1.0003861544800037,ID
2024-04-11,3.084692163282893,-11.750127792094547,0.6543251577957946,0.999805366738379,0.9995714380375258,0.9999435418075443,ID
2024-04-12,4.561704100720095,-12.032232602287392,0.8466205666450416,0.9993543649951713,0.999578402571954,0.9996122992655972,ID
2024-04-13,5.380641881363016,-14.244426114858275,0.8002311560573678,0.9994582286565104,1.0001196757366864,1.0002465701198648,ID
2024-04-14,11.919022276711786,-16.653020782956048,0.29960894723195775,0.9994707402271757,1.0001664225115483,1.0009209820412641,ID
2024-04-15,9.35611312805093,-11.506275880793794,0.16793960480869805,0.999129500024431,0.9992005877480455,0.9990649163693502,ID
2024-04-16,7.7800280643100965,-8.841338131817698,0.1376759413042515,0.9992882546579853,0.9996135061201629,0.9999157038775611,ID
2024-04-17,11.14527663158605,-13.464508052083598,0.1387660613102126,0.9994641954221699,0.9991888829701951,0.9994553025738416,ID
2024-04-18,9.428158327075371,-14.469836422062798,0.16694543550181773,0.9995578674089869,0.9997856153936127,0.99960343320234335,ID
2024-04-19,10.4062575697958,-14.274087740505523,0.14937382134235938,0.9993307585626399,0.9998351650927556,0.9998794485558126,ID
2024-04-20,6.418009835269459,-12.53351565952243,0.21764384715996213,0.9993924607317796,0.9996655718522318,0.999590400630695,ID
2024-04-21,9.970357627165562,-17.979466593043796,0.11176382526093102,0.9992391892766166,0.9997771223802171,1.000029498500757,ID
2024-04-22,10.357818705836909,-15.322536909446983,0.3286482817178365,0.9998569698260167,1.0001992002225815,1.0008393666364213,ID
2024-04-23,5.929820333375101,-11.891749653024206,0.5274040988016168,0.9992284004665699,0.9998043581501241,0.9999578146449873,ID
2024-04-24,4.541204653368842,-9.276915090310068,0.30767472533568907,0.9995970591103999,0.99980575652994,1.0002552866719387,ID
2024-04-25,4.676654916135311,-10.097324416367204,0.2856892432400434,0.9993929634834315,0.9994913213330865,0.999383265849604,ID
2024-04-26,7.544785649315643,-14.937826830843663,0.3243430604545648,0.9995447635717686,0.9993494061796067,0.9994038590649286,ID
2024-04-27,2.7528849957853136,-12.455367282880541,0.5077267722997771,0.9995983036035543,1.00011022443609,1.0003994649813721,ID
2024-04-28,2.0497660830684574,-11.344651023812528,0.5972694023135385,0.999584581231252,1.0001525585329276,1.000410786735649,ID
2024-04-29,3.1182766334222483,-11.420705854278527,0.5849612131802249,0.9992204244688351,1.0001106489562333,1.0000218203200582,ID
2024-04-30,5.537742795433556,-12.10352716825509,0.37976450563999814,0.999551292714195,0.9997306506483769,0.9998645240965506,ID
2024-05-01,9.379325922007252,-15.88606957839888,0.40332094952693615,1.000377860442643,1.0002300554699848,1.0009879568444793,ID
2024-05-02,7.958346693186815,-20.571898925015603,0.7844657050600227,0.999590557422381,0.9999506627703273,0.9999626194046594,ID
2024-05-03,6.824195305365453,-13.90510527600132,0.6309624885238803,1.0000238408164592,1.0013210393885161,1.00112005631729,ID
2024-05-04,2.989950214268046,-15.27563726077263,0.8787698670974148,1.000085481228153,0.9999446884042866,0.9996800899108852,ID
2024-05-05,0.010530939158971856,-11.655055350004684,0.9157181055070976,0.9994774636873565,1.0010567584818044,1.0009954763445235,ID
2024-05-06,0,-8.1607881160753,0.9705474746026694,0.9994703702867574,0.9998886263565102,1.0000651961613325,ID
2024-05-07,0,-11.072694198675432,1.2331843388798454,0.99948368492602635,0.99987965891151,1.000090451031961,ID
2024-05-08,2.864080408003073,-5.664852392427276,0.36863736762640004,1.0000711620500116,1.0016204998878244,1.001970707852916,ID
2024-05-09,4.687819498163874,-6.099916355136943,0.2183949448722757,0.9995127181856095,0.9994833917724025,0.9993047713760809,ID
2024-05-10,0,-19.43847770576511,1.8224283907575998,0.9994495656241694,0.9996645194779641,0.999677982747037,ID
2024-05-11,10.538698873318557,-9.777966757469132,0.11023329548532602,0.9999011999459566,0.9992816509388596,1.0000471975742091,ID
2024-05-12,8.856978903029692,-8.937692805331556,0.10265617324069949,0.9999171381251926,0.9997142866490785,0.9995450605900256,ID
2024-05-13,7.000160156602957,-11.959122962821093,0.2864532048612734,0.9993461363725701,0.9998621991605646,1.0001759214673633,ID
2024-05-14,10.237635813385364,-8.457696038652239,0.11467367553286169,1.0003542797127396,0.9997303999221645,0.9999740443300217,ID
2024-05-15,10.255050187616956,-10.66475853348446,0.0978408311634889,0.9993570589766151,0.9997394766593196,0.9993783493522648,ID
2024-05-16,11.159560710129426,-11.053365018408632,0.11228179341187186,0.9990957803886713,0.9993216186256453,0.999585655273286,ID
2024-05-17,5.909522327597951,-6.092955857994883,0.14858056421166865,0.9993306529013002,1.0000962278626857,0.9999228999906944,ID
2024-05-18,4.17899004746304,-4.957565140386867,0.21442072996132822,0.9993745989412689,1.0002855920287532,1.0000274915226572,ID
2024-05-19,4.5592028732680765,-6.03493490426621,0.2588085628541495,0.9995459495142142,0.9997099257423878,0.9999083210808389,ID
2024-05-20,0,-7.769339608275413,0.8977419530647316,0.9999615981812678,1.0000997193316918,1.0003256345863871,ID
2024-05-21,0.04367211743736781,-15.036334927727296,1.4300583155924886,1.0002496658007631,0.9996440986441747,0.9998701636438032,ID
2024-05-22,0.01643697687617227,-12.628650296998652,1.0250508825787479,0.9998812609098179,1.0006580023859888,1.0007901891897988,ID
2024-05-23,2.901887535764905,-15.37258513994921,1.048820383192481,0.9990376861402602,0.9994257746107594,0.9997516249705618,ID
2024-05-24,8.21633680926744,-21.374731375695784,1.1031959512938951,0.99915208539850775,0.9994139492134506,0.999383027655186,ID
2024-05-25,9.837095160911867,-16.056438771607713,0.6070095786770463,0.9992050391436444,0.9993296675299638,0.9994096228159394,ID
2024-05-26,9.545466292150296,-13.667455743964002,0.42946892597884523,0.9992289557635635,1.0004766616043232,1.0002799924129557,ID
2024-05-27,8.540490813503775,-11.428554518357247,0.2776482444226292,0.9997771003157427,0.9997854974572428,0.9997235286634295,ID
2024-05-28,7.051513791138223,-11.991287008163052,0.33339646693377817,0.9995542544087891,0.9999515141701099,1.0000086512227526,ID
2024-05-29,7.746448769016916,-9.839526905005432,0.19127995170488968,0.9995062616387049,0.9998505735416022,1.0000525519650258,ID
2024-05-30,9.343646638398729,-10.925058532825581,0.20141103741674132,0.9996384452462158,1.0002286759064252,1.0008964358327648,ID
2024-05-31,11.350524890440568,-14.245351484505909,0.24842568051083186,0.9993289230760688,0.9992013878802039,0.9992637072609971,ID
2024-06-01,11.702303715017019,-15.004253646042873,0.3273476078427059,0.9998647207008855,0.9995662625176441,0.9997779349305275,ID
2024-06-02,9.155233652980709,-17.349823803443098,0.41783828753001523,0.9994525005551776,0.9996199921977676,0.9994715960537278,ID
2024-06-03,10.723807794874546,-22.15998756894408,0.929966200233388,0.999319311846626,0.9994018106722182,0.9992472986057678,ID
2024-06-04,8.473848121664645,-24.921968269304536,1.3075798832705312,1.000107092149718,1.0002179136855114,0.9999501573098333,ID
2024-06-05,6.710341394431363,-23.185533390048864,1.2722174008440477,0.9996702687075164,1.0005326478485137,1.000577010886897,ID
2024-06-06,4.859696572357076,-19.558900689267738,1.2525652436372534,0.9993214058553613,0.9994360558758465,0.999720279547986,ID
2024-06-07,1.8837876747496323,-14.500018109746486,1.1037475751644517,0.9999635203168934,0.9998482030346239,0.9997286547928055,ID
2024-06-08,0,-10.94388178617003,1.0487756387628002,0.9997167431756383,1.0001012012195956,0.9999485820446753,ID
2024-06-09,0,-11.018205446428976,1.0927571846163133,0.9997868162118297,0.9999809201632593,1.0000821553430048,ID
2024-06-10,0,-8.286066050321633,0.9052336660773826,0.9999169997408341,1.0002004967027367,1.000139150968907,ID
2024-06-11,3.071100970524111,-6.001870149965266,0.33375360814203026,0.9993407158308887,1.0005082673689885,1.000243747860453,ID
2024-06-12,6.482299149363195,-8.42051784394458,0.151118926031242,0.9992817435442776,0.9993519620970874,0.9998762182509303,ID
2024-06-13,12.402097238326345,-12.609954121764659,0.08088436597105729,0.9999600774208882,0.9995297046832033,0.9996213372978859,ID
2024-06-14,14.711504902310056,-15.522562466152598,0.09145611676722175,0.9994314825127784,0.999497383763457,0.999573202616853,ID
2024-06-15,15.468729885007097,-17.22747779419146,0.17498373555168031,0.9994134470398193,1.0001752542474736,1.0002537406282832,ID
2024-06-16,16.442181107451514,-20.135612758686932,0.4053612469398633,0.9994724894132986,1.0014073117541682,1.0017890373515896,ID
2024-06-17,NA,NA,NA,NA,NA,NA,ID
